HGVS,HGVS_transcript,Gene,Observed_pathogenicity,clinical_group,gnomad_group,allele_frequency,log10_af
HBB:c.1A>C,NM_000518.4:c.1A>C,HBB,P/LP,P/LP,Overall,1.26119e-6,-5.895789532227597
HBB:c.1A>C,NM_000518.4:c.1A>C,HBB,P/LP,P/LP,POPMAX,1.73302e-6,-5.758697629619895
HBB:c.1A>C,NM_000518.4:c.1A>C,HBB,P/LP,P/LP,AFR,0,-8
HBB:c.1A>C,NM_000518.4:c.1A>C,HBB,P/LP,P/LP,AMR,0,-8
HBB:c.1A>C,NM_000518.4:c.1A>C,HBB,P/LP,P/LP,EAS,0,-8
HBB:c.1A>C,NM_000518.4:c.1A>C,HBB,P/LP,P/LP,NFE,1.73302e-6,-5.758697629619895
HBB:c.1A>C,NM_000518.4:c.1A>C,HBB,P/LP,P/LP,SAS,0,-8
HBB:c.1A>C,NM_000518.4:c.1A>C,HBB,P/LP,P/LP,FIN,0,-8
HBB:c.1A>C,NM_000518.4:c.1A>C,HBB,P/LP,P/LP,ASJ,0,-8
HBB:c.1A>C,NM_000518.4:c.1A>C,HBB,P/LP,P/LP,MID,0,-8
HBB:c.2T>C,NM_000518.4:c.2T>C,HBB,P/LP,P/LP,Overall,1.25452e-6,-5.898074297342947
HBB:c.2T>C,NM_000518.4:c.2T>C,HBB,P/LP,P/LP,POPMAX,1.34084e-5,-4.872299266029721
HBB:c.2T>C,NM_000518.4:c.2T>C,HBB,P/LP,P/LP,AFR,1.34084e-5,-4.872299266029721
HBB:c.2T>C,NM_000518.4:c.2T>C,HBB,P/LP,P/LP,AMR,0,-8
HBB:c.2T>C,NM_000518.4:c.2T>C,HBB,P/LP,P/LP,EAS,0,-8
HBB:c.2T>C,NM_000518.4:c.2T>C,HBB,P/LP,P/LP,NFE,0,-8
HBB:c.2T>C,NM_000518.4:c.2T>C,HBB,P/LP,P/LP,SAS,1.10152e-5,-4.957613523573634
HBB:c.2T>C,NM_000518.4:c.2T>C,HBB,P/LP,P/LP,FIN,0,-8
HBB:c.2T>C,NM_000518.4:c.2T>C,HBB,P/LP,P/LP,ASJ,0,-8
HBB:c.2T>C,NM_000518.4:c.2T>C,HBB,P/LP,P/LP,MID,0,-8
HBB:c.2T>G,NM_000518.4:c.2T>G,HBB,P/LP,P/LP,Overall,6.2726e-7,-6.195683340777104
HBB:c.2T>G,NM_000518.4:c.2T>G,HBB,P/LP,P/LP,POPMAX,2.23145e-5,-4.651218259188471
HBB:c.2T>G,NM_000518.4:c.2T>G,HBB,P/LP,P/LP,AFR,0,-8
HBB:c.2T>G,NM_000518.4:c.2T>G,HBB,P/LP,P/LP,AMR,0,-8
HBB:c.2T>G,NM_000518.4:c.2T>G,HBB,P/LP,P/LP,EAS,2.23145e-5,-4.651218259188471
HBB:c.2T>G,NM_000518.4:c.2T>G,HBB,P/LP,P/LP,NFE,0,-8
HBB:c.2T>G,NM_000518.4:c.2T>G,HBB,P/LP,P/LP,SAS,0,-8
HBB:c.2T>G,NM_000518.4:c.2T>G,HBB,P/LP,P/LP,FIN,0,-8
HBB:c.2T>G,NM_000518.4:c.2T>G,HBB,P/LP,P/LP,ASJ,0,-8
HBB:c.2T>G,NM_000518.4:c.2T>G,HBB,P/LP,P/LP,MID,0,-8
HBB:c.2T>A,NM_000518.4:c.2T>A,HBB,P/LP,P/LP,Overall,6.2726e-7,-6.195683340777104
HBB:c.2T>A,NM_000518.4:c.2T>A,HBB,P/LP,P/LP,POPMAX,0,-8
HBB:c.2T>A,NM_000518.4:c.2T>A,HBB,P/LP,P/LP,AFR,0,-8
HBB:c.2T>A,NM_000518.4:c.2T>A,HBB,P/LP,P/LP,AMR,0,-8
HBB:c.2T>A,NM_000518.4:c.2T>A,HBB,P/LP,P/LP,EAS,0,-8
HBB:c.2T>A,NM_000518.4:c.2T>A,HBB,P/LP,P/LP,NFE,0,-8
HBB:c.2T>A,NM_000518.4:c.2T>A,HBB,P/LP,P/LP,SAS,0,-8
HBB:c.2T>A,NM_000518.4:c.2T>A,HBB,P/LP,P/LP,FIN,0,-8
HBB:c.2T>A,NM_000518.4:c.2T>A,HBB,P/LP,P/LP,ASJ,0,-8
HBB:c.2T>A,NM_000518.4:c.2T>A,HBB,P/LP,P/LP,MID,0,-8
HBB:c.19G>T,NM_000518.4:c.19G>T,HBB,P/LP,P/LP,Overall,1.24143e-6,-5.902593438076503
HBB:c.19G>T,NM_000518.4:c.19G>T,HBB,P/LP,P/LP,POPMAX,2.19679e-5,-4.658013806998175
HBB:c.19G>T,NM_000518.4:c.19G>T,HBB,P/LP,P/LP,AFR,0,-8
HBB:c.19G>T,NM_000518.4:c.19G>T,HBB,P/LP,P/LP,AMR,0,-8
HBB:c.19G>T,NM_000518.4:c.19G>T,HBB,P/LP,P/LP,EAS,0,-8
HBB:c.19G>T,NM_000518.4:c.19G>T,HBB,P/LP,P/LP,NFE,0,-8
HBB:c.19G>T,NM_000518.4:c.19G>T,HBB,P/LP,P/LP,SAS,2.19679e-5,-4.658013806998175
HBB:c.19G>T,NM_000518.4:c.19G>T,HBB,P/LP,P/LP,FIN,0,-8
HBB:c.19G>T,NM_000518.4:c.19G>T,HBB,P/LP,P/LP,ASJ,0,-8
HBB:c.19G>T,NM_000518.4:c.19G>T,HBB,P/LP,P/LP,MID,0,-8
HBB:c.47G>A,NM_000518.4:c.47G>A,HBB,P/LP,P/LP,Overall,3.22236e-5,-4.491691187729232
HBB:c.47G>A,NM_000518.4:c.47G>A,HBB,P/LP,P/LP,POPMAX,5.38e-4,-3.2692096520204927
HBB:c.47G>A,NM_000518.4:c.47G>A,HBB,P/LP,P/LP,AFR,1.33294e-5,-4.87486370434371
HBB:c.47G>A,NM_000518.4:c.47G>A,HBB,P/LP,P/LP,AMR,0,-8
HBB:c.47G>A,NM_000518.4:c.47G>A,HBB,P/LP,P/LP,EAS,0,-8
HBB:c.47G>A,NM_000518.4:c.47G>A,HBB,P/LP,P/LP,NFE,0,-8
HBB:c.47G>A,NM_000518.4:c.47G>A,HBB,P/LP,P/LP,SAS,5.38e-4,-3.2692096520204927
HBB:c.47G>A,NM_000518.4:c.47G>A,HBB,P/LP,P/LP,FIN,0,-8
HBB:c.47G>A,NM_000518.4:c.47G>A,HBB,P/LP,P/LP,ASJ,0,-8
HBB:c.47G>A,NM_000518.4:c.47G>A,HBB,P/LP,P/LP,MID,0,-8
HBB:c.48G>A,NM_000518.4:c.48G>A,HBB,P/LP,P/LP,Overall,2.47859e-6,-5.604046648351109
HBB:c.48G>A,NM_000518.4:c.48G>A,HBB,P/LP,P/LP,POPMAX,1.33486e-5,-4.874239054145939
HBB:c.48G>A,NM_000518.4:c.48G>A,HBB,P/LP,P/LP,AFR,1.33486e-5,-4.874239054145939
HBB:c.48G>A,NM_000518.4:c.48G>A,HBB,P/LP,P/LP,AMR,0,-8
HBB:c.48G>A,NM_000518.4:c.48G>A,HBB,P/LP,P/LP,EAS,0,-8
HBB:c.48G>A,NM_000518.4:c.48G>A,HBB,P/LP,P/LP,NFE,0,-8
HBB:c.48G>A,NM_000518.4:c.48G>A,HBB,P/LP,P/LP,SAS,0,-8
HBB:c.48G>A,NM_000518.4:c.48G>A,HBB,P/LP,P/LP,FIN,0,-8
HBB:c.48G>A,NM_000518.4:c.48G>A,HBB,P/LP,P/LP,ASJ,0,-8
HBB:c.48G>A,NM_000518.4:c.48G>A,HBB,P/LP,P/LP,MID,0,-8
HBB:c.52A>T,NM_000518.4:c.52A>T,HBB,P/LP,P/LP,Overall,1.17719e-5,-4.928784667700221
HBB:c.52A>T,NM_000518.4:c.52A>T,HBB,P/LP,P/LP,POPMAX,4.01105e-4,-3.3967310969427578
HBB:c.52A>T,NM_000518.4:c.52A>T,HBB,P/LP,P/LP,AFR,0,-8
HBB:c.52A>T,NM_000518.4:c.52A>T,HBB,P/LP,P/LP,AMR,0,-8
HBB:c.52A>T,NM_000518.4:c.52A>T,HBB,P/LP,P/LP,EAS,4.01105e-4,-3.3967310969427578
HBB:c.52A>T,NM_000518.4:c.52A>T,HBB,P/LP,P/LP,NFE,0,-8
HBB:c.52A>T,NM_000518.4:c.52A>T,HBB,P/LP,P/LP,SAS,0,-8
HBB:c.52A>T,NM_000518.4:c.52A>T,HBB,P/LP,P/LP,FIN,0,-8
HBB:c.52A>T,NM_000518.4:c.52A>T,HBB,P/LP,P/LP,ASJ,0,-8
HBB:c.52A>T,NM_000518.4:c.52A>T,HBB,P/LP,P/LP,MID,0,-8
HBB:c.67G>T,NM_000518.4:c.67G>T,HBB,P/LP,P/LP,Overall,6.19622e-7,-6.200920105439851
HBB:c.67G>T,NM_000518.4:c.67G>T,HBB,P/LP,P/LP,POPMAX,1.33248e-5,-4.875013493625979
HBB:c.67G>T,NM_000518.4:c.67G>T,HBB,P/LP,P/LP,AFR,1.33248e-5,-4.875013493625979
HBB:c.67G>T,NM_000518.4:c.67G>T,HBB,P/LP,P/LP,AMR,0,-8
HBB:c.67G>T,NM_000518.4:c.67G>T,HBB,P/LP,P/LP,EAS,0,-8
HBB:c.67G>T,NM_000518.4:c.67G>T,HBB,P/LP,P/LP,NFE,0,-8
HBB:c.67G>T,NM_000518.4:c.67G>T,HBB,P/LP,P/LP,SAS,0,-8
HBB:c.67G>T,NM_000518.4:c.67G>T,HBB,P/LP,P/LP,FIN,0,-8
HBB:c.67G>T,NM_000518.4:c.67G>T,HBB,P/LP,P/LP,ASJ,0,-8
HBB:c.67G>T,NM_000518.4:c.67G>T,HBB,P/LP,P/LP,MID,0,-8
HBB:c.79G>A,NM_000518.4:c.79G>A,HBB,P/LP,P/LP,Overall,2.23706e-4,-3.6503029543780183
HBB:c.79G>A,NM_000518.4:c.79G>A,HBB,P/LP,P/LP,POPMAX,0.00258015,-2.588353361880741
HBB:c.79G>A,NM_000518.4:c.79G>A,HBB,P/LP,P/LP,AFR,6.66382e-5,-4.176211575291736
HBB:c.79G>A,NM_000518.4:c.79G>A,HBB,P/LP,P/LP,AMR,3.332e-5,-4.47716468633947
HBB:c.79G>A,NM_000518.4:c.79G>A,HBB,P/LP,P/LP,EAS,8.46891e-4,-3.0721673543288066
HBB:c.79G>A,NM_000518.4:c.79G>A,HBB,P/LP,P/LP,NFE,6.78194e-6,-5.168006159304741
HBB:c.79G>A,NM_000518.4:c.79G>A,HBB,P/LP,P/LP,SAS,0.00258015,-2.588353361880741
HBB:c.79G>A,NM_000518.4:c.79G>A,HBB,P/LP,P/LP,FIN,0,-8
HBB:c.79G>A,NM_000518.4:c.79G>A,HBB,P/LP,P/LP,ASJ,0,-8
HBB:c.79G>A,NM_000518.4:c.79G>A,HBB,P/LP,P/LP,MID,4.95213e-4,-3.3051991932667706
HBB:c.82G>T,NM_000518.4:c.82G>T,HBB,P/LP,P/LP,Overall,2.47923e-6,-5.603934973573818
HBB:c.82G>T,NM_000518.4:c.82G>T,HBB,P/LP,P/LP,POPMAX,2.66994e-5,-4.573335867860916
HBB:c.82G>T,NM_000518.4:c.82G>T,HBB,P/LP,P/LP,AFR,2.66994e-5,-4.573335867860916
HBB:c.82G>T,NM_000518.4:c.82G>T,HBB,P/LP,P/LP,AMR,0,-8
HBB:c.82G>T,NM_000518.4:c.82G>T,HBB,P/LP,P/LP,EAS,0,-8
HBB:c.82G>T,NM_000518.4:c.82G>T,HBB,P/LP,P/LP,NFE,1.69578e-6,-5.768076981929993
HBB:c.82G>T,NM_000518.4:c.82G>T,HBB,P/LP,P/LP,SAS,0,-8
HBB:c.82G>T,NM_000518.4:c.82G>T,HBB,P/LP,P/LP,FIN,0,-8
HBB:c.82G>T,NM_000518.4:c.82G>T,HBB,P/LP,P/LP,ASJ,0,-8
HBB:c.82G>T,NM_000518.4:c.82G>T,HBB,P/LP,P/LP,MID,0,-8
HBB:c.92G>A,NM_000518.4:c.92G>A,HBB,P/LP,P/LP,Overall,4.34014e-6,-5.361496765976609
HBB:c.92G>A,NM_000518.4:c.92G>A,HBB,P/LP,P/LP,POPMAX,6.58892e-5,-4.181119857601656
HBB:c.92G>A,NM_000518.4:c.92G>A,HBB,P/LP,P/LP,AFR,0,-8
HBB:c.92G>A,NM_000518.4:c.92G>A,HBB,P/LP,P/LP,AMR,0,-8
HBB:c.92G>A,NM_000518.4:c.92G>A,HBB,P/LP,P/LP,EAS,0,-8
HBB:c.92G>A,NM_000518.4:c.92G>A,HBB,P/LP,P/LP,NFE,0,-8
HBB:c.92G>A,NM_000518.4:c.92G>A,HBB,P/LP,P/LP,SAS,6.58892e-5,-4.181119857601656
HBB:c.92G>A,NM_000518.4:c.92G>A,HBB,P/LP,P/LP,FIN,0,-8
HBB:c.92G>A,NM_000518.4:c.92G>A,HBB,P/LP,P/LP,ASJ,0,-8
HBB:c.92G>A,NM_000518.4:c.92G>A,HBB,P/LP,P/LP,MID,0,-8
HBB:c.92G>C,NM_000518.4:c.92G>C,HBB,P/LP,P/LP,Overall,4.21645e-5,-4.374950057488763
HBB:c.92G>C,NM_000518.4:c.92G>C,HBB,P/LP,P/LP,POPMAX,6.58863e-4,-3.1811982890699584
HBB:c.92G>C,NM_000518.4:c.92G>C,HBB,P/LP,P/LP,AFR,1.33497e-5,-4.874203294091567
HBB:c.92G>C,NM_000518.4:c.92G>C,HBB,P/LP,P/LP,AMR,0,-8
HBB:c.92G>C,NM_000518.4:c.92G>C,HBB,P/LP,P/LP,EAS,0,-8
HBB:c.92G>C,NM_000518.4:c.92G>C,HBB,P/LP,P/LP,NFE,3.39328e-6,-5.468102318476197
HBB:c.92G>C,NM_000518.4:c.92G>C,HBB,P/LP,P/LP,SAS,6.58863e-4,-3.1811982890699584
HBB:c.92G>C,NM_000518.4:c.92G>C,HBB,P/LP,P/LP,FIN,0,-8
HBB:c.92G>C,NM_000518.4:c.92G>C,HBB,P/LP,P/LP,ASJ,0,-8
HBB:c.92G>C,NM_000518.4:c.92G>C,HBB,P/LP,P/LP,MID,1.64528e-4,-3.783733785954358
HBB:c.93G>C,NM_000518.4:c.93G>C,HBB,P/LP,P/LP,Overall,1.23926e-6,-5.9033471654575695
HBB:c.93G>C,NM_000518.4:c.93G>C,HBB,P/LP,P/LP,POPMAX,2.19592e-5,-4.6581857574587024
HBB:c.93G>C,NM_000518.4:c.93G>C,HBB,P/LP,P/LP,AFR,0,-8
HBB:c.93G>C,NM_000518.4:c.93G>C,HBB,P/LP,P/LP,AMR,0,-8
HBB:c.93G>C,NM_000518.4:c.93G>C,HBB,P/LP,P/LP,EAS,0,-8
HBB:c.93G>C,NM_000518.4:c.93G>C,HBB,P/LP,P/LP,NFE,0,-8
HBB:c.93G>C,NM_000518.4:c.93G>C,HBB,P/LP,P/LP,SAS,2.19592e-5,-4.6581857574587024
HBB:c.93G>C,NM_000518.4:c.93G>C,HBB,P/LP,P/LP,FIN,0,-8
HBB:c.93G>C,NM_000518.4:c.93G>C,HBB,P/LP,P/LP,ASJ,0,-8
HBB:c.93G>C,NM_000518.4:c.93G>C,HBB,P/LP,P/LP,MID,0,-8
HBB:c.108C>A,NM_000518.4:c.108C>A,HBB,P/LP,P/LP,Overall,3.09762e-6,-5.507572092185399
HBB:c.108C>A,NM_000518.4:c.108C>A,HBB,P/LP,P/LP,POPMAX,4.23729e-6,-5.371888084877003
HBB:c.108C>A,NM_000518.4:c.108C>A,HBB,P/LP,P/LP,AFR,0,-8
HBB:c.108C>A,NM_000518.4:c.108C>A,HBB,P/LP,P/LP,AMR,0,-8
HBB:c.108C>A,NM_000518.4:c.108C>A,HBB,P/LP,P/LP,EAS,0,-8
HBB:c.108C>A,NM_000518.4:c.108C>A,HBB,P/LP,P/LP,NFE,4.23729e-6,-5.371888084877003
HBB:c.108C>A,NM_000518.4:c.108C>A,HBB,P/LP,P/LP,SAS,0,-8
HBB:c.108C>A,NM_000518.4:c.108C>A,HBB,P/LP,P/LP,FIN,0,-8
HBB:c.108C>A,NM_000518.4:c.108C>A,HBB,P/LP,P/LP,ASJ,0,-8
HBB:c.108C>A,NM_000518.4:c.108C>A,HBB,P/LP,P/LP,MID,0,-8
HBB:c.114G>A,NM_000518.4:c.114G>A,HBB,P/LP,P/LP,Overall,1.23907e-6,-5.9034132223449465
HBB:c.114G>A,NM_000518.4:c.114G>A,HBB,P/LP,P/LP,POPMAX,1.64962e-4,-3.782589760497539
HBB:c.114G>A,NM_000518.4:c.114G>A,HBB,P/LP,P/LP,AFR,1.33287e-5,-4.8748864950325075
HBB:c.114G>A,NM_000518.4:c.114G>A,HBB,P/LP,P/LP,AMR,0,-8
HBB:c.114G>A,NM_000518.4:c.114G>A,HBB,P/LP,P/LP,EAS,0,-8
HBB:c.114G>A,NM_000518.4:c.114G>A,HBB,P/LP,P/LP,NFE,0,-8
HBB:c.114G>A,NM_000518.4:c.114G>A,HBB,P/LP,P/LP,SAS,0,-8
HBB:c.114G>A,NM_000518.4:c.114G>A,HBB,P/LP,P/LP,FIN,0,-8
HBB:c.114G>A,NM_000518.4:c.114G>A,HBB,P/LP,P/LP,ASJ,0,-8
HBB:c.114G>A,NM_000518.4:c.114G>A,HBB,P/LP,P/LP,MID,1.64962e-4,-3.782589760497539
HBB:c.118C>T,NM_000518.4:c.118C>T,HBB,P/LP,P/LP,Overall,1.5736e-4,-3.803078055180541
HBB:c.118C>T,NM_000518.4:c.118C>T,HBB,P/LP,P/LP,POPMAX,6.59848e-4,-3.1805495136271604
HBB:c.118C>T,NM_000518.4:c.118C>T,HBB,P/LP,P/LP,AFR,2.66581e-5,-4.574007925026646
HBB:c.118C>T,NM_000518.4:c.118C>T,HBB,P/LP,P/LP,AMR,2.33287e-4,-3.632090845826147
HBB:c.118C>T,NM_000518.4:c.118C>T,HBB,P/LP,P/LP,EAS,0,-8
HBB:c.118C>T,NM_000518.4:c.118C>T,HBB,P/LP,P/LP,NFE,1.83048e-4,-3.737411286831967
HBB:c.118C>T,NM_000518.4:c.118C>T,HBB,P/LP,P/LP,SAS,0,-8
HBB:c.118C>T,NM_000518.4:c.118C>T,HBB,P/LP,P/LP,FIN,0,-8
HBB:c.118C>T,NM_000518.4:c.118C>T,HBB,P/LP,P/LP,ASJ,0,-8
HBB:c.118C>T,NM_000518.4:c.118C>T,HBB,P/LP,P/LP,MID,6.59848e-4,-3.1805495136271604
HBB:c.332T>C,NM_000518.4:c.332T>C,HBB,P/LP,P/LP,Overall,1.23912e-6,-5.903395837979388
HBB:c.332T>C,NM_000518.4:c.332T>C,HBB,P/LP,P/LP,POPMAX,2.6688e-5,-4.573521271275756
HBB:c.332T>C,NM_000518.4:c.332T>C,HBB,P/LP,P/LP,AFR,2.6688e-5,-4.573521271275756
HBB:c.332T>C,NM_000518.4:c.332T>C,HBB,P/LP,P/LP,AMR,0,-8
HBB:c.332T>C,NM_000518.4:c.332T>C,HBB,P/LP,P/LP,EAS,0,-8
HBB:c.332T>C,NM_000518.4:c.332T>C,HBB,P/LP,P/LP,NFE,0,-8
HBB:c.332T>C,NM_000518.4:c.332T>C,HBB,P/LP,P/LP,SAS,0,-8
HBB:c.332T>C,NM_000518.4:c.332T>C,HBB,P/LP,P/LP,FIN,0,-8
HBB:c.332T>C,NM_000518.4:c.332T>C,HBB,P/LP,P/LP,ASJ,0,-8
HBB:c.332T>C,NM_000518.4:c.332T>C,HBB,P/LP,P/LP,MID,0,-8
HBB:c.364G>T,NM_000518.4:c.364G>T,HBB,P/LP,P/LP,Overall,1.23908e-6,-5.903409745416164
HBB:c.364G>T,NM_000518.4:c.364G>T,HBB,P/LP,P/LP,POPMAX,1.69495e-6,-5.768288352766791
HBB:c.364G>T,NM_000518.4:c.364G>T,HBB,P/LP,P/LP,AFR,0,-8
HBB:c.364G>T,NM_000518.4:c.364G>T,HBB,P/LP,P/LP,AMR,0,-8
HBB:c.364G>T,NM_000518.4:c.364G>T,HBB,P/LP,P/LP,EAS,0,-8
HBB:c.364G>T,NM_000518.4:c.364G>T,HBB,P/LP,P/LP,NFE,1.69495e-6,-5.768288352766791
HBB:c.364G>T,NM_000518.4:c.364G>T,HBB,P/LP,P/LP,SAS,0,-8
HBB:c.364G>T,NM_000518.4:c.364G>T,HBB,P/LP,P/LP,FIN,0,-8
HBB:c.364G>T,NM_000518.4:c.364G>T,HBB,P/LP,P/LP,ASJ,0,-8
HBB:c.364G>T,NM_000518.4:c.364G>T,HBB,P/LP,P/LP,MID,0,-8
HBB:c.382C>T,NM_000518.4:c.382C>T,HBB,P/LP,P/LP,Overall,6.19631e-7,-6.200913897552575
HBB:c.382C>T,NM_000518.4:c.382C>T,HBB,P/LP,P/LP,POPMAX,1.66656e-5,-4.777918530904594
HBB:c.382C>T,NM_000518.4:c.382C>T,HBB,P/LP,P/LP,AFR,0,-8
HBB:c.382C>T,NM_000518.4:c.382C>T,HBB,P/LP,P/LP,AMR,1.66656e-5,-4.777918530904594
HBB:c.382C>T,NM_000518.4:c.382C>T,HBB,P/LP,P/LP,EAS,0,-8
HBB:c.382C>T,NM_000518.4:c.382C>T,HBB,P/LP,P/LP,NFE,0,-8
HBB:c.382C>T,NM_000518.4:c.382C>T,HBB,P/LP,P/LP,SAS,0,-8
HBB:c.382C>T,NM_000518.4:c.382C>T,HBB,P/LP,P/LP,FIN,0,-8
HBB:c.382C>T,NM_000518.4:c.382C>T,HBB,P/LP,P/LP,ASJ,0,-8
HBB:c.382C>T,NM_000518.4:c.382C>T,HBB,P/LP,P/LP,MID,0,-8
HBA2:c.2T>C,NM_000517.4:c.2T>C,HBA2,P/LP,P/LP,Overall,1.47438e-5,-4.831096108059766
HBA2:c.2T>C,NM_000517.4:c.2T>C,HBA2,P/LP,P/LP,POPMAX,2.54664e-5,-4.593861940959677
HBA2:c.2T>C,NM_000517.4:c.2T>C,HBA2,P/LP,P/LP,AFR,0,-8
HBA2:c.2T>C,NM_000517.4:c.2T>C,HBA2,P/LP,P/LP,AMR,0,-8
HBA2:c.2T>C,NM_000517.4:c.2T>C,HBA2,P/LP,P/LP,EAS,0,-8
HBA2:c.2T>C,NM_000517.4:c.2T>C,HBA2,P/LP,P/LP,NFE,2.54664e-5,-4.593861940959677
HBA2:c.2T>C,NM_000517.4:c.2T>C,HBA2,P/LP,P/LP,SAS,0,-8
HBA2:c.2T>C,NM_000517.4:c.2T>C,HBA2,P/LP,P/LP,FIN,0,-8
HBA2:c.2T>C,NM_000517.4:c.2T>C,HBA2,P/LP,P/LP,ASJ,0,-8
HBA2:c.2T>C,NM_000517.4:c.2T>C,HBA2,P/LP,P/LP,MID,0,-8
HBA2:c.64G>T,NM_000517.4:c.64G>T,HBA2,P/LP,P/LP,Overall,2.40059e-6,-5.617876649381675
HBA2:c.64G>T,NM_000517.4:c.64G>T,HBA2,P/LP,P/LP,POPMAX,4.01765e-6,-5.394948276368905
HBA2:c.64G>T,NM_000517.4:c.64G>T,HBA2,P/LP,P/LP,AFR,0,-8
HBA2:c.64G>T,NM_000517.4:c.64G>T,HBA2,P/LP,P/LP,AMR,0,-8
HBA2:c.64G>T,NM_000517.4:c.64G>T,HBA2,P/LP,P/LP,EAS,0,-8
HBA2:c.64G>T,NM_000517.4:c.64G>T,HBA2,P/LP,P/LP,NFE,4.01765e-6,-5.394948276368905
HBA2:c.64G>T,NM_000517.4:c.64G>T,HBA2,P/LP,P/LP,SAS,0,-8
HBA2:c.64G>T,NM_000517.4:c.64G>T,HBA2,P/LP,P/LP,FIN,0,-8
HBA2:c.64G>T,NM_000517.4:c.64G>T,HBA2,P/LP,P/LP,ASJ,0,-8
HBA2:c.64G>T,NM_000517.4:c.64G>T,HBA2,P/LP,P/LP,MID,0,-8
HBA2:c.89T>C,NM_000517.4:c.89T>C,HBA2,P/LP,P/LP,Overall,2.23772e-6,-5.648257790090819
HBA2:c.89T>C,NM_000517.4:c.89T>C,HBA2,P/LP,P/LP,POPMAX,3.75739e-6,-5.423959419329304
HBA2:c.89T>C,NM_000517.4:c.89T>C,HBA2,P/LP,P/LP,AFR,0,-8
HBA2:c.89T>C,NM_000517.4:c.89T>C,HBA2,P/LP,P/LP,AMR,0,-8
HBA2:c.89T>C,NM_000517.4:c.89T>C,HBA2,P/LP,P/LP,EAS,0,-8
HBA2:c.89T>C,NM_000517.4:c.89T>C,HBA2,P/LP,P/LP,NFE,3.75739e-6,-5.423959419329304
HBA2:c.89T>C,NM_000517.4:c.89T>C,HBA2,P/LP,P/LP,SAS,0,-8
HBA2:c.89T>C,NM_000517.4:c.89T>C,HBA2,P/LP,P/LP,FIN,0,-8
HBA2:c.89T>C,NM_000517.4:c.89T>C,HBA2,P/LP,P/LP,ASJ,0,-8
HBA2:c.89T>C,NM_000517.4:c.89T>C,HBA2,P/LP,P/LP,MID,0,-8
HBA2:c.99G>A,NM_000517.4:c.99G>A,HBA2,P/LP,P/LP,Overall,8.95004e-6,-5.047690051527551
HBA2:c.99G>A,NM_000517.4:c.99G>A,HBA2,P/LP,P/LP,POPMAX,9.66422e-6,-5.014384040608963
HBA2:c.99G>A,NM_000517.4:c.99G>A,HBA2,P/LP,P/LP,AFR,0,-8
HBA2:c.99G>A,NM_000517.4:c.99G>A,HBA2,P/LP,P/LP,AMR,0,-8
HBA2:c.99G>A,NM_000517.4:c.99G>A,HBA2,P/LP,P/LP,EAS,0,-8
HBA2:c.99G>A,NM_000517.4:c.99G>A,HBA2,P/LP,P/LP,NFE,9.66422e-6,-5.014384040608963
HBA2:c.99G>A,NM_000517.4:c.99G>A,HBA2,P/LP,P/LP,SAS,0,-8
HBA2:c.99G>A,NM_000517.4:c.99G>A,HBA2,P/LP,P/LP,FIN,0,-8
HBA2:c.99G>A,NM_000517.4:c.99G>A,HBA2,P/LP,P/LP,ASJ,0,-8
HBA2:c.99G>A,NM_000517.4:c.99G>A,HBA2,P/LP,P/LP,MID,0,-8
HBA2:c.179G>A,NM_000517.4:c.179G>A,HBA2,P/LP,P/LP,Overall,8.74141e-7,-6.053478469558346
HBA2:c.179G>A,NM_000517.4:c.179G>A,HBA2,P/LP,P/LP,POPMAX,2.6024e-5,-4.584459099487145
HBA2:c.179G>A,NM_000517.4:c.179G>A,HBA2,P/LP,P/LP,AFR,0,-8
HBA2:c.179G>A,NM_000517.4:c.179G>A,HBA2,P/LP,P/LP,AMR,0,-8
HBA2:c.179G>A,NM_000517.4:c.179G>A,HBA2,P/LP,P/LP,EAS,2.6024e-5,-4.584459099487145
HBA2:c.179G>A,NM_000517.4:c.179G>A,HBA2,P/LP,P/LP,NFE,0,-8
HBA2:c.179G>A,NM_000517.4:c.179G>A,HBA2,P/LP,P/LP,SAS,0,-8
HBA2:c.179G>A,NM_000517.4:c.179G>A,HBA2,P/LP,P/LP,FIN,0,-8
HBA2:c.179G>A,NM_000517.4:c.179G>A,HBA2,P/LP,P/LP,ASJ,0,-8
HBA2:c.179G>A,NM_000517.4:c.179G>A,HBA2,P/LP,P/LP,MID,0,-8
HBA2:c.178G>C,NM_000517.4:c.178G>C,HBA2,P/LP,P/LP,Overall,7.02833e-6,-5.152530374639335
HBA2:c.178G>C,NM_000517.4:c.178G>C,HBA2,P/LP,P/LP,POPMAX,9.46893e-5,-4.023653231210675
HBA2:c.178G>C,NM_000517.4:c.178G>C,HBA2,P/LP,P/LP,AFR,0,-8
HBA2:c.178G>C,NM_000517.4:c.178G>C,HBA2,P/LP,P/LP,AMR,0,-8
HBA2:c.178G>C,NM_000517.4:c.178G>C,HBA2,P/LP,P/LP,EAS,2.60539e-5,-4.583960599300586
HBA2:c.178G>C,NM_000517.4:c.178G>C,HBA2,P/LP,P/LP,NFE,0,-8
HBA2:c.178G>C,NM_000517.4:c.178G>C,HBA2,P/LP,P/LP,SAS,9.46893e-5,-4.023653231210675
HBA2:c.178G>C,NM_000517.4:c.178G>C,HBA2,P/LP,P/LP,FIN,0,-8
HBA2:c.178G>C,NM_000517.4:c.178G>C,HBA2,P/LP,P/LP,ASJ,0,-8
HBA2:c.178G>C,NM_000517.4:c.178G>C,HBA2,P/LP,P/LP,MID,0,-8
HBA1:c.313T>A,NM_000558.5:c.313T>A,HBA1,P/LP,P/LP,Overall,6.19817e-7,-6.2007856210787216
HBA1:c.313T>A,NM_000558.5:c.313T>A,HBA1,P/LP,P/LP,POPMAX,1.33237e-5,-4.875049320457662
HBA1:c.313T>A,NM_000558.5:c.313T>A,HBA1,P/LP,P/LP,AFR,1.33237e-5,-4.875049320457662
HBA1:c.313T>A,NM_000558.5:c.313T>A,HBA1,P/LP,P/LP,AMR,0,-8
HBA1:c.313T>A,NM_000558.5:c.313T>A,HBA1,P/LP,P/LP,EAS,0,-8
HBA1:c.313T>A,NM_000558.5:c.313T>A,HBA1,P/LP,P/LP,NFE,0,-8
HBA1:c.313T>A,NM_000558.5:c.313T>A,HBA1,P/LP,P/LP,SAS,0,-8
HBA1:c.313T>A,NM_000558.5:c.313T>A,HBA1,P/LP,P/LP,FIN,0,-8
HBA1:c.313T>A,NM_000558.5:c.313T>A,HBA1,P/LP,P/LP,ASJ,0,-8
HBA1:c.313T>A,NM_000558.5:c.313T>A,HBA1,P/LP,P/LP,MID,0,-8
HBA2:c.314G>A,NM_000517.4:c.314G>A,HBA2,P/LP,P/LP,Overall,5.60353e-6,-5.250763952042031
HBA2:c.314G>A,NM_000517.4:c.314G>A,HBA2,P/LP,P/LP,POPMAX,1.00147e-4,-3.9993186923500805
HBA2:c.314G>A,NM_000517.4:c.314G>A,HBA2,P/LP,P/LP,AFR,0,-8
HBA2:c.314G>A,NM_000517.4:c.314G>A,HBA2,P/LP,P/LP,AMR,0,-8
HBA2:c.314G>A,NM_000517.4:c.314G>A,HBA2,P/LP,P/LP,EAS,0,-8
HBA2:c.314G>A,NM_000517.4:c.314G>A,HBA2,P/LP,P/LP,NFE,0,-8
HBA2:c.314G>A,NM_000517.4:c.314G>A,HBA2,P/LP,P/LP,SAS,1.00147e-4,-3.9993186923500805
HBA2:c.314G>A,NM_000517.4:c.314G>A,HBA2,P/LP,P/LP,FIN,0,-8
HBA2:c.314G>A,NM_000517.4:c.314G>A,HBA2,P/LP,P/LP,ASJ,0,-8
HBA2:c.314G>A,NM_000517.4:c.314G>A,HBA2,P/LP,P/LP,MID,0,-8
HBA2:c.349G>T,NM_000517.4:c.349G>T,HBA2,P/LP,P/LP,Overall,3.11175e-6,-5.505601879610509
HBA2:c.349G>T,NM_000517.4:c.349G>T,HBA2,P/LP,P/LP,POPMAX,2.86443e-5,-4.542810196518764
HBA2:c.349G>T,NM_000517.4:c.349G>T,HBA2,P/LP,P/LP,AFR,2.86443e-5,-4.542810196518764
HBA2:c.349G>T,NM_000517.4:c.349G>T,HBA2,P/LP,P/LP,AMR,0,-8
HBA2:c.349G>T,NM_000517.4:c.349G>T,HBA2,P/LP,P/LP,EAS,0,-8
HBA2:c.349G>T,NM_000517.4:c.349G>T,HBA2,P/LP,P/LP,NFE,2.54279e-6,-5.592984910065457
HBA2:c.349G>T,NM_000517.4:c.349G>T,HBA2,P/LP,P/LP,SAS,0,-8
HBA2:c.349G>T,NM_000517.4:c.349G>T,HBA2,P/LP,P/LP,FIN,0,-8
HBA2:c.349G>T,NM_000517.4:c.349G>T,HBA2,P/LP,P/LP,ASJ,0,-8
HBA2:c.349G>T,NM_000517.4:c.349G>T,HBA2,P/LP,P/LP,MID,0,-8
HBA1:c.358C>T,NM_000558.5:c.358C>T,HBA1,P/LP,P/LP,Overall,3.09947e-5,-4.508572466509415
HBA1:c.358C>T,NM_000558.5:c.358C>T,HBA1,P/LP,P/LP,POPMAX,0.00131492,-2.881097366127002
HBA1:c.358C>T,NM_000558.5:c.358C>T,HBA1,P/LP,P/LP,AFR,0,-8
HBA1:c.358C>T,NM_000558.5:c.358C>T,HBA1,P/LP,P/LP,AMR,1.50165e-4,-3.8234023593806072
HBA1:c.358C>T,NM_000558.5:c.358C>T,HBA1,P/LP,P/LP,EAS,0,-8
HBA1:c.358C>T,NM_000558.5:c.358C>T,HBA1,P/LP,P/LP,NFE,1.94953e-5,-4.709847365662745
HBA1:c.358C>T,NM_000558.5:c.358C>T,HBA1,P/LP,P/LP,SAS,0,-8
HBA1:c.358C>T,NM_000558.5:c.358C>T,HBA1,P/LP,P/LP,FIN,0,-8
HBA1:c.358C>T,NM_000558.5:c.358C>T,HBA1,P/LP,P/LP,ASJ,0,-8
HBA1:c.358C>T,NM_000558.5:c.358C>T,HBA1,P/LP,P/LP,MID,0.00131492,-2.881097366127002
HBA2:c.377T>C,NM_000517.4:c.377T>C,HBA2,P/LP,P/LP,Overall,8.08579e-6,-5.091740765699934
HBA2:c.377T>C,NM_000517.4:c.377T>C,HBA2,P/LP,P/LP,POPMAX,2.45328e-4,-3.6102351794243916
HBA2:c.377T>C,NM_000517.4:c.377T>C,HBA2,P/LP,P/LP,AFR,0,-8
HBA2:c.377T>C,NM_000517.4:c.377T>C,HBA2,P/LP,P/LP,AMR,0,-8
HBA2:c.377T>C,NM_000517.4:c.377T>C,HBA2,P/LP,P/LP,EAS,2.45328e-4,-3.6102351794243916
HBA2:c.377T>C,NM_000517.4:c.377T>C,HBA2,P/LP,P/LP,NFE,0,-8
HBA2:c.377T>C,NM_000517.4:c.377T>C,HBA2,P/LP,P/LP,SAS,0,-8
HBA2:c.377T>C,NM_000517.4:c.377T>C,HBA2,P/LP,P/LP,FIN,0,-8
HBA2:c.377T>C,NM_000517.4:c.377T>C,HBA2,P/LP,P/LP,ASJ,0,-8
HBA2:c.377T>C,NM_000517.4:c.377T>C,HBA2,P/LP,P/LP,MID,0,-8
HBA2:c.377T>G,NM_000517.4:c.377T>G,HBA2,P/LP,P/LP,Overall,3.10992e-6,-5.505856541880272
HBA2:c.377T>G,NM_000517.4:c.377T>G,HBA2,P/LP,P/LP,POPMAX,5.01236e-5,-4.299871108393152
HBA2:c.377T>G,NM_000517.4:c.377T>G,HBA2,P/LP,P/LP,AFR,1.41611e-5,-4.848596437304517
HBA2:c.377T>G,NM_000517.4:c.377T>G,HBA2,P/LP,P/LP,AMR,5.01236e-5,-4.299871108393152
HBA2:c.377T>G,NM_000517.4:c.377T>G,HBA2,P/LP,P/LP,EAS,0,-8
HBA2:c.377T>G,NM_000517.4:c.377T>G,HBA2,P/LP,P/LP,NFE,8.47571e-7,-6.066729913697158
HBA2:c.377T>G,NM_000517.4:c.377T>G,HBA2,P/LP,P/LP,SAS,0,-8
HBA2:c.377T>G,NM_000517.4:c.377T>G,HBA2,P/LP,P/LP,FIN,0,-8
HBA2:c.377T>G,NM_000517.4:c.377T>G,HBA2,P/LP,P/LP,ASJ,0,-8
HBA2:c.377T>G,NM_000517.4:c.377T>G,HBA2,P/LP,P/LP,MID,0,-8
HBA2:c.391G>C,NM_000517.4:c.391G>C,HBA2,P/LP,P/LP,Overall,7.46256e-6,-5.126530589160639
HBA2:c.391G>C,NM_000517.4:c.391G>C,HBA2,P/LP,P/LP,POPMAX,1.11316e-4,-3.9534033950736194
HBA2:c.391G>C,NM_000517.4:c.391G>C,HBA2,P/LP,P/LP,AFR,1.41367e-5,-4.849344856177517
HBA2:c.391G>C,NM_000517.4:c.391G>C,HBA2,P/LP,P/LP,AMR,0,-8
HBA2:c.391G>C,NM_000517.4:c.391G>C,HBA2,P/LP,P/LP,EAS,0,-8
HBA2:c.391G>C,NM_000517.4:c.391G>C,HBA2,P/LP,P/LP,NFE,8.47508e-7,-6.066761819577147
HBA2:c.391G>C,NM_000517.4:c.391G>C,HBA2,P/LP,P/LP,SAS,1.11316e-4,-3.9534033950736194
HBA2:c.391G>C,NM_000517.4:c.391G>C,HBA2,P/LP,P/LP,FIN,0,-8
HBA2:c.391G>C,NM_000517.4:c.391G>C,HBA2,P/LP,P/LP,ASJ,0,-8
HBA2:c.391G>C,NM_000517.4:c.391G>C,HBA2,P/LP,P/LP,MID,0,-8
HBA2:c.427T>C,NM_000517.4:c.427T>C,HBA2,P/LP,P/LP,Overall,2.23844e-5,-4.649860568860278
HBA2:c.427T>C,NM_000517.4:c.427T>C,HBA2,P/LP,P/LP,POPMAX,3.34582e-4,-3.4754844471076063
HBA2:c.427T>C,NM_000517.4:c.427T>C,HBA2,P/LP,P/LP,AFR,1.4071e-5,-4.85136650151065
HBA2:c.427T>C,NM_000517.4:c.427T>C,HBA2,P/LP,P/LP,AMR,0,-8
HBA2:c.427T>C,NM_000517.4:c.427T>C,HBA2,P/LP,P/LP,EAS,3.34582e-4,-3.4754844471076063
HBA2:c.427T>C,NM_000517.4:c.427T>C,HBA2,P/LP,P/LP,NFE,2.54257e-6,-5.593022339271655
HBA2:c.427T>C,NM_000517.4:c.427T>C,HBA2,P/LP,P/LP,SAS,2.22712e-5,-4.652061423043007
HBA2:c.427T>C,NM_000517.4:c.427T>C,HBA2,P/LP,P/LP,FIN,0,-8
HBA2:c.427T>C,NM_000517.4:c.427T>C,HBA2,P/LP,P/LP,ASJ,0,-8
HBA2:c.427T>C,NM_000517.4:c.427T>C,HBA2,P/LP,P/LP,MID,1.66334e-4,-3.7789928594413
HBA2:c.427T>A,NM_000517.4:c.427T>A,HBA2,P/LP,P/LP,Overall,1.86537e-6,-5.726913035613198
HBA2:c.427T>A,NM_000517.4:c.427T>A,HBA2,P/LP,P/LP,POPMAX,2.54257e-6,-5.593022339271655
HBA2:c.427T>A,NM_000517.4:c.427T>A,HBA2,P/LP,P/LP,AFR,0,-8
HBA2:c.427T>A,NM_000517.4:c.427T>A,HBA2,P/LP,P/LP,AMR,0,-8
HBA2:c.427T>A,NM_000517.4:c.427T>A,HBA2,P/LP,P/LP,EAS,0,-8
HBA2:c.427T>A,NM_000517.4:c.427T>A,HBA2,P/LP,P/LP,NFE,2.54257e-6,-5.593022339271655
HBA2:c.427T>A,NM_000517.4:c.427T>A,HBA2,P/LP,P/LP,SAS,0,-8
HBA2:c.427T>A,NM_000517.4:c.427T>A,HBA2,P/LP,P/LP,FIN,0,-8
HBA2:c.427T>A,NM_000517.4:c.427T>A,HBA2,P/LP,P/LP,ASJ,0,-8
HBA2:c.427T>A,NM_000517.4:c.427T>A,HBA2,P/LP,P/LP,MID,0,-8
HBA2:c.428A>C,NM_000517.4:c.428A>C,HBA2,P/LP,P/LP,Overall,1.24368e-6,-5.9018133023962
HBA2:c.428A>C,NM_000517.4:c.428A>C,HBA2,P/LP,P/LP,POPMAX,2.22712e-5,-4.652061423043007
HBA2:c.428A>C,NM_000517.4:c.428A>C,HBA2,P/LP,P/LP,AFR,0,-8
HBA2:c.428A>C,NM_000517.4:c.428A>C,HBA2,P/LP,P/LP,AMR,0,-8
HBA2:c.428A>C,NM_000517.4:c.428A>C,HBA2,P/LP,P/LP,EAS,0,-8
HBA2:c.428A>C,NM_000517.4:c.428A>C,HBA2,P/LP,P/LP,NFE,0,-8
HBA2:c.428A>C,NM_000517.4:c.428A>C,HBA2,P/LP,P/LP,SAS,2.22712e-5,-4.652061423043007
HBA2:c.428A>C,NM_000517.4:c.428A>C,HBA2,P/LP,P/LP,FIN,0,-8
HBA2:c.428A>C,NM_000517.4:c.428A>C,HBA2,P/LP,P/LP,ASJ,0,-8
HBA2:c.428A>C,NM_000517.4:c.428A>C,HBA2,P/LP,P/LP,MID,0,-8
HBA2:c.427T>G,NM_000517.4:c.427T>G,HBA2,P/LP,P/LP,Overall,4.35285e-6,-5.36022971832011
HBA2:c.427T>G,NM_000517.4:c.427T>G,HBA2,P/LP,P/LP,POPMAX,4.22821e-5,-4.373740749571269
HBA2:c.427T>G,NM_000517.4:c.427T>G,HBA2,P/LP,P/LP,AFR,4.22821e-5,-4.373740749571269
HBA2:c.427T>G,NM_000517.4:c.427T>G,HBA2,P/LP,P/LP,AMR,0,-8
HBA2:c.427T>G,NM_000517.4:c.427T>G,HBA2,P/LP,P/LP,EAS,2.22995e-5,-4.651510163005014
HBA2:c.427T>G,NM_000517.4:c.427T>G,HBA2,P/LP,P/LP,NFE,0,-8
HBA2:c.427T>G,NM_000517.4:c.427T>G,HBA2,P/LP,P/LP,SAS,3.34083e-5,-4.4760156465849885
HBA2:c.427T>G,NM_000517.4:c.427T>G,HBA2,P/LP,P/LP,FIN,0,-8
HBA2:c.427T>G,NM_000517.4:c.427T>G,HBA2,P/LP,P/LP,ASJ,0,-8
HBA2:c.427T>G,NM_000517.4:c.427T>G,HBA2,P/LP,P/LP,MID,0,-8
HBA2:c.429A>T,NM_000517.4:c.429A>T,HBA2,P/LP,P/LP,Overall,6.21787e-7,-6.199429314623257
HBA2:c.429A>T,NM_000517.4:c.429A>T,HBA2,P/LP,P/LP,POPMAX,2.23025e-5,-4.651451766543731
HBA2:c.429A>T,NM_000517.4:c.429A>T,HBA2,P/LP,P/LP,AFR,0,-8
HBA2:c.429A>T,NM_000517.4:c.429A>T,HBA2,P/LP,P/LP,AMR,0,-8
HBA2:c.429A>T,NM_000517.4:c.429A>T,HBA2,P/LP,P/LP,EAS,2.23025e-5,-4.651451766543731
HBA2:c.429A>T,NM_000517.4:c.429A>T,HBA2,P/LP,P/LP,NFE,0,-8
HBA2:c.429A>T,NM_000517.4:c.429A>T,HBA2,P/LP,P/LP,SAS,0,-8
HBA2:c.429A>T,NM_000517.4:c.429A>T,HBA2,P/LP,P/LP,FIN,0,-8
HBA2:c.429A>T,NM_000517.4:c.429A>T,HBA2,P/LP,P/LP,ASJ,0,-8
HBA2:c.429A>T,NM_000517.4:c.429A>T,HBA2,P/LP,P/LP,MID,0,-8
HBA1:c.29A>G,NM_000558.5:c.29A>G,HBA1,P/LP,P/LP,Overall,4.03706e-5,-4.393827232327664
HBA1:c.29A>G,NM_000558.5:c.29A>G,HBA1,P/LP,P/LP,POPMAX,7.40636e-4,-3.130389318311728
HBA1:c.29A>G,NM_000558.5:c.29A>G,HBA1,P/LP,P/LP,AFR,2.71061e-5,-4.566772773148489
HBA1:c.29A>G,NM_000558.5:c.29A>G,HBA1,P/LP,P/LP,AMR,7.40636e-4,-3.130389318311728
HBA1:c.29A>G,NM_000558.5:c.29A>G,HBA1,P/LP,P/LP,EAS,0,-8
HBA1:c.29A>G,NM_000558.5:c.29A>G,HBA1,P/LP,P/LP,NFE,6.86824e-6,-5.162522674565591
HBA1:c.29A>G,NM_000558.5:c.29A>G,HBA1,P/LP,P/LP,SAS,0,-8
HBA1:c.29A>G,NM_000558.5:c.29A>G,HBA1,P/LP,P/LP,FIN,0,-8
HBA1:c.29A>G,NM_000558.5:c.29A>G,HBA1,P/LP,P/LP,ASJ,0,-8
HBA1:c.29A>G,NM_000558.5:c.29A>G,HBA1,P/LP,P/LP,MID,5.56586e-4,-3.2544599190658814
HBA2:c.38C>A,NM_000517.4:c.38C>A,HBA2,B/LB,B/LB,Overall,1.8925e-5,-4.722734690543155
HBA2:c.38C>A,NM_000517.4:c.38C>A,HBA2,B/LB,B/LB,POPMAX,1.59854e-4,-3.796249324631535
HBA2:c.38C>A,NM_000517.4:c.38C>A,HBA2,B/LB,B/LB,AFR,0,-8
HBA2:c.38C>A,NM_000517.4:c.38C>A,HBA2,B/LB,B/LB,AMR,0,-8
HBA2:c.38C>A,NM_000517.4:c.38C>A,HBA2,B/LB,B/LB,EAS,0,-8
HBA2:c.38C>A,NM_000517.4:c.38C>A,HBA2,B/LB,B/LB,NFE,0,-8
HBA2:c.38C>A,NM_000517.4:c.38C>A,HBA2,B/LB,B/LB,SAS,1.59854e-4,-3.796249324631535
HBA2:c.38C>A,NM_000517.4:c.38C>A,HBA2,B/LB,B/LB,FIN,0,-8
HBA2:c.38C>A,NM_000517.4:c.38C>A,HBA2,B/LB,B/LB,ASJ,0,-8
HBA2:c.38C>A,NM_000517.4:c.38C>A,HBA2,B/LB,B/LB,MID,0,-8
HBA2:c.49A>G,NM_000517.4:c.49A>G,HBA2,B/LB,B/LB,Overall,1.29045e-5,-4.888922403384931
HBA2:c.49A>G,NM_000517.4:c.49A>G,HBA2,B/LB,B/LB,POPMAX,2.16769e-5,-4.663802523094733
HBA2:c.49A>G,NM_000517.4:c.49A>G,HBA2,B/LB,B/LB,AFR,0,-8
HBA2:c.49A>G,NM_000517.4:c.49A>G,HBA2,B/LB,B/LB,AMR,0,-8
HBA2:c.49A>G,NM_000517.4:c.49A>G,HBA2,B/LB,B/LB,EAS,0,-8
HBA2:c.49A>G,NM_000517.4:c.49A>G,HBA2,B/LB,B/LB,NFE,2.16769e-5,-4.663802523094733
HBA2:c.49A>G,NM_000517.4:c.49A>G,HBA2,B/LB,B/LB,SAS,0,-8
HBA2:c.49A>G,NM_000517.4:c.49A>G,HBA2,B/LB,B/LB,FIN,0,-8
HBA2:c.49A>G,NM_000517.4:c.49A>G,HBA2,B/LB,B/LB,ASJ,0,-8
HBA2:c.49A>G,NM_000517.4:c.49A>G,HBA2,B/LB,B/LB,MID,0,-8
HBA2:c.80C>T,NM_000517.4:c.80C>T,HBA2,VUS,VUS,Overall,2.51902e-5,-4.598596012450531
HBA2:c.80C>T,NM_000517.4:c.80C>T,HBA2,VUS,VUS,POPMAX,2.98033e-4,-3.5257210737911326
HBA2:c.80C>T,NM_000517.4:c.80C>T,HBA2,VUS,VUS,AFR,0,-8
HBA2:c.80C>T,NM_000517.4:c.80C>T,HBA2,VUS,VUS,AMR,2.98033e-4,-3.5257210737911326
HBA2:c.80C>T,NM_000517.4:c.80C>T,HBA2,VUS,VUS,EAS,0,-8
HBA2:c.80C>T,NM_000517.4:c.80C>T,HBA2,VUS,VUS,NFE,3.8375e-6,-5.414821371496483
HBA2:c.80C>T,NM_000517.4:c.80C>T,HBA2,VUS,VUS,SAS,0,-8
HBA2:c.80C>T,NM_000517.4:c.80C>T,HBA2,VUS,VUS,FIN,0,-8
HBA2:c.80C>T,NM_000517.4:c.80C>T,HBA2,VUS,VUS,ASJ,0,-8
HBA2:c.80C>T,NM_000517.4:c.80C>T,HBA2,VUS,VUS,MID,0,-8
HBA2:c.142G>C,NM_000517.4:c.142G>C,HBA2,P/LP,P/LP,Overall,4.14125e-5,-4.382763693384623
HBA2:c.142G>C,NM_000517.4:c.142G>C,HBA2,P/LP,P/LP,POPMAX,0.00117282,-2.9307649336751314
HBA2:c.142G>C,NM_000517.4:c.142G>C,HBA2,P/LP,P/LP,AFR,0,-8
HBA2:c.142G>C,NM_000517.4:c.142G>C,HBA2,P/LP,P/LP,AMR,0,-8
HBA2:c.142G>C,NM_000517.4:c.142G>C,HBA2,P/LP,P/LP,EAS,0,-8
HBA2:c.142G>C,NM_000517.4:c.142G>C,HBA2,P/LP,P/LP,NFE,6.69676e-6,-5.1734872345182374
HBA2:c.142G>C,NM_000517.4:c.142G>C,HBA2,P/LP,P/LP,SAS,0,-8
HBA2:c.142G>C,NM_000517.4:c.142G>C,HBA2,P/LP,P/LP,FIN,0,-8
HBA2:c.142G>C,NM_000517.4:c.142G>C,HBA2,P/LP,P/LP,ASJ,0.00117282,-2.9307649336751314
HBA2:c.142G>C,NM_000517.4:c.142G>C,HBA2,P/LP,P/LP,MID,0,-8
HBA2:c.146T>G,NM_000517.4:c.146T>G,HBA2,VUS,VUS,Overall,1.08996e-6,-5.958623107655534
HBA2:c.146T>G,NM_000517.4:c.146T>G,HBA2,VUS,VUS,POPMAX,2.82646e-5,-4.548603530311315
HBA2:c.146T>G,NM_000517.4:c.146T>G,HBA2,VUS,VUS,AFR,2.82646e-5,-4.548603530311315
HBA2:c.146T>G,NM_000517.4:c.146T>G,HBA2,VUS,VUS,AMR,0,-8
HBA2:c.146T>G,NM_000517.4:c.146T>G,HBA2,VUS,VUS,EAS,0,-8
HBA2:c.146T>G,NM_000517.4:c.146T>G,HBA2,VUS,VUS,NFE,0,-8
HBA2:c.146T>G,NM_000517.4:c.146T>G,HBA2,VUS,VUS,SAS,0,-8
HBA2:c.146T>G,NM_000517.4:c.146T>G,HBA2,VUS,VUS,FIN,0,-8
HBA2:c.146T>G,NM_000517.4:c.146T>G,HBA2,VUS,VUS,ASJ,0,-8
HBA2:c.146T>G,NM_000517.4:c.146T>G,HBA2,VUS,VUS,MID,0,-8
HBA2:c.154G>C,NM_000517.4:c.154G>C,HBA2,B/LB,B/LB,Overall,3.14647e-6,-5.500798333976853
HBA2:c.154G>C,NM_000517.4:c.154G>C,HBA2,B/LB,B/LB,POPMAX,4.60497e-6,-5.33583111779664
HBA2:c.154G>C,NM_000517.4:c.154G>C,HBA2,B/LB,B/LB,AFR,0,-8
HBA2:c.154G>C,NM_000517.4:c.154G>C,HBA2,B/LB,B/LB,AMR,0,-8
HBA2:c.154G>C,NM_000517.4:c.154G>C,HBA2,B/LB,B/LB,EAS,0,-8
HBA2:c.154G>C,NM_000517.4:c.154G>C,HBA2,B/LB,B/LB,NFE,4.60497e-6,-5.33583111779664
HBA2:c.154G>C,NM_000517.4:c.154G>C,HBA2,B/LB,B/LB,SAS,0,-8
HBA2:c.154G>C,NM_000517.4:c.154G>C,HBA2,B/LB,B/LB,FIN,0,-8
HBA2:c.154G>C,NM_000517.4:c.154G>C,HBA2,B/LB,B/LB,ASJ,0,-8
HBA2:c.154G>C,NM_000517.4:c.154G>C,HBA2,B/LB,B/LB,MID,0,-8
HBA1:c.173G>A,NM_000558.5:c.173G>A,HBA1,B/LB,B/LB,Overall,7.55446e-7,-6.116085442103846
HBA1:c.173G>A,NM_000558.5:c.173G>A,HBA1,B/LB,B/LB,POPMAX,1.05088e-6,-5.97433373795087
HBA1:c.173G>A,NM_000558.5:c.173G>A,HBA1,B/LB,B/LB,AFR,0,-8
HBA1:c.173G>A,NM_000558.5:c.173G>A,HBA1,B/LB,B/LB,AMR,0,-8
HBA1:c.173G>A,NM_000558.5:c.173G>A,HBA1,B/LB,B/LB,EAS,0,-8
HBA1:c.173G>A,NM_000558.5:c.173G>A,HBA1,B/LB,B/LB,NFE,1.05088e-6,-5.97433373795087
HBA1:c.173G>A,NM_000558.5:c.173G>A,HBA1,B/LB,B/LB,SAS,0,-8
HBA1:c.173G>A,NM_000558.5:c.173G>A,HBA1,B/LB,B/LB,FIN,0,-8
HBA1:c.173G>A,NM_000558.5:c.173G>A,HBA1,B/LB,B/LB,ASJ,0,-8
HBA1:c.173G>A,NM_000558.5:c.173G>A,HBA1,B/LB,B/LB,MID,0,-8
HBA2:c.207C>A,NM_000517.4:c.207C>A,HBA2,B/LB,B/LB,Overall,1.4436e-6,-5.837555085700022
HBA2:c.207C>A,NM_000517.4:c.207C>A,HBA2,B/LB,B/LB,POPMAX,1.93708e-5,-4.712628300122472
HBA2:c.207C>A,NM_000517.4:c.207C>A,HBA2,B/LB,B/LB,AFR,1.93708e-5,-4.712628300122472
HBA2:c.207C>A,NM_000517.4:c.207C>A,HBA2,B/LB,B/LB,AMR,0,-8
HBA2:c.207C>A,NM_000517.4:c.207C>A,HBA2,B/LB,B/LB,EAS,0,-8
HBA2:c.207C>A,NM_000517.4:c.207C>A,HBA2,B/LB,B/LB,NFE,9.67387e-7,-6.0099334417205865
HBA2:c.207C>A,NM_000517.4:c.207C>A,HBA2,B/LB,B/LB,SAS,0,-8
HBA2:c.207C>A,NM_000517.4:c.207C>A,HBA2,B/LB,B/LB,FIN,0,-8
HBA2:c.207C>A,NM_000517.4:c.207C>A,HBA2,B/LB,B/LB,ASJ,0,-8
HBA2:c.207C>A,NM_000517.4:c.207C>A,HBA2,B/LB,B/LB,MID,0,-8
HBA2:c.219C>A,NM_000517.4:c.219C>A,HBA2,B/LB,B/LB,Overall,6.98466e-7,-6.149680987147921
HBA2:c.219C>A,NM_000517.4:c.219C>A,HBA2,B/LB,B/LB,POPMAX,9.34012e-7,-6.025022485044453
HBA2:c.219C>A,NM_000517.4:c.219C>A,HBA2,B/LB,B/LB,AFR,0,-8
HBA2:c.219C>A,NM_000517.4:c.219C>A,HBA2,B/LB,B/LB,AMR,0,-8
HBA2:c.219C>A,NM_000517.4:c.219C>A,HBA2,B/LB,B/LB,EAS,0,-8
HBA2:c.219C>A,NM_000517.4:c.219C>A,HBA2,B/LB,B/LB,NFE,9.34012e-7,-6.025022485044453
HBA2:c.219C>A,NM_000517.4:c.219C>A,HBA2,B/LB,B/LB,SAS,0,-8
HBA2:c.219C>A,NM_000517.4:c.219C>A,HBA2,B/LB,B/LB,FIN,0,-8
HBA2:c.219C>A,NM_000517.4:c.219C>A,HBA2,B/LB,B/LB,ASJ,0,-8
HBA2:c.219C>A,NM_000517.4:c.219C>A,HBA2,B/LB,B/LB,MID,0,-8
HBA2:c.226G>T,NM_000517.4:c.226G>T,HBA2,B/LB,B/LB,Overall,6.83693e-7,-6.158832687908874
HBA2:c.226G>T,NM_000517.4:c.226G>T,HBA2,B/LB,B/LB,POPMAX,9.12336e-7,-6.035110839940534
HBA2:c.226G>T,NM_000517.4:c.226G>T,HBA2,B/LB,B/LB,AFR,0,-8
HBA2:c.226G>T,NM_000517.4:c.226G>T,HBA2,B/LB,B/LB,AMR,0,-8
HBA2:c.226G>T,NM_000517.4:c.226G>T,HBA2,B/LB,B/LB,EAS,0,-8
HBA2:c.226G>T,NM_000517.4:c.226G>T,HBA2,B/LB,B/LB,NFE,9.12336e-7,-6.035110839940534
HBA2:c.226G>T,NM_000517.4:c.226G>T,HBA2,B/LB,B/LB,SAS,0,-8
HBA2:c.226G>T,NM_000517.4:c.226G>T,HBA2,B/LB,B/LB,FIN,0,-8
HBA2:c.226G>T,NM_000517.4:c.226G>T,HBA2,B/LB,B/LB,ASJ,0,-8
HBA2:c.226G>T,NM_000517.4:c.226G>T,HBA2,B/LB,B/LB,MID,0,-8
HBA2:c.230T>C,NM_000517.4:c.230T>C,HBA2,B/LB,B/LB,Overall,5.41951e-6,-5.265239362657631
HBA2:c.230T>C,NM_000517.4:c.230T>C,HBA2,B/LB,B/LB,POPMAX,6.97399e-5,-4.15645641069923
HBA2:c.230T>C,NM_000517.4:c.230T>C,HBA2,B/LB,B/LB,AFR,6.97399e-5,-4.15645641069923
HBA2:c.230T>C,NM_000517.4:c.230T>C,HBA2,B/LB,B/LB,AMR,3.85104e-5,-4.414309211763214
HBA2:c.230T>C,NM_000517.4:c.230T>C,HBA2,B/LB,B/LB,EAS,0,-8
HBA2:c.230T>C,NM_000517.4:c.230T>C,HBA2,B/LB,B/LB,NFE,0,-8
HBA2:c.230T>C,NM_000517.4:c.230T>C,HBA2,B/LB,B/LB,SAS,0,-8
HBA2:c.230T>C,NM_000517.4:c.230T>C,HBA2,B/LB,B/LB,FIN,0,-8
HBA2:c.230T>C,NM_000517.4:c.230T>C,HBA2,B/LB,B/LB,ASJ,0,-8
HBA2:c.230T>C,NM_000517.4:c.230T>C,HBA2,B/LB,B/LB,MID,0,-8
HBA2:c.231G>A,NM_000517.4:c.231G>A,HBA2,VUS,VUS,Overall,6.76483e-7,-6.163370213121484
HBA2:c.231G>A,NM_000517.4:c.231G>A,HBA2,VUS,VUS,POPMAX,9.02405e-7,-6.039812343445302
HBA2:c.231G>A,NM_000517.4:c.231G>A,HBA2,VUS,VUS,AFR,0,-8
HBA2:c.231G>A,NM_000517.4:c.231G>A,HBA2,VUS,VUS,AMR,0,-8
HBA2:c.231G>A,NM_000517.4:c.231G>A,HBA2,VUS,VUS,EAS,0,-8
HBA2:c.231G>A,NM_000517.4:c.231G>A,HBA2,VUS,VUS,NFE,9.02405e-7,-6.039812343445302
HBA2:c.231G>A,NM_000517.4:c.231G>A,HBA2,VUS,VUS,SAS,0,-8
HBA2:c.231G>A,NM_000517.4:c.231G>A,HBA2,VUS,VUS,FIN,0,-8
HBA2:c.231G>A,NM_000517.4:c.231G>A,HBA2,VUS,VUS,ASJ,0,-8
HBA2:c.231G>A,NM_000517.4:c.231G>A,HBA2,VUS,VUS,MID,0,-8
HBA1:c.245C>G,NM_000558.5:c.245C>G,HBA1,B/LB,B/LB,Overall,9.10486e-6,-5.040249997518539
HBA1:c.245C>G,NM_000558.5:c.245C>G,HBA1,B/LB,B/LB,POPMAX,1.62319e-4,-3.789603886736283
HBA1:c.245C>G,NM_000558.5:c.245C>G,HBA1,B/LB,B/LB,AFR,0,-8
HBA1:c.245C>G,NM_000558.5:c.245C>G,HBA1,B/LB,B/LB,AMR,0,-8
HBA1:c.245C>G,NM_000558.5:c.245C>G,HBA1,B/LB,B/LB,EAS,0,-8
HBA1:c.245C>G,NM_000558.5:c.245C>G,HBA1,B/LB,B/LB,NFE,0,-8
HBA1:c.245C>G,NM_000558.5:c.245C>G,HBA1,B/LB,B/LB,SAS,1.62319e-4,-3.789603886736283
HBA1:c.245C>G,NM_000558.5:c.245C>G,HBA1,B/LB,B/LB,FIN,0,-8
HBA1:c.245C>G,NM_000558.5:c.245C>G,HBA1,B/LB,B/LB,ASJ,0,-8
HBA1:c.245C>G,NM_000558.5:c.245C>G,HBA1,B/LB,B/LB,MID,0,-8
HBA1:c.255C>A,NM_000558.5:c.255C>A,HBA1,P/LP,P/LP,Overall,1.29329e-6,-5.884958937022321
HBA1:c.255C>A,NM_000558.5:c.255C>A,HBA1,P/LP,P/LP,POPMAX,8.71458e-7,-6.054798376277642
HBA1:c.255C>A,NM_000558.5:c.255C>A,HBA1,P/LP,P/LP,AFR,0,-8
HBA1:c.255C>A,NM_000558.5:c.255C>A,HBA1,P/LP,P/LP,AMR,0,-8
HBA1:c.255C>A,NM_000558.5:c.255C>A,HBA1,P/LP,P/LP,EAS,0,-8
HBA1:c.255C>A,NM_000558.5:c.255C>A,HBA1,P/LP,P/LP,NFE,8.71458e-7,-6.054798376277642
HBA1:c.255C>A,NM_000558.5:c.255C>A,HBA1,P/LP,P/LP,SAS,0,-8
HBA1:c.255C>A,NM_000558.5:c.255C>A,HBA1,P/LP,P/LP,FIN,0,-8
HBA1:c.255C>A,NM_000558.5:c.255C>A,HBA1,P/LP,P/LP,ASJ,0,-8
HBA1:c.255C>A,NM_000558.5:c.255C>A,HBA1,P/LP,P/LP,MID,0,-8
HBA1:c.256G>A,NM_000558.5:c.256G>A,HBA1,P/LP,P/LP,Overall,7.09542e-6,-5.148410245915066
HBA1:c.256G>A,NM_000558.5:c.256G>A,HBA1,P/LP,P/LP,POPMAX,9.56197e-6,-5.018998671200982
HBA1:c.256G>A,NM_000558.5:c.256G>A,HBA1,P/LP,P/LP,AFR,0,-8
HBA1:c.256G>A,NM_000558.5:c.256G>A,HBA1,P/LP,P/LP,AMR,0,-8
HBA1:c.256G>A,NM_000558.5:c.256G>A,HBA1,P/LP,P/LP,EAS,0,-8
HBA1:c.256G>A,NM_000558.5:c.256G>A,HBA1,P/LP,P/LP,NFE,9.56197e-6,-5.018998671200982
HBA1:c.256G>A,NM_000558.5:c.256G>A,HBA1,P/LP,P/LP,SAS,0,-8
HBA1:c.256G>A,NM_000558.5:c.256G>A,HBA1,P/LP,P/LP,FIN,0,-8
HBA1:c.256G>A,NM_000558.5:c.256G>A,HBA1,P/LP,P/LP,ASJ,0,-8
HBA1:c.256G>A,NM_000558.5:c.256G>A,HBA1,P/LP,P/LP,MID,0,-8
HBA2:c.257A>T,NM_000517.4:c.257A>T,HBA2,P/LP,P/LP,Overall,1.30706e-6,-5.880394439863301
HBA2:c.257A>T,NM_000517.4:c.257A>T,HBA2,P/LP,P/LP,POPMAX,1.747e-6,-5.755228238504705
HBA2:c.257A>T,NM_000517.4:c.257A>T,HBA2,P/LP,P/LP,AFR,0,-8
HBA2:c.257A>T,NM_000517.4:c.257A>T,HBA2,P/LP,P/LP,AMR,0,-8
HBA2:c.257A>T,NM_000517.4:c.257A>T,HBA2,P/LP,P/LP,EAS,0,-8
HBA2:c.257A>T,NM_000517.4:c.257A>T,HBA2,P/LP,P/LP,NFE,1.747e-6,-5.755228238504705
HBA2:c.257A>T,NM_000517.4:c.257A>T,HBA2,P/LP,P/LP,SAS,0,-8
HBA2:c.257A>T,NM_000517.4:c.257A>T,HBA2,P/LP,P/LP,FIN,0,-8
HBA2:c.257A>T,NM_000517.4:c.257A>T,HBA2,P/LP,P/LP,ASJ,0,-8
HBA2:c.257A>T,NM_000517.4:c.257A>T,HBA2,P/LP,P/LP,MID,0,-8
HBA1:c.270C>G,NM_000558.5:c.270C>G,HBA1,B/LB,B/LB,Overall,1.28505e-6,-5.887713463779716
HBA1:c.270C>G,NM_000558.5:c.270C>G,HBA1,B/LB,B/LB,POPMAX,2.70819e-5,-4.567160536104519
HBA1:c.270C>G,NM_000558.5:c.270C>G,HBA1,B/LB,B/LB,AFR,2.70819e-5,-4.567160536104519
HBA1:c.270C>G,NM_000558.5:c.270C>G,HBA1,B/LB,B/LB,AMR,0,-8
HBA1:c.270C>G,NM_000558.5:c.270C>G,HBA1,B/LB,B/LB,EAS,0,-8
HBA1:c.270C>G,NM_000558.5:c.270C>G,HBA1,B/LB,B/LB,NFE,0,-8
HBA1:c.270C>G,NM_000558.5:c.270C>G,HBA1,B/LB,B/LB,SAS,0,-8
HBA1:c.270C>G,NM_000558.5:c.270C>G,HBA1,B/LB,B/LB,FIN,0,-8
HBA1:c.270C>G,NM_000558.5:c.270C>G,HBA1,B/LB,B/LB,ASJ,0,-8
HBA1:c.270C>G,NM_000558.5:c.270C>G,HBA1,B/LB,B/LB,MID,0,-8
HBA1:c.272A>C,NM_000558.5:c.272A>C,HBA1,P/LP,P/LP,Overall,6.42305e-7,-6.18554929254284
HBA1:c.272A>C,NM_000558.5:c.272A>C,HBA1,P/LP,P/LP,POPMAX,1.14895e-5,-4.939321042425665
HBA1:c.272A>C,NM_000558.5:c.272A>C,HBA1,P/LP,P/LP,AFR,0,-8
HBA1:c.272A>C,NM_000558.5:c.272A>C,HBA1,P/LP,P/LP,AMR,0,-8
HBA1:c.272A>C,NM_000558.5:c.272A>C,HBA1,P/LP,P/LP,EAS,0,-8
HBA1:c.272A>C,NM_000558.5:c.272A>C,HBA1,P/LP,P/LP,NFE,0,-8
HBA1:c.272A>C,NM_000558.5:c.272A>C,HBA1,P/LP,P/LP,SAS,1.14895e-5,-4.939321042425665
HBA1:c.272A>C,NM_000558.5:c.272A>C,HBA1,P/LP,P/LP,FIN,0,-8
HBA1:c.272A>C,NM_000558.5:c.272A>C,HBA1,P/LP,P/LP,ASJ,0,-8
HBA1:c.272A>C,NM_000558.5:c.272A>C,HBA1,P/LP,P/LP,MID,0,-8
HBA2:c.273G>T,NM_000517.4:c.273G>T,HBA2,B/LB,B/LB,Overall,7.79042e-6,-5.107882012851609
HBA2:c.273G>T,NM_000517.4:c.273G>T,HBA2,B/LB,B/LB,POPMAX,1.0441e-5,-4.980842152260718
HBA2:c.273G>T,NM_000517.4:c.273G>T,HBA2,B/LB,B/LB,AFR,0,-8
HBA2:c.273G>T,NM_000517.4:c.273G>T,HBA2,B/LB,B/LB,AMR,0,-8
HBA2:c.273G>T,NM_000517.4:c.273G>T,HBA2,B/LB,B/LB,EAS,0,-8
HBA2:c.273G>T,NM_000517.4:c.273G>T,HBA2,B/LB,B/LB,NFE,1.0441e-5,-4.980842152260718
HBA2:c.273G>T,NM_000517.4:c.273G>T,HBA2,B/LB,B/LB,SAS,0,-8
HBA2:c.273G>T,NM_000517.4:c.273G>T,HBA2,B/LB,B/LB,FIN,0,-8
HBA2:c.273G>T,NM_000517.4:c.273G>T,HBA2,B/LB,B/LB,ASJ,0,-8
HBA2:c.273G>T,NM_000517.4:c.273G>T,HBA2,B/LB,B/LB,MID,0,-8
HBA2:c.283G>T,NM_000517.4:c.283G>T,HBA2,B/LB,B/LB,Overall,2.58932e-6,-5.585140251595809
HBA2:c.283G>T,NM_000517.4:c.283G>T,HBA2,B/LB,B/LB,POPMAX,6.84307e-4,-3.1647426710010786
HBA2:c.283G>T,NM_000517.4:c.283G>T,HBA2,B/LB,B/LB,AFR,0,-8
HBA2:c.283G>T,NM_000517.4:c.283G>T,HBA2,B/LB,B/LB,AMR,0,-8
HBA2:c.283G>T,NM_000517.4:c.283G>T,HBA2,B/LB,B/LB,EAS,0,-8
HBA2:c.283G>T,NM_000517.4:c.283G>T,HBA2,B/LB,B/LB,NFE,0,-8
HBA2:c.283G>T,NM_000517.4:c.283G>T,HBA2,B/LB,B/LB,SAS,0,-8
HBA2:c.283G>T,NM_000517.4:c.283G>T,HBA2,B/LB,B/LB,FIN,0,-8
HBA2:c.283G>T,NM_000517.4:c.283G>T,HBA2,B/LB,B/LB,ASJ,0,-8
HBA2:c.283G>T,NM_000517.4:c.283G>T,HBA2,B/LB,B/LB,MID,6.84307e-4,-3.1647426710010786
HBA1:c.287C>G,NM_000558.5:c.287C>G,HBA1,P/LP,P/LP,Overall,6.3848e-7,-6.1881034136023825
HBA1:c.287C>G,NM_000558.5:c.287C>G,HBA1,P/LP,P/LP,POPMAX,8.64198e-7,-6.058390191429021
HBA1:c.287C>G,NM_000558.5:c.287C>G,HBA1,P/LP,P/LP,AFR,0,-8
HBA1:c.287C>G,NM_000558.5:c.287C>G,HBA1,P/LP,P/LP,AMR,0,-8
HBA1:c.287C>G,NM_000558.5:c.287C>G,HBA1,P/LP,P/LP,EAS,0,-8
HBA1:c.287C>G,NM_000558.5:c.287C>G,HBA1,P/LP,P/LP,NFE,8.64198e-7,-6.058390191429021
HBA1:c.287C>G,NM_000558.5:c.287C>G,HBA1,P/LP,P/LP,SAS,0,-8
HBA1:c.287C>G,NM_000558.5:c.287C>G,HBA1,P/LP,P/LP,FIN,0,-8
HBA1:c.287C>G,NM_000558.5:c.287C>G,HBA1,P/LP,P/LP,ASJ,0,-8
HBA1:c.287C>G,NM_000558.5:c.287C>G,HBA1,P/LP,P/LP,MID,0,-8
HBA2:c.307A>C,NM_000517.4:c.307A>C,HBA2,P/LP,P/LP,Overall,1.24554e-6,-5.901169446628836
HBA2:c.307A>C,NM_000517.4:c.307A>C,HBA2,P/LP,P/LP,POPMAX,1.11282e-5,-4.953184988087798
HBA2:c.307A>C,NM_000517.4:c.307A>C,HBA2,P/LP,P/LP,AFR,0,-8
HBA2:c.307A>C,NM_000517.4:c.307A>C,HBA2,P/LP,P/LP,AMR,0,-8
HBA2:c.307A>C,NM_000517.4:c.307A>C,HBA2,P/LP,P/LP,EAS,0,-8
HBA2:c.307A>C,NM_000517.4:c.307A>C,HBA2,P/LP,P/LP,NFE,8.47562e-7,-6.066734471536507
HBA2:c.307A>C,NM_000517.4:c.307A>C,HBA2,P/LP,P/LP,SAS,1.11282e-5,-4.953184988087798
HBA2:c.307A>C,NM_000517.4:c.307A>C,HBA2,P/LP,P/LP,FIN,0,-8
HBA2:c.307A>C,NM_000517.4:c.307A>C,HBA2,P/LP,P/LP,ASJ,0,-8
HBA2:c.307A>C,NM_000517.4:c.307A>C,HBA2,P/LP,P/LP,MID,0,-8
HBA2:c.309C>A,NM_000517.4:c.309C>A,HBA2,P/LP,P/LP,Overall,6.22676e-7,-6.198818639802362
HBA2:c.309C>A,NM_000517.4:c.309C>A,HBA2,P/LP,P/LP,POPMAX,8.47548e-7,-6.066741561603904
HBA2:c.309C>A,NM_000517.4:c.309C>A,HBA2,P/LP,P/LP,AFR,0,-8
HBA2:c.309C>A,NM_000517.4:c.309C>A,HBA2,P/LP,P/LP,AMR,0,-8
HBA2:c.309C>A,NM_000517.4:c.309C>A,HBA2,P/LP,P/LP,EAS,0,-8
HBA2:c.309C>A,NM_000517.4:c.309C>A,HBA2,P/LP,P/LP,NFE,8.47548e-7,-6.066741561603904
HBA2:c.309C>A,NM_000517.4:c.309C>A,HBA2,P/LP,P/LP,SAS,0,-8
HBA2:c.309C>A,NM_000517.4:c.309C>A,HBA2,P/LP,P/LP,FIN,0,-8
HBA2:c.309C>A,NM_000517.4:c.309C>A,HBA2,P/LP,P/LP,ASJ,0,-8
HBA2:c.309C>A,NM_000517.4:c.309C>A,HBA2,P/LP,P/LP,MID,0,-8
HBA2:c.335C>T,NM_000517.4:c.335C>T,HBA2,P/LP,P/LP,Overall,3.11243e-6,-5.505507289048142
HBA2:c.335C>T,NM_000517.4:c.335C>T,HBA2,P/LP,P/LP,POPMAX,4.23791e-6,-5.371824693178336
HBA2:c.335C>T,NM_000517.4:c.335C>T,HBA2,P/LP,P/LP,AFR,0,-8
HBA2:c.335C>T,NM_000517.4:c.335C>T,HBA2,P/LP,P/LP,AMR,0,-8
HBA2:c.335C>T,NM_000517.4:c.335C>T,HBA2,P/LP,P/LP,EAS,0,-8
HBA2:c.335C>T,NM_000517.4:c.335C>T,HBA2,P/LP,P/LP,NFE,4.23791e-6,-5.371824693178336
HBA2:c.335C>T,NM_000517.4:c.335C>T,HBA2,P/LP,P/LP,SAS,0,-8
HBA2:c.335C>T,NM_000517.4:c.335C>T,HBA2,P/LP,P/LP,FIN,0,-8
HBA2:c.335C>T,NM_000517.4:c.335C>T,HBA2,P/LP,P/LP,ASJ,0,-8
HBA2:c.335C>T,NM_000517.4:c.335C>T,HBA2,P/LP,P/LP,MID,0,-8
HBA1:c.337C>G,NM_000558.5:c.337C>G,HBA1,B/LB,B/LB,Overall,1.17792e-5,-4.928515664571877
HBA1:c.337C>G,NM_000558.5:c.337C>G,HBA1,B/LB,B/LB,POPMAX,1.61045e-5,-4.792783165212754
HBA1:c.337C>G,NM_000558.5:c.337C>G,HBA1,B/LB,B/LB,AFR,0,-8
HBA1:c.337C>G,NM_000558.5:c.337C>G,HBA1,B/LB,B/LB,AMR,0,-8
HBA1:c.337C>G,NM_000558.5:c.337C>G,HBA1,B/LB,B/LB,EAS,0,-8
HBA1:c.337C>G,NM_000558.5:c.337C>G,HBA1,B/LB,B/LB,NFE,1.61045e-5,-4.792783165212754
HBA1:c.337C>G,NM_000558.5:c.337C>G,HBA1,B/LB,B/LB,SAS,0,-8
HBA1:c.337C>G,NM_000558.5:c.337C>G,HBA1,B/LB,B/LB,FIN,0,-8
HBA1:c.337C>G,NM_000558.5:c.337C>G,HBA1,B/LB,B/LB,ASJ,0,-8
HBA1:c.337C>G,NM_000558.5:c.337C>G,HBA1,B/LB,B/LB,MID,0,-8
HBA2:c.343C>T,NM_000517.4:c.343C>T,HBA2,B/LB,B/LB,Overall,4.3563e-6,-5.359886428070641
HBA2:c.343C>T,NM_000517.4:c.343C>T,HBA2,B/LB,B/LB,POPMAX,1.66389e-4,-3.778849287995937
HBA2:c.343C>T,NM_000517.4:c.343C>T,HBA2,B/LB,B/LB,AFR,0,-8
HBA2:c.343C>T,NM_000517.4:c.343C>T,HBA2,B/LB,B/LB,AMR,0,-8
HBA2:c.343C>T,NM_000517.4:c.343C>T,HBA2,B/LB,B/LB,EAS,0,-8
HBA2:c.343C>T,NM_000517.4:c.343C>T,HBA2,B/LB,B/LB,NFE,5.08552e-6,-5.292811489457945
HBA2:c.343C>T,NM_000517.4:c.343C>T,HBA2,B/LB,B/LB,SAS,0,-8
HBA2:c.343C>T,NM_000517.4:c.343C>T,HBA2,B/LB,B/LB,FIN,0,-8
HBA2:c.343C>T,NM_000517.4:c.343C>T,HBA2,B/LB,B/LB,ASJ,0,-8
HBA2:c.343C>T,NM_000517.4:c.343C>T,HBA2,B/LB,B/LB,MID,1.66389e-4,-3.778849287995937
HBA1:c.344C>T,NM_000558.5:c.344C>T,HBA1,B/LB,B/LB,Overall,6.19867e-7,-6.200751144616201
HBA1:c.344C>T,NM_000558.5:c.344C>T,HBA1,B/LB,B/LB,POPMAX,8.47585e-7,-6.066722823819915
HBA1:c.344C>T,NM_000558.5:c.344C>T,HBA1,B/LB,B/LB,AFR,0,-8
HBA1:c.344C>T,NM_000558.5:c.344C>T,HBA1,B/LB,B/LB,AMR,0,-8
HBA1:c.344C>T,NM_000558.5:c.344C>T,HBA1,B/LB,B/LB,EAS,0,-8
HBA1:c.344C>T,NM_000558.5:c.344C>T,HBA1,B/LB,B/LB,NFE,8.47585e-7,-6.066722823819915
HBA1:c.344C>T,NM_000558.5:c.344C>T,HBA1,B/LB,B/LB,SAS,0,-8
HBA1:c.344C>T,NM_000558.5:c.344C>T,HBA1,B/LB,B/LB,FIN,0,-8
HBA1:c.344C>T,NM_000558.5:c.344C>T,HBA1,B/LB,B/LB,ASJ,0,-8
HBA1:c.344C>T,NM_000558.5:c.344C>T,HBA1,B/LB,B/LB,MID,0,-8
HBA1:c.349G>A,NM_000558.5:c.349G>A,HBA1,B/LB,B/LB,Overall,5.57917e-6,-5.25265268069737
HBA1:c.349G>A,NM_000558.5:c.349G>A,HBA1,B/LB,B/LB,POPMAX,3.28839e-4,-3.483003474452869
HBA1:c.349G>A,NM_000558.5:c.349G>A,HBA1,B/LB,B/LB,AFR,0,-8
HBA1:c.349G>A,NM_000558.5:c.349G>A,HBA1,B/LB,B/LB,AMR,0,-8
HBA1:c.349G>A,NM_000558.5:c.349G>A,HBA1,B/LB,B/LB,EAS,0,-8
HBA1:c.349G>A,NM_000558.5:c.349G>A,HBA1,B/LB,B/LB,NFE,0,-8
HBA1:c.349G>A,NM_000558.5:c.349G>A,HBA1,B/LB,B/LB,SAS,7.69298e-5,-4.113848946947962
HBA1:c.349G>A,NM_000558.5:c.349G>A,HBA1,B/LB,B/LB,FIN,0,-8
HBA1:c.349G>A,NM_000558.5:c.349G>A,HBA1,B/LB,B/LB,ASJ,0,-8
HBA1:c.349G>A,NM_000558.5:c.349G>A,HBA1,B/LB,B/LB,MID,3.28839e-4,-3.483003474452869
HBA1:c.359C>T,NM_000558.5:c.359C>T,HBA1,P/LP,P/LP,Overall,1.85957e-6,-5.728258269453543
HBA1:c.359C>T,NM_000558.5:c.359C>T,HBA1,P/LP,P/LP,POPMAX,2.66866e-5,-4.573544045574086
HBA1:c.359C>T,NM_000558.5:c.359C>T,HBA1,P/LP,P/LP,AFR,2.66866e-5,-4.573544045574086
HBA1:c.359C>T,NM_000558.5:c.359C>T,HBA1,P/LP,P/LP,AMR,0,-8
HBA1:c.359C>T,NM_000558.5:c.359C>T,HBA1,P/LP,P/LP,EAS,2.23025e-5,-4.651451766543731
HBA1:c.359C>T,NM_000558.5:c.359C>T,HBA1,P/LP,P/LP,NFE,0,-8
HBA1:c.359C>T,NM_000558.5:c.359C>T,HBA1,P/LP,P/LP,SAS,0,-8
HBA1:c.359C>T,NM_000558.5:c.359C>T,HBA1,P/LP,P/LP,FIN,0,-8
HBA1:c.359C>T,NM_000558.5:c.359C>T,HBA1,P/LP,P/LP,ASJ,0,-8
HBA1:c.359C>T,NM_000558.5:c.359C>T,HBA1,P/LP,P/LP,MID,0,-8
HBA1:c.364G>A,NM_000558.5:c.364G>A,HBA1,B/LB,B/LB,Overall,6.19854e-6,-5.207010516488745
HBA1:c.364G>A,NM_000558.5:c.364G>A,HBA1,B/LB,B/LB,POPMAX,2.00687e-4,-3.6974591192573243
HBA1:c.364G>A,NM_000558.5:c.364G>A,HBA1,B/LB,B/LB,AFR,0,-8
HBA1:c.364G>A,NM_000558.5:c.364G>A,HBA1,B/LB,B/LB,AMR,0,-8
HBA1:c.364G>A,NM_000558.5:c.364G>A,HBA1,B/LB,B/LB,EAS,2.00687e-4,-3.6974591192573243
HBA1:c.364G>A,NM_000558.5:c.364G>A,HBA1,B/LB,B/LB,NFE,0,-8
HBA1:c.364G>A,NM_000558.5:c.364G>A,HBA1,B/LB,B/LB,SAS,0,-8
HBA1:c.364G>A,NM_000558.5:c.364G>A,HBA1,B/LB,B/LB,FIN,0,-8
HBA1:c.364G>A,NM_000558.5:c.364G>A,HBA1,B/LB,B/LB,ASJ,0,-8
HBA1:c.364G>A,NM_000558.5:c.364G>A,HBA1,B/LB,B/LB,MID,0,-8
HBA2:c.369C>G,NM_000517.4:c.369C>G,HBA2,B/LB,B/LB,Overall,1.20688e-4,-3.9182999262254357
HBA2:c.369C>G,NM_000517.4:c.369C>G,HBA2,B/LB,B/LB,POPMAX,7.1368e-4,-3.1464903883982416
HBA2:c.369C>G,NM_000517.4:c.369C>G,HBA2,B/LB,B/LB,AFR,0,-8
HBA2:c.369C>G,NM_000517.4:c.369C>G,HBA2,B/LB,B/LB,AMR,5.01203e-5,-4.299899696385256
HBA2:c.369C>G,NM_000517.4:c.369C>G,HBA2,B/LB,B/LB,EAS,7.1368e-4,-3.1464903883982416
HBA2:c.369C>G,NM_000517.4:c.369C>G,HBA2,B/LB,B/LB,NFE,1.33081e-4,-3.875851311786717
HBA2:c.369C>G,NM_000517.4:c.369C>G,HBA2,B/LB,B/LB,SAS,0,-8
HBA2:c.369C>G,NM_000517.4:c.369C>G,HBA2,B/LB,B/LB,FIN,0,-8
HBA2:c.369C>G,NM_000517.4:c.369C>G,HBA2,B/LB,B/LB,ASJ,0,-8
HBA2:c.369C>G,NM_000517.4:c.369C>G,HBA2,B/LB,B/LB,MID,0,-8
HBA2:c.373T>C,NM_000517.4:c.373T>C,HBA2,VUS,VUS,Overall,6.22052e-7,-6.199247190097283
HBA2:c.373T>C,NM_000517.4:c.373T>C,HBA2,VUS,VUS,POPMAX,8.4758e-7,-6.066725355905644
HBA2:c.373T>C,NM_000517.4:c.373T>C,HBA2,VUS,VUS,AFR,0,-8
HBA2:c.373T>C,NM_000517.4:c.373T>C,HBA2,VUS,VUS,AMR,0,-8
HBA2:c.373T>C,NM_000517.4:c.373T>C,HBA2,VUS,VUS,EAS,0,-8
HBA2:c.373T>C,NM_000517.4:c.373T>C,HBA2,VUS,VUS,NFE,8.4758e-7,-6.066725355905644
HBA2:c.373T>C,NM_000517.4:c.373T>C,HBA2,VUS,VUS,SAS,0,-8
HBA2:c.373T>C,NM_000517.4:c.373T>C,HBA2,VUS,VUS,FIN,0,-8
HBA2:c.373T>C,NM_000517.4:c.373T>C,HBA2,VUS,VUS,ASJ,0,-8
HBA2:c.373T>C,NM_000517.4:c.373T>C,HBA2,VUS,VUS,MID,0,-8
HBA1:c.392C>T,NM_000558.5:c.392C>T,HBA1,P/LP,P/LP,Overall,6.19659e-7,-6.200894584692955
HBA1:c.392C>T,NM_000558.5:c.392C>T,HBA1,P/LP,P/LP,POPMAX,8.47478e-7,-6.066777013677226
HBA1:c.392C>T,NM_000558.5:c.392C>T,HBA1,P/LP,P/LP,AFR,0,-8
HBA1:c.392C>T,NM_000558.5:c.392C>T,HBA1,P/LP,P/LP,AMR,0,-8
HBA1:c.392C>T,NM_000558.5:c.392C>T,HBA1,P/LP,P/LP,EAS,0,-8
HBA1:c.392C>T,NM_000558.5:c.392C>T,HBA1,P/LP,P/LP,NFE,8.47478e-7,-6.066777013677226
HBA1:c.392C>T,NM_000558.5:c.392C>T,HBA1,P/LP,P/LP,SAS,0,-8
HBA1:c.392C>T,NM_000558.5:c.392C>T,HBA1,P/LP,P/LP,FIN,0,-8
HBA1:c.392C>T,NM_000558.5:c.392C>T,HBA1,P/LP,P/LP,ASJ,0,-8
HBA1:c.392C>T,NM_000558.5:c.392C>T,HBA1,P/LP,P/LP,MID,0,-8
HBA2:c.409C>A,NM_000517.4:c.409C>A,HBA2,B/LB,B/LB,Overall,1.49236e-5,-4.8258354855321555
HBA2:c.409C>A,NM_000517.4:c.409C>A,HBA2,B/LB,B/LB,POPMAX,3.24309e-4,-3.489027607745638
HBA2:c.409C>A,NM_000517.4:c.409C>A,HBA2,B/LB,B/LB,AFR,3.24309e-4,-3.489027607745638
HBA2:c.409C>A,NM_000517.4:c.409C>A,HBA2,B/LB,B/LB,AMR,1.67129e-5,-4.776688407232698
HBA2:c.409C>A,NM_000517.4:c.409C>A,HBA2,B/LB,B/LB,EAS,0,-8
HBA2:c.409C>A,NM_000517.4:c.409C>A,HBA2,B/LB,B/LB,NFE,0,-8
HBA2:c.409C>A,NM_000517.4:c.409C>A,HBA2,B/LB,B/LB,SAS,0,-8
HBA2:c.409C>A,NM_000517.4:c.409C>A,HBA2,B/LB,B/LB,FIN,0,-8
HBA2:c.409C>A,NM_000517.4:c.409C>A,HBA2,B/LB,B/LB,ASJ,0,-8
HBA2:c.409C>A,NM_000517.4:c.409C>A,HBA2,B/LB,B/LB,MID,0,-8
HBB:c.4G>A,NM_000518.4:c.4G>A,HBB,P/LP,P/LP,Overall,5.64127e-6,-5.24785394297481
HBB:c.4G>A,NM_000518.4:c.4G>A,HBB,P/LP,P/LP,POPMAX,7.73992e-6,-5.110702780556641
HBB:c.4G>A,NM_000518.4:c.4G>A,HBB,P/LP,P/LP,AFR,0,-8
HBB:c.4G>A,NM_000518.4:c.4G>A,HBB,P/LP,P/LP,AMR,0,-8
HBB:c.4G>A,NM_000518.4:c.4G>A,HBB,P/LP,P/LP,EAS,0,-8
HBB:c.4G>A,NM_000518.4:c.4G>A,HBB,P/LP,P/LP,NFE,7.73992e-6,-5.110702780556641
HBB:c.4G>A,NM_000518.4:c.4G>A,HBB,P/LP,P/LP,SAS,0,-8
HBB:c.4G>A,NM_000518.4:c.4G>A,HBB,P/LP,P/LP,FIN,0,-8
HBB:c.4G>A,NM_000518.4:c.4G>A,HBB,P/LP,P/LP,ASJ,0,-8
HBB:c.4G>A,NM_000518.4:c.4G>A,HBB,P/LP,P/LP,MID,0,-8
HBB:c.5T>G,NM_000518.4:c.5T>G,HBB,VUS,VUS,Overall,6.26227e-7,-6.196387904385844
HBB:c.5T>G,NM_000518.4:c.5T>G,HBB,VUS,VUS,POPMAX,3.38983e-5,-4.46969398312449
HBB:c.5T>G,NM_000518.4:c.5T>G,HBB,VUS,VUS,AFR,0,-8
HBB:c.5T>G,NM_000518.4:c.5T>G,HBB,VUS,VUS,AMR,0,-8
HBB:c.5T>G,NM_000518.4:c.5T>G,HBB,VUS,VUS,EAS,0,-8
HBB:c.5T>G,NM_000518.4:c.5T>G,HBB,VUS,VUS,NFE,0,-8
HBB:c.5T>G,NM_000518.4:c.5T>G,HBB,VUS,VUS,SAS,0,-8
HBB:c.5T>G,NM_000518.4:c.5T>G,HBB,VUS,VUS,FIN,0,-8
HBB:c.5T>G,NM_000518.4:c.5T>G,HBB,VUS,VUS,ASJ,3.38983e-5,-4.46969398312449
HBB:c.5T>G,NM_000518.4:c.5T>G,HBB,VUS,VUS,MID,0,-8
HBB:c.5T>C,NM_000518.4:c.5T>C,HBB,VUS,VUS,Overall,2.5049e-6,-5.5994792791216215
HBB:c.5T>C,NM_000518.4:c.5T>C,HBB,VUS,VUS,POPMAX,2.57665e-6,-5.587262331759677
HBB:c.5T>C,NM_000518.4:c.5T>C,HBB,VUS,VUS,AFR,0,-8
HBB:c.5T>C,NM_000518.4:c.5T>C,HBB,VUS,VUS,AMR,0,-8
HBB:c.5T>C,NM_000518.4:c.5T>C,HBB,VUS,VUS,EAS,0,-8
HBB:c.5T>C,NM_000518.4:c.5T>C,HBB,VUS,VUS,NFE,2.57665e-6,-5.587262331759677
HBB:c.5T>C,NM_000518.4:c.5T>C,HBB,VUS,VUS,SAS,0,-8
HBB:c.5T>C,NM_000518.4:c.5T>C,HBB,VUS,VUS,FIN,0,-8
HBB:c.5T>C,NM_000518.4:c.5T>C,HBB,VUS,VUS,ASJ,0,-8
HBB:c.5T>C,NM_000518.4:c.5T>C,HBB,VUS,VUS,MID,0,-8
HBB:c.8A>G,NM_000518.4:c.8A>G,HBB,P/LP,P/LP,Overall,1.87754e-6,-5.724103836204625
HBB:c.8A>G,NM_000518.4:c.8A>G,HBB,P/LP,P/LP,POPMAX,2.57497e-6,-5.587544492767354
HBB:c.8A>G,NM_000518.4:c.8A>G,HBB,P/LP,P/LP,AFR,0,-8
HBB:c.8A>G,NM_000518.4:c.8A>G,HBB,P/LP,P/LP,AMR,0,-8
HBB:c.8A>G,NM_000518.4:c.8A>G,HBB,P/LP,P/LP,EAS,0,-8
HBB:c.8A>G,NM_000518.4:c.8A>G,HBB,P/LP,P/LP,NFE,2.57497e-6,-5.587544492767354
HBB:c.8A>G,NM_000518.4:c.8A>G,HBB,P/LP,P/LP,SAS,0,-8
HBB:c.8A>G,NM_000518.4:c.8A>G,HBB,P/LP,P/LP,FIN,0,-8
HBB:c.8A>G,NM_000518.4:c.8A>G,HBB,P/LP,P/LP,ASJ,0,-8
HBB:c.8A>G,NM_000518.4:c.8A>G,HBB,P/LP,P/LP,MID,0,-8
HBB:c.9T>A,NM_000518.4:c.9T>A,HBB,B/LB,B/LB,Overall,1.24429e-6,-5.901602040188769
HBB:c.9T>A,NM_000518.4:c.9T>A,HBB,B/LB,B/LB,POPMAX,1.70361e-6,-5.766088012121378
HBB:c.9T>A,NM_000518.4:c.9T>A,HBB,B/LB,B/LB,AFR,0,-8
HBB:c.9T>A,NM_000518.4:c.9T>A,HBB,B/LB,B/LB,AMR,0,-8
HBB:c.9T>A,NM_000518.4:c.9T>A,HBB,B/LB,B/LB,EAS,0,-8
HBB:c.9T>A,NM_000518.4:c.9T>A,HBB,B/LB,B/LB,NFE,1.70361e-6,-5.766088012121378
HBB:c.9T>A,NM_000518.4:c.9T>A,HBB,B/LB,B/LB,SAS,0,-8
HBB:c.9T>A,NM_000518.4:c.9T>A,HBB,B/LB,B/LB,FIN,0,-8
HBB:c.9T>A,NM_000518.4:c.9T>A,HBB,B/LB,B/LB,ASJ,0,-8
HBB:c.9T>A,NM_000518.4:c.9T>A,HBB,B/LB,B/LB,MID,0,-8
HBB:c.16C>T,NM_000518.4:c.16C>T,HBB,VUS,VUS,Overall,1.6149e-5,-4.791585519051519
HBB:c.16C>T,NM_000518.4:c.16C>T,HBB,VUS,VUS,POPMAX,2.19727e-5,-4.657918966913126
HBB:c.16C>T,NM_000518.4:c.16C>T,HBB,VUS,VUS,AFR,1.33469e-5,-4.874294325476831
HBB:c.16C>T,NM_000518.4:c.16C>T,HBB,VUS,VUS,AMR,0,-8
HBB:c.16C>T,NM_000518.4:c.16C>T,HBB,VUS,VUS,EAS,0,-8
HBB:c.16C>T,NM_000518.4:c.16C>T,HBB,VUS,VUS,NFE,1.95539e-5,-4.708544565721906
HBB:c.16C>T,NM_000518.4:c.16C>T,HBB,VUS,VUS,SAS,2.19727e-5,-4.657918966913126
HBB:c.16C>T,NM_000518.4:c.16C>T,HBB,VUS,VUS,FIN,0,-8
HBB:c.16C>T,NM_000518.4:c.16C>T,HBB,VUS,VUS,ASJ,0,-8
HBB:c.16C>T,NM_000518.4:c.16C>T,HBB,VUS,VUS,MID,0,-8
HBB:c.16C>G,NM_000518.4:c.16C>G,HBB,VUS,VUS,Overall,8.69622e-6,-5.0601703627266525
HBB:c.16C>G,NM_000518.4:c.16C>G,HBB,VUS,VUS,POPMAX,1.19022e-5,-4.924008023603159
HBB:c.16C>G,NM_000518.4:c.16C>G,HBB,VUS,VUS,AFR,0,-8
HBB:c.16C>G,NM_000518.4:c.16C>G,HBB,VUS,VUS,AMR,0,-8
HBB:c.16C>G,NM_000518.4:c.16C>G,HBB,VUS,VUS,EAS,0,-8
HBB:c.16C>G,NM_000518.4:c.16C>G,HBB,VUS,VUS,NFE,1.19022e-5,-4.924008023603159
HBB:c.16C>G,NM_000518.4:c.16C>G,HBB,VUS,VUS,SAS,0,-8
HBB:c.16C>G,NM_000518.4:c.16C>G,HBB,VUS,VUS,FIN,0,-8
HBB:c.16C>G,NM_000518.4:c.16C>G,HBB,VUS,VUS,ASJ,0,-8
HBB:c.16C>G,NM_000518.4:c.16C>G,HBB,VUS,VUS,MID,0,-8
HBB:c.19G>A,NM_000518.4:c.19G>A,HBB,B/LB,B/LB,Overall,7.36175e-4,-3.133013035685324
HBB:c.19G>A,NM_000518.4:c.19G>A,HBB,B/LB,B/LB,POPMAX,0.0145191,-1.838060004430365
HBB:c.19G>A,NM_000518.4:c.19G>A,HBB,B/LB,B/LB,AFR,0.0145191,-1.838060004430365
HBB:c.19G>A,NM_000518.4:c.19G>A,HBB,B/LB,B/LB,AMR,3.83167e-4,-3.4166005671114035
HBB:c.19G>A,NM_000518.4:c.19G>A,HBB,B/LB,B/LB,EAS,0,-8
HBB:c.19G>A,NM_000518.4:c.19G>A,HBB,B/LB,B/LB,NFE,1.10433e-5,-4.956508042537255
HBB:c.19G>A,NM_000518.4:c.19G>A,HBB,B/LB,B/LB,SAS,1.09839e-5,-4.95884821767461
HBB:c.19G>A,NM_000518.4:c.19G>A,HBB,B/LB,B/LB,FIN,0,-8
HBB:c.19G>A,NM_000518.4:c.19G>A,HBB,B/LB,B/LB,ASJ,0,-8
HBB:c.19G>A,NM_000518.4:c.19G>A,HBB,B/LB,B/LB,MID,6.6072e-4,-3.1799759738959805
HBB:c.20A>T,NM_000518.4:c.20A>T,HBB,P/LP,P/LP,Overall,0.00265235,-2.576367530266237
HBB:c.20A>T,NM_000518.4:c.20A>T,HBB,P/LP,P/LP,POPMAX,0.0494874,-1.3055052750662388
HBB:c.20A>T,NM_000518.4:c.20A>T,HBB,P/LP,P/LP,AFR,0.0494874,-1.3055052750662388
HBB:c.20A>T,NM_000518.4:c.20A>T,HBB,P/LP,P/LP,AMR,0.00331567,-2.4794273903474195
HBB:c.20A>T,NM_000518.4:c.20A>T,HBB,P/LP,P/LP,EAS,0,-8
HBB:c.20A>T,NM_000518.4:c.20A>T,HBB,P/LP,P/LP,NFE,3.90867e-5,-4.407859898160982
HBB:c.20A>T,NM_000518.4:c.20A>T,HBB,P/LP,P/LP,SAS,8.89719e-4,-3.0507422537222615
HBB:c.20A>T,NM_000518.4:c.20A>T,HBB,P/LP,P/LP,FIN,0,-8
HBB:c.20A>T,NM_000518.4:c.20A>T,HBB,P/LP,P/LP,ASJ,0,-8
HBB:c.20A>T,NM_000518.4:c.20A>T,HBB,P/LP,P/LP,MID,0.0038004,-2.4201695478220415
HBB:c.20A>C,NM_000518.4:c.20A>C,HBB,B/LB,B/LB,Overall,6.2085e-7,-6.200073892604489
HBB:c.20A>C,NM_000518.4:c.20A>C,HBB,B/LB,B/LB,POPMAX,8.4971e-7,-6.065648021593068
HBB:c.20A>C,NM_000518.4:c.20A>C,HBB,B/LB,B/LB,AFR,0,-8
HBB:c.20A>C,NM_000518.4:c.20A>C,HBB,B/LB,B/LB,AMR,0,-8
HBB:c.20A>C,NM_000518.4:c.20A>C,HBB,B/LB,B/LB,EAS,0,-8
HBB:c.20A>C,NM_000518.4:c.20A>C,HBB,B/LB,B/LB,NFE,8.4971e-7,-6.065648021593068
HBB:c.20A>C,NM_000518.4:c.20A>C,HBB,B/LB,B/LB,SAS,0,-8
HBB:c.20A>C,NM_000518.4:c.20A>C,HBB,B/LB,B/LB,FIN,0,-8
HBB:c.20A>C,NM_000518.4:c.20A>C,HBB,B/LB,B/LB,ASJ,0,-8
HBB:c.20A>C,NM_000518.4:c.20A>C,HBB,B/LB,B/LB,MID,0,-8
HBB:c.23A>G,NM_000518.4:c.23A>G,HBB,B/LB,B/LB,Overall,2.48094e-6,-5.603636733315658
HBB:c.23A>G,NM_000518.4:c.23A>G,HBB,B/LB,B/LB,POPMAX,4.998e-5,-4.30111686324741
HBB:c.23A>G,NM_000518.4:c.23A>G,HBB,B/LB,B/LB,AFR,0,-8
HBB:c.23A>G,NM_000518.4:c.23A>G,HBB,B/LB,B/LB,AMR,4.998e-5,-4.30111686324741
HBB:c.23A>G,NM_000518.4:c.23A>G,HBB,B/LB,B/LB,EAS,0,-8
HBB:c.23A>G,NM_000518.4:c.23A>G,HBB,B/LB,B/LB,NFE,8.48666e-7,-6.066175733217175
HBB:c.23A>G,NM_000518.4:c.23A>G,HBB,B/LB,B/LB,SAS,0,-8
HBB:c.23A>G,NM_000518.4:c.23A>G,HBB,B/LB,B/LB,FIN,0,-8
HBB:c.23A>G,NM_000518.4:c.23A>G,HBB,B/LB,B/LB,ASJ,0,-8
HBB:c.23A>G,NM_000518.4:c.23A>G,HBB,B/LB,B/LB,MID,0,-8
HBB:c.29C>G,NM_000518.4:c.29C>G,HBB,VUS,VUS,Overall,1.23978e-6,-5.903166429547901
HBB:c.29C>G,NM_000518.4:c.29C>G,HBB,VUS,VUS,POPMAX,8.48073e-7,-6.066475763260195
HBB:c.29C>G,NM_000518.4:c.29C>G,HBB,VUS,VUS,AFR,0,-8
HBB:c.29C>G,NM_000518.4:c.29C>G,HBB,VUS,VUS,AMR,0,-8
HBB:c.29C>G,NM_000518.4:c.29C>G,HBB,VUS,VUS,EAS,0,-8
HBB:c.29C>G,NM_000518.4:c.29C>G,HBB,VUS,VUS,NFE,8.48073e-7,-6.066475763260195
HBB:c.29C>G,NM_000518.4:c.29C>G,HBB,VUS,VUS,SAS,0,-8
HBB:c.29C>G,NM_000518.4:c.29C>G,HBB,VUS,VUS,FIN,0,-8
HBB:c.29C>G,NM_000518.4:c.29C>G,HBB,VUS,VUS,ASJ,0,-8
HBB:c.29C>G,NM_000518.4:c.29C>G,HBB,VUS,VUS,MID,0,-8
HBB:c.31G>A,NM_000518.4:c.31G>A,HBB,VUS,VUS,Overall,2.4794e-6,-5.603905314787383
HBB:c.31G>A,NM_000518.4:c.31G>A,HBB,VUS,VUS,POPMAX,3.39207e-6,-5.4682567547149334
HBB:c.31G>A,NM_000518.4:c.31G>A,HBB,VUS,VUS,AFR,0,-8
HBB:c.31G>A,NM_000518.4:c.31G>A,HBB,VUS,VUS,AMR,0,-8
HBB:c.31G>A,NM_000518.4:c.31G>A,HBB,VUS,VUS,EAS,0,-8
HBB:c.31G>A,NM_000518.4:c.31G>A,HBB,VUS,VUS,NFE,3.39207e-6,-5.4682567547149334
HBB:c.31G>A,NM_000518.4:c.31G>A,HBB,VUS,VUS,SAS,0,-8
HBB:c.31G>A,NM_000518.4:c.31G>A,HBB,VUS,VUS,FIN,0,-8
HBB:c.31G>A,NM_000518.4:c.31G>A,HBB,VUS,VUS,ASJ,0,-8
HBB:c.31G>A,NM_000518.4:c.31G>A,HBB,VUS,VUS,MID,0,-8
HBB:c.32C>T,NM_000518.4:c.32C>T,HBB,VUS,VUS,Overall,6.19957e-7,-6.2006890938798485
HBB:c.32C>T,NM_000518.4:c.32C>T,HBB,VUS,VUS,POPMAX,1.33337e-5,-4.874723730630884
HBB:c.32C>T,NM_000518.4:c.32C>T,HBB,VUS,VUS,AFR,1.33337e-5,-4.874723730630884
HBB:c.32C>T,NM_000518.4:c.32C>T,HBB,VUS,VUS,AMR,0,-8
HBB:c.32C>T,NM_000518.4:c.32C>T,HBB,VUS,VUS,EAS,0,-8
HBB:c.32C>T,NM_000518.4:c.32C>T,HBB,VUS,VUS,NFE,0,-8
HBB:c.32C>T,NM_000518.4:c.32C>T,HBB,VUS,VUS,SAS,0,-8
HBB:c.32C>T,NM_000518.4:c.32C>T,HBB,VUS,VUS,FIN,0,-8
HBB:c.32C>T,NM_000518.4:c.32C>T,HBB,VUS,VUS,ASJ,0,-8
HBB:c.32C>T,NM_000518.4:c.32C>T,HBB,VUS,VUS,MID,0,-8
HBB:c.34G>A,NM_000518.4:c.34G>A,HBB,VUS,VUS,Overall,5.45553e-5,-4.263083452703412
HBB:c.34G>A,NM_000518.4:c.34G>A,HBB,VUS,VUS,POPMAX,8.01132e-5,-4.096241713964212
HBB:c.34G>A,NM_000518.4:c.34G>A,HBB,VUS,VUS,AFR,8.01132e-5,-4.096241713964212
HBB:c.34G>A,NM_000518.4:c.34G>A,HBB,VUS,VUS,AMR,6.66644e-5,-4.176040883817488
HBB:c.34G>A,NM_000518.4:c.34G>A,HBB,VUS,VUS,EAS,0,-8
HBB:c.34G>A,NM_000518.4:c.34G>A,HBB,VUS,VUS,NFE,6.27597e-5,-4.202249947000968
HBB:c.34G>A,NM_000518.4:c.34G>A,HBB,VUS,VUS,SAS,1.09808e-5,-4.958970694934051
HBB:c.34G>A,NM_000518.4:c.34G>A,HBB,VUS,VUS,FIN,1.56138e-5,-4.80621332908095
HBB:c.34G>A,NM_000518.4:c.34G>A,HBB,VUS,VUS,ASJ,0,-8
HBB:c.34G>A,NM_000518.4:c.34G>A,HBB,VUS,VUS,MID,0,-8
HBB:c.44T>C,NM_000518.4:c.44T>C,HBB,VUS,VUS,Overall,3.71893e-6,-5.428415769199453
HBB:c.44T>C,NM_000518.4:c.44T>C,HBB,VUS,VUS,POPMAX,4.23952e-6,-5.371660122449485
HBB:c.44T>C,NM_000518.4:c.44T>C,HBB,VUS,VUS,AFR,0,-8
HBB:c.44T>C,NM_000518.4:c.44T>C,HBB,VUS,VUS,AMR,0,-8
HBB:c.44T>C,NM_000518.4:c.44T>C,HBB,VUS,VUS,EAS,0,-8
HBB:c.44T>C,NM_000518.4:c.44T>C,HBB,VUS,VUS,NFE,4.23952e-6,-5.371660122449485
HBB:c.44T>C,NM_000518.4:c.44T>C,HBB,VUS,VUS,SAS,0,-8
HBB:c.44T>C,NM_000518.4:c.44T>C,HBB,VUS,VUS,FIN,0,-8
HBB:c.44T>C,NM_000518.4:c.44T>C,HBB,VUS,VUS,ASJ,0,-8
HBB:c.44T>C,NM_000518.4:c.44T>C,HBB,VUS,VUS,MID,0,-8
HBB:c.44T>G,NM_000518.4:c.44T>G,HBB,VUS,VUS,Overall,1.23955e-6,-5.903246361154467
HBB:c.44T>G,NM_000518.4:c.44T>G,HBB,VUS,VUS,POPMAX,1.69582e-6,-5.768066797981537
HBB:c.44T>G,NM_000518.4:c.44T>G,HBB,VUS,VUS,AFR,0,-8
HBB:c.44T>G,NM_000518.4:c.44T>G,HBB,VUS,VUS,AMR,0,-8
HBB:c.44T>G,NM_000518.4:c.44T>G,HBB,VUS,VUS,EAS,0,-8
HBB:c.44T>G,NM_000518.4:c.44T>G,HBB,VUS,VUS,NFE,1.69582e-6,-5.768066797981537
HBB:c.44T>G,NM_000518.4:c.44T>G,HBB,VUS,VUS,SAS,0,-8
HBB:c.44T>G,NM_000518.4:c.44T>G,HBB,VUS,VUS,FIN,0,-8
HBB:c.44T>G,NM_000518.4:c.44T>G,HBB,VUS,VUS,ASJ,0,-8
HBB:c.44T>G,NM_000518.4:c.44T>G,HBB,VUS,VUS,MID,0,-8
HBB:c.50G>A,NM_000518.4:c.50G>A,HBB,VUS,VUS,Overall,4.89564e-5,-4.310101824052153
HBB:c.50G>A,NM_000518.4:c.50G>A,HBB,VUS,VUS,POPMAX,6.52713e-5,-4.1852112057063255
HBB:c.50G>A,NM_000518.4:c.50G>A,HBB,VUS,VUS,AFR,0,-8
HBB:c.50G>A,NM_000518.4:c.50G>A,HBB,VUS,VUS,AMR,1.66633e-5,-4.7779784355677135
HBB:c.50G>A,NM_000518.4:c.50G>A,HBB,VUS,VUS,EAS,0,-8
HBB:c.50G>A,NM_000518.4:c.50G>A,HBB,VUS,VUS,NFE,6.52713e-5,-4.1852112057063255
HBB:c.50G>A,NM_000518.4:c.50G>A,HBB,VUS,VUS,SAS,0,-8
HBB:c.50G>A,NM_000518.4:c.50G>A,HBB,VUS,VUS,FIN,0,-8
HBB:c.50G>A,NM_000518.4:c.50G>A,HBB,VUS,VUS,ASJ,0,-8
HBB:c.50G>A,NM_000518.4:c.50G>A,HBB,VUS,VUS,MID,0,-8
HBB:c.56T>G,NM_000518.4:c.56T>G,HBB,VUS,VUS,Overall,2.47851e-6,-5.60406060971759
HBB:c.56T>G,NM_000518.4:c.56T>G,HBB,VUS,VUS,POPMAX,3.39045e-6,-5.468463606609227
HBB:c.56T>G,NM_000518.4:c.56T>G,HBB,VUS,VUS,AFR,0,-8
HBB:c.56T>G,NM_000518.4:c.56T>G,HBB,VUS,VUS,AMR,0,-8
HBB:c.56T>G,NM_000518.4:c.56T>G,HBB,VUS,VUS,EAS,0,-8
HBB:c.56T>G,NM_000518.4:c.56T>G,HBB,VUS,VUS,NFE,3.39045e-6,-5.468463606609227
HBB:c.56T>G,NM_000518.4:c.56T>G,HBB,VUS,VUS,SAS,0,-8
HBB:c.56T>G,NM_000518.4:c.56T>G,HBB,VUS,VUS,FIN,0,-8
HBB:c.56T>G,NM_000518.4:c.56T>G,HBB,VUS,VUS,ASJ,0,-8
HBB:c.56T>G,NM_000518.4:c.56T>G,HBB,VUS,VUS,MID,0,-8
HBB:c.60C>A,NM_000518.4:c.60C>A,HBB,VUS,VUS,Overall,2.47865e-6,-5.604036177620778
HBB:c.60C>A,NM_000518.4:c.60C>A,HBB,VUS,VUS,POPMAX,4.95213e-4,-3.3051991932667706
HBB:c.60C>A,NM_000518.4:c.60C>A,HBB,VUS,VUS,AFR,1.33294e-5,-4.87486370434371
HBB:c.60C>A,NM_000518.4:c.60C>A,HBB,VUS,VUS,AMR,0,-8
HBB:c.60C>A,NM_000518.4:c.60C>A,HBB,VUS,VUS,EAS,0,-8
HBB:c.60C>A,NM_000518.4:c.60C>A,HBB,VUS,VUS,NFE,0,-8
HBB:c.60C>A,NM_000518.4:c.60C>A,HBB,VUS,VUS,SAS,0,-8
HBB:c.60C>A,NM_000518.4:c.60C>A,HBB,VUS,VUS,FIN,0,-8
HBB:c.60C>A,NM_000518.4:c.60C>A,HBB,VUS,VUS,ASJ,0,-8
HBB:c.60C>A,NM_000518.4:c.60C>A,HBB,VUS,VUS,MID,4.95213e-4,-3.3051991932667706
HBB:c.61G>A,NM_000518.4:c.61G>A,HBB,P/LP,P/LP,Overall,4.95724e-6,-5.303884855878024
HBB:c.61G>A,NM_000518.4:c.61G>A,HBB,P/LP,P/LP,POPMAX,3.33278e-5,-4.477063063157835
HBB:c.61G>A,NM_000518.4:c.61G>A,HBB,P/LP,P/LP,AFR,1.33458e-5,-4.874330093027874
HBB:c.61G>A,NM_000518.4:c.61G>A,HBB,P/LP,P/LP,AMR,3.33278e-5,-4.477063063157835
HBB:c.61G>A,NM_000518.4:c.61G>A,HBB,P/LP,P/LP,EAS,0,-8
HBB:c.61G>A,NM_000518.4:c.61G>A,HBB,P/LP,P/LP,NFE,4.2381e-6,-5.371805268542166
HBB:c.61G>A,NM_000518.4:c.61G>A,HBB,P/LP,P/LP,SAS,0,-8
HBB:c.61G>A,NM_000518.4:c.61G>A,HBB,P/LP,P/LP,FIN,0,-8
HBB:c.61G>A,NM_000518.4:c.61G>A,HBB,P/LP,P/LP,ASJ,0,-8
HBB:c.61G>A,NM_000518.4:c.61G>A,HBB,P/LP,P/LP,MID,0,-8
HBB:c.64G>C,NM_000518.4:c.64G>C,HBB,VUS,VUS,Overall,6.19605e-7,-6.200931831691261
HBB:c.64G>C,NM_000518.4:c.64G>C,HBB,VUS,VUS,POPMAX,8.47629e-7,-6.066700542102057
HBB:c.64G>C,NM_000518.4:c.64G>C,HBB,VUS,VUS,AFR,0,-8
HBB:c.64G>C,NM_000518.4:c.64G>C,HBB,VUS,VUS,AMR,0,-8
HBB:c.64G>C,NM_000518.4:c.64G>C,HBB,VUS,VUS,EAS,0,-8
HBB:c.64G>C,NM_000518.4:c.64G>C,HBB,VUS,VUS,NFE,8.47629e-7,-6.066700542102057
HBB:c.64G>C,NM_000518.4:c.64G>C,HBB,VUS,VUS,SAS,0,-8
HBB:c.64G>C,NM_000518.4:c.64G>C,HBB,VUS,VUS,FIN,0,-8
HBB:c.64G>C,NM_000518.4:c.64G>C,HBB,VUS,VUS,ASJ,0,-8
HBB:c.64G>C,NM_000518.4:c.64G>C,HBB,VUS,VUS,MID,0,-8
HBB:c.67G>C,NM_000518.4:c.67G>C,HBB,P/LP,P/LP,Overall,3.03634e-5,-4.517506590413313
HBB:c.67G>C,NM_000518.4:c.67G>C,HBB,P/LP,P/LP,POPMAX,5.3793e-4,-3.2692661613634475
HBB:c.67G>C,NM_000518.4:c.67G>C,HBB,P/LP,P/LP,AFR,0,-8
HBB:c.67G>C,NM_000518.4:c.67G>C,HBB,P/LP,P/LP,AMR,0,-8
HBB:c.67G>C,NM_000518.4:c.67G>C,HBB,P/LP,P/LP,EAS,0,-8
HBB:c.67G>C,NM_000518.4:c.67G>C,HBB,P/LP,P/LP,NFE,0,-8
HBB:c.67G>C,NM_000518.4:c.67G>C,HBB,P/LP,P/LP,SAS,5.3793e-4,-3.2692661613634475
HBB:c.67G>C,NM_000518.4:c.67G>C,HBB,P/LP,P/LP,FIN,0,-8
HBB:c.67G>C,NM_000518.4:c.67G>C,HBB,P/LP,P/LP,ASJ,0,-8
HBB:c.67G>C,NM_000518.4:c.67G>C,HBB,P/LP,P/LP,MID,0,-8
HBB:c.67G>A,NM_000518.4:c.67G>A,HBB,B/LB,B/LB,Overall,3.09808e-6,-5.5075078112638485
HBB:c.67G>A,NM_000518.4:c.67G>A,HBB,B/LB,B/LB,POPMAX,2.22856e-5,-4.65178083579776
HBB:c.67G>A,NM_000518.4:c.67G>A,HBB,B/LB,B/LB,AFR,0,-8
HBB:c.67G>A,NM_000518.4:c.67G>A,HBB,B/LB,B/LB,AMR,0,-8
HBB:c.67G>A,NM_000518.4:c.67G>A,HBB,B/LB,B/LB,EAS,2.22856e-5,-4.65178083579776
HBB:c.67G>A,NM_000518.4:c.67G>A,HBB,B/LB,B/LB,NFE,3.39058e-6,-5.46844700374682
HBB:c.67G>A,NM_000518.4:c.67G>A,HBB,B/LB,B/LB,SAS,0,-8
HBB:c.67G>A,NM_000518.4:c.67G>A,HBB,B/LB,B/LB,FIN,0,-8
HBB:c.67G>A,NM_000518.4:c.67G>A,HBB,B/LB,B/LB,ASJ,0,-8
HBB:c.67G>A,NM_000518.4:c.67G>A,HBB,B/LB,B/LB,MID,0,-8
HBB:c.68A>C,NM_000518.4:c.68A>C,HBB,B/LB,B/LB,Overall,3.71816e-6,-5.428505457469878
HBB:c.68A>C,NM_000518.4:c.68A>C,HBB,B/LB,B/LB,POPMAX,3.29374e-5,-4.482178851485907
HBB:c.68A>C,NM_000518.4:c.68A>C,HBB,B/LB,B/LB,AFR,0,-8
HBB:c.68A>C,NM_000518.4:c.68A>C,HBB,B/LB,B/LB,AMR,1.6665e-5,-4.777934157411414
HBB:c.68A>C,NM_000518.4:c.68A>C,HBB,B/LB,B/LB,EAS,0,-8
HBB:c.68A>C,NM_000518.4:c.68A>C,HBB,B/LB,B/LB,NFE,8.47667e-7,-6.066681299720199
HBB:c.68A>C,NM_000518.4:c.68A>C,HBB,B/LB,B/LB,SAS,3.29374e-5,-4.482178851485907
HBB:c.68A>C,NM_000518.4:c.68A>C,HBB,B/LB,B/LB,FIN,0,-8
HBB:c.68A>C,NM_000518.4:c.68A>C,HBB,B/LB,B/LB,ASJ,0,-8
HBB:c.68A>C,NM_000518.4:c.68A>C,HBB,B/LB,B/LB,MID,0,-8
HBB:c.68A>G,NM_000518.4:c.68A>G,HBB,VUS,VUS,Overall,6.19647e-7,-6.20090286152763
HBB:c.68A>G,NM_000518.4:c.68A>G,HBB,VUS,VUS,POPMAX,2.22886e-5,-4.6517224029321556
HBB:c.68A>G,NM_000518.4:c.68A>G,HBB,VUS,VUS,AFR,0,-8
HBB:c.68A>G,NM_000518.4:c.68A>G,HBB,VUS,VUS,AMR,0,-8
HBB:c.68A>G,NM_000518.4:c.68A>G,HBB,VUS,VUS,EAS,2.22886e-5,-4.6517224029321556
HBB:c.68A>G,NM_000518.4:c.68A>G,HBB,VUS,VUS,NFE,0,-8
HBB:c.68A>G,NM_000518.4:c.68A>G,HBB,VUS,VUS,SAS,0,-8
HBB:c.68A>G,NM_000518.4:c.68A>G,HBB,VUS,VUS,FIN,0,-8
HBB:c.68A>G,NM_000518.4:c.68A>G,HBB,VUS,VUS,ASJ,0,-8
HBB:c.68A>G,NM_000518.4:c.68A>G,HBB,VUS,VUS,MID,0,-8
HBB:c.70G>T,NM_000518.4:c.70G>T,HBB,P/LP,P/LP,Overall,3.098e-6,-5.507518989871123
HBB:c.70G>T,NM_000518.4:c.70G>T,HBB,P/LP,P/LP,POPMAX,4.23815e-6,-5.371800156940202
HBB:c.70G>T,NM_000518.4:c.70G>T,HBB,P/LP,P/LP,AFR,0,-8
HBB:c.70G>T,NM_000518.4:c.70G>T,HBB,P/LP,P/LP,AMR,0,-8
HBB:c.70G>T,NM_000518.4:c.70G>T,HBB,P/LP,P/LP,EAS,0,-8
HBB:c.70G>T,NM_000518.4:c.70G>T,HBB,P/LP,P/LP,NFE,4.23815e-6,-5.371800156940202
HBB:c.70G>T,NM_000518.4:c.70G>T,HBB,P/LP,P/LP,SAS,0,-8
HBB:c.70G>T,NM_000518.4:c.70G>T,HBB,P/LP,P/LP,FIN,0,-8
HBB:c.70G>T,NM_000518.4:c.70G>T,HBB,P/LP,P/LP,ASJ,0,-8
HBB:c.70G>T,NM_000518.4:c.70G>T,HBB,P/LP,P/LP,MID,0,-8
HBB:c.77G>A,NM_000518.4:c.77G>A,HBB,VUS,VUS,Overall,6.19732e-7,-6.200844237346954
HBB:c.77G>A,NM_000518.4:c.77G>A,HBB,VUS,VUS,POPMAX,1.09789e-5,-4.959045778717512
HBB:c.77G>A,NM_000518.4:c.77G>A,HBB,VUS,VUS,AFR,0,-8
HBB:c.77G>A,NM_000518.4:c.77G>A,HBB,VUS,VUS,AMR,0,-8
HBB:c.77G>A,NM_000518.4:c.77G>A,HBB,VUS,VUS,EAS,0,-8
HBB:c.77G>A,NM_000518.4:c.77G>A,HBB,VUS,VUS,NFE,0,-8
HBB:c.77G>A,NM_000518.4:c.77G>A,HBB,VUS,VUS,SAS,1.09789e-5,-4.959045778717512
HBB:c.77G>A,NM_000518.4:c.77G>A,HBB,VUS,VUS,FIN,0,-8
HBB:c.77G>A,NM_000518.4:c.77G>A,HBB,VUS,VUS,ASJ,0,-8
HBB:c.77G>A,NM_000518.4:c.77G>A,HBB,VUS,VUS,MID,0,-8
HBB:c.83C>T,NM_000518.4:c.83C>T,HBB,P/LP,P/LP,Overall,1.23973e-6,-5.903183804732715
HBB:c.83C>T,NM_000518.4:c.83C>T,HBB,P/LP,P/LP,POPMAX,2.22856e-5,-4.65178083579776
HBB:c.83C>T,NM_000518.4:c.83C>T,HBB,P/LP,P/LP,AFR,0,-8
HBB:c.83C>T,NM_000518.4:c.83C>T,HBB,P/LP,P/LP,AMR,0,-8
HBB:c.83C>T,NM_000518.4:c.83C>T,HBB,P/LP,P/LP,EAS,2.22856e-5,-4.65178083579776
HBB:c.83C>T,NM_000518.4:c.83C>T,HBB,P/LP,P/LP,NFE,0,-8
HBB:c.83C>T,NM_000518.4:c.83C>T,HBB,P/LP,P/LP,SAS,1.09813e-5,-4.958950938200982
HBB:c.83C>T,NM_000518.4:c.83C>T,HBB,P/LP,P/LP,FIN,0,-8
HBB:c.83C>T,NM_000518.4:c.83C>T,HBB,P/LP,P/LP,ASJ,0,-8
HBB:c.83C>T,NM_000518.4:c.83C>T,HBB,P/LP,P/LP,MID,0,-8
HBB:c.83C>G,NM_000518.4:c.83C>G,HBB,VUS,VUS,Overall,6.19866e-7,-6.2007518341186305
HBB:c.83C>G,NM_000518.4:c.83C>G,HBB,VUS,VUS,POPMAX,0,-8
HBB:c.83C>G,NM_000518.4:c.83C>G,HBB,VUS,VUS,AFR,0,-8
HBB:c.83C>G,NM_000518.4:c.83C>G,HBB,VUS,VUS,AMR,0,-8
HBB:c.83C>G,NM_000518.4:c.83C>G,HBB,VUS,VUS,EAS,0,-8
HBB:c.83C>G,NM_000518.4:c.83C>G,HBB,VUS,VUS,NFE,0,-8
HBB:c.83C>G,NM_000518.4:c.83C>G,HBB,VUS,VUS,SAS,0,-8
HBB:c.83C>G,NM_000518.4:c.83C>G,HBB,VUS,VUS,FIN,0,-8
HBB:c.83C>G,NM_000518.4:c.83C>G,HBB,VUS,VUS,ASJ,0,-8
HBB:c.83C>G,NM_000518.4:c.83C>G,HBB,VUS,VUS,MID,0,-8
HBB:c.88G>A,NM_000518.4:c.88G>A,HBB,VUS,VUS,Overall,6.19855e-7,-6.200759418717603
HBB:c.88G>A,NM_000518.4:c.88G>A,HBB,VUS,VUS,POPMAX,1.33308e-5,-4.874818126553797
HBB:c.88G>A,NM_000518.4:c.88G>A,HBB,VUS,VUS,AFR,1.33308e-5,-4.874818126553797
HBB:c.88G>A,NM_000518.4:c.88G>A,HBB,VUS,VUS,AMR,0,-8
HBB:c.88G>A,NM_000518.4:c.88G>A,HBB,VUS,VUS,EAS,0,-8
HBB:c.88G>A,NM_000518.4:c.88G>A,HBB,VUS,VUS,NFE,0,-8
HBB:c.88G>A,NM_000518.4:c.88G>A,HBB,VUS,VUS,SAS,0,-8
HBB:c.88G>A,NM_000518.4:c.88G>A,HBB,VUS,VUS,FIN,0,-8
HBB:c.88G>A,NM_000518.4:c.88G>A,HBB,VUS,VUS,ASJ,0,-8
HBB:c.88G>A,NM_000518.4:c.88G>A,HBB,VUS,VUS,MID,0,-8
HBB:c.93G>T,NM_000518.4:c.93G>T,HBB,VUS,VUS,Overall,1.37558e-4,-3.861482576563087
HBB:c.93G>T,NM_000518.4:c.93G>T,HBB,VUS,VUS,POPMAX,0.00329554,-2.4820720948690926
HBB:c.93G>T,NM_000518.4:c.93G>T,HBB,VUS,VUS,AFR,0,-8
HBB:c.93G>T,NM_000518.4:c.93G>T,HBB,VUS,VUS,AMR,0,-8
HBB:c.93G>T,NM_000518.4:c.93G>T,HBB,VUS,VUS,EAS,0,-8
HBB:c.93G>T,NM_000518.4:c.93G>T,HBB,VUS,VUS,NFE,3.39046e-6,-5.46846232944343
HBB:c.93G>T,NM_000518.4:c.93G>T,HBB,VUS,VUS,SAS,0,-8
HBB:c.93G>T,NM_000518.4:c.93G>T,HBB,VUS,VUS,FIN,0.00329554,-2.4820720948690926
HBB:c.93G>T,NM_000518.4:c.93G>T,HBB,VUS,VUS,ASJ,0,-8
HBB:c.93G>T,NM_000518.4:c.93G>T,HBB,VUS,VUS,MID,0,-8
HBB:c.122G>A,NM_000518.4:c.122G>A,HBB,P/LP,P/LP,Overall,2.10654e-5,-4.676224173944301
HBB:c.122G>A,NM_000518.4:c.122G>A,HBB,P/LP,P/LP,POPMAX,2.71182e-5,-4.566579021424595
HBB:c.122G>A,NM_000518.4:c.122G>A,HBB,P/LP,P/LP,AFR,0,-8
HBB:c.122G>A,NM_000518.4:c.122G>A,HBB,P/LP,P/LP,AMR,0,-8
HBB:c.122G>A,NM_000518.4:c.122G>A,HBB,P/LP,P/LP,EAS,0,-8
HBB:c.122G>A,NM_000518.4:c.122G>A,HBB,P/LP,P/LP,NFE,2.71182e-5,-4.566579021424595
HBB:c.122G>A,NM_000518.4:c.122G>A,HBB,P/LP,P/LP,SAS,0,-8
HBB:c.122G>A,NM_000518.4:c.122G>A,HBB,P/LP,P/LP,FIN,0,-8
HBB:c.122G>A,NM_000518.4:c.122G>A,HBB,P/LP,P/LP,ASJ,0,-8
HBB:c.122G>A,NM_000518.4:c.122G>A,HBB,P/LP,P/LP,MID,0,-8
HBB:c.123G>T,NM_000518.4:c.123G>T,HBB,P/LP,P/LP,Overall,6.19579e-7,-6.200949766570566
HBB:c.123G>T,NM_000518.4:c.123G>T,HBB,P/LP,P/LP,POPMAX,1.66711e-5,-4.777775314119233
HBB:c.123G>T,NM_000518.4:c.123G>T,HBB,P/LP,P/LP,AFR,0,-8
HBB:c.123G>T,NM_000518.4:c.123G>T,HBB,P/LP,P/LP,AMR,1.66711e-5,-4.777775314119233
HBB:c.123G>T,NM_000518.4:c.123G>T,HBB,P/LP,P/LP,EAS,0,-8
HBB:c.123G>T,NM_000518.4:c.123G>T,HBB,P/LP,P/LP,NFE,0,-8
HBB:c.123G>T,NM_000518.4:c.123G>T,HBB,P/LP,P/LP,SAS,0,-8
HBB:c.123G>T,NM_000518.4:c.123G>T,HBB,P/LP,P/LP,FIN,0,-8
HBB:c.123G>T,NM_000518.4:c.123G>T,HBB,P/LP,P/LP,ASJ,0,-8
HBB:c.123G>T,NM_000518.4:c.123G>T,HBB,P/LP,P/LP,MID,0,-8
HBB:c.131A>C,NM_000518.4:c.131A>C,HBB,VUS,VUS,Overall,6.1961e-7,-6.200928382760921
HBB:c.131A>C,NM_000518.4:c.131A>C,HBB,VUS,VUS,POPMAX,1.33565e-5,-4.873982297276407
HBB:c.131A>C,NM_000518.4:c.131A>C,HBB,VUS,VUS,AFR,1.33565e-5,-4.873982297276407
HBB:c.131A>C,NM_000518.4:c.131A>C,HBB,VUS,VUS,AMR,0,-8
HBB:c.131A>C,NM_000518.4:c.131A>C,HBB,VUS,VUS,EAS,0,-8
HBB:c.131A>C,NM_000518.4:c.131A>C,HBB,VUS,VUS,NFE,0,-8
HBB:c.131A>C,NM_000518.4:c.131A>C,HBB,VUS,VUS,SAS,0,-8
HBB:c.131A>C,NM_000518.4:c.131A>C,HBB,VUS,VUS,FIN,0,-8
HBB:c.131A>C,NM_000518.4:c.131A>C,HBB,VUS,VUS,ASJ,0,-8
HBB:c.131A>C,NM_000518.4:c.131A>C,HBB,VUS,VUS,MID,0,-8
HBB:c.140G>A,NM_000518.4:c.140G>A,HBB,VUS,VUS,Overall,6.19558e-7,-6.200964252975335
HBB:c.140G>A,NM_000518.4:c.140G>A,HBB,VUS,VUS,POPMAX,8.47453e-7,-6.066789675833369
HBB:c.140G>A,NM_000518.4:c.140G>A,HBB,VUS,VUS,AFR,0,-8
HBB:c.140G>A,NM_000518.4:c.140G>A,HBB,VUS,VUS,AMR,0,-8
HBB:c.140G>A,NM_000518.4:c.140G>A,HBB,VUS,VUS,EAS,0,-8
HBB:c.140G>A,NM_000518.4:c.140G>A,HBB,VUS,VUS,NFE,8.47453e-7,-6.066789675833369
HBB:c.140G>A,NM_000518.4:c.140G>A,HBB,VUS,VUS,SAS,0,-8
HBB:c.140G>A,NM_000518.4:c.140G>A,HBB,VUS,VUS,FIN,0,-8
HBB:c.140G>A,NM_000518.4:c.140G>A,HBB,VUS,VUS,ASJ,0,-8
HBB:c.140G>A,NM_000518.4:c.140G>A,HBB,VUS,VUS,MID,0,-8
HBB:c.142G>A,NM_000518.4:c.142G>A,HBB,VUS,VUS,Overall,6.19532e-7,-6.2009821891936054
HBB:c.142G>A,NM_000518.4:c.142G>A,HBB,VUS,VUS,POPMAX,8.47448e-7,-6.0667922083088985
HBB:c.142G>A,NM_000518.4:c.142G>A,HBB,VUS,VUS,AFR,0,-8
HBB:c.142G>A,NM_000518.4:c.142G>A,HBB,VUS,VUS,AMR,0,-8
HBB:c.142G>A,NM_000518.4:c.142G>A,HBB,VUS,VUS,EAS,0,-8
HBB:c.142G>A,NM_000518.4:c.142G>A,HBB,VUS,VUS,NFE,8.47448e-7,-6.0667922083088985
HBB:c.142G>A,NM_000518.4:c.142G>A,HBB,VUS,VUS,SAS,0,-8
HBB:c.142G>A,NM_000518.4:c.142G>A,HBB,VUS,VUS,FIN,0,-8
HBB:c.142G>A,NM_000518.4:c.142G>A,HBB,VUS,VUS,ASJ,0,-8
HBB:c.142G>A,NM_000518.4:c.142G>A,HBB,VUS,VUS,MID,0,-8
HBB:c.149C>T,NM_000518.4:c.149C>T,HBB,VUS,VUS,Overall,6.19581e-7,-6.20094838693817
HBB:c.149C>T,NM_000518.4:c.149C>T,HBB,VUS,VUS,POPMAX,1.66667e-5,-4.777889883768998
HBB:c.149C>T,NM_000518.4:c.149C>T,HBB,VUS,VUS,AFR,0,-8
HBB:c.149C>T,NM_000518.4:c.149C>T,HBB,VUS,VUS,AMR,1.66667e-5,-4.777889883768998
HBB:c.149C>T,NM_000518.4:c.149C>T,HBB,VUS,VUS,EAS,0,-8
HBB:c.149C>T,NM_000518.4:c.149C>T,HBB,VUS,VUS,NFE,0,-8
HBB:c.149C>T,NM_000518.4:c.149C>T,HBB,VUS,VUS,SAS,0,-8
HBB:c.149C>T,NM_000518.4:c.149C>T,HBB,VUS,VUS,FIN,0,-8
HBB:c.149C>T,NM_000518.4:c.149C>T,HBB,VUS,VUS,ASJ,0,-8
HBB:c.149C>T,NM_000518.4:c.149C>T,HBB,VUS,VUS,MID,0,-8
HBB:c.151A>T,NM_000518.4:c.151A>T,HBB,VUS,VUS,Overall,6.19657e-6,-5.207148342111962
HBB:c.151A>T,NM_000518.4:c.151A>T,HBB,VUS,VUS,POPMAX,2.22916e-5,-4.65166397792744
HBB:c.151A>T,NM_000518.4:c.151A>T,HBB,VUS,VUS,AFR,1.33526e-5,-4.874109031696304
HBB:c.151A>T,NM_000518.4:c.151A>T,HBB,VUS,VUS,AMR,0,-8
HBB:c.151A>T,NM_000518.4:c.151A>T,HBB,VUS,VUS,EAS,2.22916e-5,-4.65166397792744
HBB:c.151A>T,NM_000518.4:c.151A>T,HBB,VUS,VUS,NFE,5.08494e-6,-5.292860926048594
HBB:c.151A>T,NM_000518.4:c.151A>T,HBB,VUS,VUS,SAS,0,-8
HBB:c.151A>T,NM_000518.4:c.151A>T,HBB,VUS,VUS,FIN,1.56299e-5,-4.805766028103986
HBB:c.151A>T,NM_000518.4:c.151A>T,HBB,VUS,VUS,ASJ,0,-8
HBB:c.151A>T,NM_000518.4:c.151A>T,HBB,VUS,VUS,MID,0,-8
HBB:c.155C>A,NM_000518.4:c.155C>A,HBB,VUS,VUS,Overall,4.95656e-6,-5.30394431353736
HBB:c.155C>A,NM_000518.4:c.155C>A,HBB,VUS,VUS,POPMAX,2.22727e-5,-4.652032186745326
HBB:c.155C>A,NM_000518.4:c.155C>A,HBB,VUS,VUS,AFR,0,-8
HBB:c.155C>A,NM_000518.4:c.155C>A,HBB,VUS,VUS,AMR,0,-8
HBB:c.155C>A,NM_000518.4:c.155C>A,HBB,VUS,VUS,EAS,2.22727e-5,-4.652032186745326
HBB:c.155C>A,NM_000518.4:c.155C>A,HBB,VUS,VUS,NFE,5.93211e-6,-5.226059312823363
HBB:c.155C>A,NM_000518.4:c.155C>A,HBB,VUS,VUS,SAS,0,-8
HBB:c.155C>A,NM_000518.4:c.155C>A,HBB,VUS,VUS,FIN,0,-8
HBB:c.155C>A,NM_000518.4:c.155C>A,HBB,VUS,VUS,ASJ,0,-8
HBB:c.155C>A,NM_000518.4:c.155C>A,HBB,VUS,VUS,MID,0,-8
HBB:c.157G>A,NM_000518.4:c.157G>A,HBB,B/LB,B/LB,Overall,8.67395e-6,-5.061282685768816
HBB:c.157G>A,NM_000518.4:c.157G>A,HBB,B/LB,B/LB,POPMAX,1.56157e-5,-4.806160518026908
HBB:c.157G>A,NM_000518.4:c.157G>A,HBB,B/LB,B/LB,AFR,1.33494e-5,-4.874213046541655
HBB:c.157G>A,NM_000518.4:c.157G>A,HBB,B/LB,B/LB,AMR,0,-8
HBB:c.157G>A,NM_000518.4:c.157G>A,HBB,B/LB,B/LB,EAS,0,-8
HBB:c.157G>A,NM_000518.4:c.157G>A,HBB,B/LB,B/LB,NFE,1.01693e-5,-4.992282086104357
HBB:c.157G>A,NM_000518.4:c.157G>A,HBB,B/LB,B/LB,SAS,0,-8
HBB:c.157G>A,NM_000518.4:c.157G>A,HBB,B/LB,B/LB,FIN,1.56157e-5,-4.806160518026908
HBB:c.157G>A,NM_000518.4:c.157G>A,HBB,B/LB,B/LB,ASJ,0,-8
HBB:c.157G>A,NM_000518.4:c.157G>A,HBB,B/LB,B/LB,MID,0,-8
HBB:c.158A>G,NM_000518.4:c.158A>G,HBB,VUS,VUS,Overall,6.19543e-7,-6.200974600703164
HBB:c.158A>G,NM_000518.4:c.158A>G,HBB,VUS,VUS,POPMAX,8.47452e-7,-6.066790182327293
HBB:c.158A>G,NM_000518.4:c.158A>G,HBB,VUS,VUS,AFR,0,-8
HBB:c.158A>G,NM_000518.4:c.158A>G,HBB,VUS,VUS,AMR,0,-8
HBB:c.158A>G,NM_000518.4:c.158A>G,HBB,VUS,VUS,EAS,0,-8
HBB:c.158A>G,NM_000518.4:c.158A>G,HBB,VUS,VUS,NFE,8.47452e-7,-6.066790182327293
HBB:c.158A>G,NM_000518.4:c.158A>G,HBB,VUS,VUS,SAS,0,-8
HBB:c.158A>G,NM_000518.4:c.158A>G,HBB,VUS,VUS,FIN,0,-8
HBB:c.158A>G,NM_000518.4:c.158A>G,HBB,VUS,VUS,ASJ,0,-8
HBB:c.158A>G,NM_000518.4:c.158A>G,HBB,VUS,VUS,MID,0,-8
HBB:c.160G>A,NM_000518.4:c.160G>A,HBB,VUS,VUS,Overall,2.4781e-6,-5.604132168766012
HBB:c.160G>A,NM_000518.4:c.160G>A,HBB,VUS,VUS,POPMAX,3.29388e-5,-4.482160397848983
HBB:c.160G>A,NM_000518.4:c.160G>A,HBB,VUS,VUS,AFR,0,-8
HBB:c.160G>A,NM_000518.4:c.160G>A,HBB,VUS,VUS,AMR,0,-8
HBB:c.160G>A,NM_000518.4:c.160G>A,HBB,VUS,VUS,EAS,0,-8
HBB:c.160G>A,NM_000518.4:c.160G>A,HBB,VUS,VUS,NFE,8.47445e-7,-6.066793727801305
HBB:c.160G>A,NM_000518.4:c.160G>A,HBB,VUS,VUS,SAS,3.29388e-5,-4.482160397848983
HBB:c.160G>A,NM_000518.4:c.160G>A,HBB,VUS,VUS,FIN,0,-8
HBB:c.160G>A,NM_000518.4:c.160G>A,HBB,VUS,VUS,ASJ,0,-8
HBB:c.160G>A,NM_000518.4:c.160G>A,HBB,VUS,VUS,MID,0,-8
HBB:c.182T>C,NM_000518.4:c.182T>C,HBB,VUS,VUS,Overall,6.19555e-7,-6.200966322501177
HBB:c.182T>C,NM_000518.4:c.182T>C,HBB,VUS,VUS,POPMAX,8.47453e-7,-6.066789675833369
HBB:c.182T>C,NM_000518.4:c.182T>C,HBB,VUS,VUS,AFR,0,-8
HBB:c.182T>C,NM_000518.4:c.182T>C,HBB,VUS,VUS,AMR,0,-8
HBB:c.182T>C,NM_000518.4:c.182T>C,HBB,VUS,VUS,EAS,0,-8
HBB:c.182T>C,NM_000518.4:c.182T>C,HBB,VUS,VUS,NFE,8.47453e-7,-6.066789675833369
HBB:c.182T>C,NM_000518.4:c.182T>C,HBB,VUS,VUS,SAS,0,-8
HBB:c.182T>C,NM_000518.4:c.182T>C,HBB,VUS,VUS,FIN,0,-8
HBB:c.182T>C,NM_000518.4:c.182T>C,HBB,VUS,VUS,ASJ,0,-8
HBB:c.182T>C,NM_000518.4:c.182T>C,HBB,VUS,VUS,MID,0,-8
HBB:c.186G>C,NM_000518.4:c.186G>C,HBB,VUS,VUS,Overall,6.19535e-7,-6.2009801195921535
HBB:c.186G>C,NM_000518.4:c.186G>C,HBB,VUS,VUS,POPMAX,8.47443e-7,-6.066794740799196
HBB:c.186G>C,NM_000518.4:c.186G>C,HBB,VUS,VUS,AFR,0,-8
HBB:c.186G>C,NM_000518.4:c.186G>C,HBB,VUS,VUS,AMR,0,-8
HBB:c.186G>C,NM_000518.4:c.186G>C,HBB,VUS,VUS,EAS,0,-8
HBB:c.186G>C,NM_000518.4:c.186G>C,HBB,VUS,VUS,NFE,8.47443e-7,-6.066794740799196
HBB:c.186G>C,NM_000518.4:c.186G>C,HBB,VUS,VUS,SAS,0,-8
HBB:c.186G>C,NM_000518.4:c.186G>C,HBB,VUS,VUS,FIN,0,-8
HBB:c.186G>C,NM_000518.4:c.186G>C,HBB,VUS,VUS,ASJ,0,-8
HBB:c.186G>C,NM_000518.4:c.186G>C,HBB,VUS,VUS,MID,0,-8
HBB:c.186G>T,NM_000518.4:c.186G>T,HBB,VUS,VUS,Overall,6.19535e-7,-6.2009801195921535
HBB:c.186G>T,NM_000518.4:c.186G>T,HBB,VUS,VUS,POPMAX,2.22846e-5,-4.6518003151668585
HBB:c.186G>T,NM_000518.4:c.186G>T,HBB,VUS,VUS,AFR,0,-8
HBB:c.186G>T,NM_000518.4:c.186G>T,HBB,VUS,VUS,AMR,0,-8
HBB:c.186G>T,NM_000518.4:c.186G>T,HBB,VUS,VUS,EAS,2.22846e-5,-4.6518003151668585
HBB:c.186G>T,NM_000518.4:c.186G>T,HBB,VUS,VUS,NFE,0,-8
HBB:c.186G>T,NM_000518.4:c.186G>T,HBB,VUS,VUS,SAS,0,-8
HBB:c.186G>T,NM_000518.4:c.186G>T,HBB,VUS,VUS,FIN,0,-8
HBB:c.186G>T,NM_000518.4:c.186G>T,HBB,VUS,VUS,ASJ,0,-8
HBB:c.186G>T,NM_000518.4:c.186G>T,HBB,VUS,VUS,MID,0,-8
HBB:c.194G>A,NM_000518.4:c.194G>A,HBB,P/LP,P/LP,Overall,6.19538e-7,-6.200978050000564
HBB:c.194G>A,NM_000518.4:c.194G>A,HBB,P/LP,P/LP,POPMAX,3.37815e-5,-4.471192529525372
HBB:c.194G>A,NM_000518.4:c.194G>A,HBB,P/LP,P/LP,AFR,0,-8
HBB:c.194G>A,NM_000518.4:c.194G>A,HBB,P/LP,P/LP,AMR,0,-8
HBB:c.194G>A,NM_000518.4:c.194G>A,HBB,P/LP,P/LP,EAS,0,-8
HBB:c.194G>A,NM_000518.4:c.194G>A,HBB,P/LP,P/LP,NFE,0,-8
HBB:c.194G>A,NM_000518.4:c.194G>A,HBB,P/LP,P/LP,SAS,0,-8
HBB:c.194G>A,NM_000518.4:c.194G>A,HBB,P/LP,P/LP,FIN,0,-8
HBB:c.194G>A,NM_000518.4:c.194G>A,HBB,P/LP,P/LP,ASJ,3.37815e-5,-4.471192529525372
HBB:c.194G>A,NM_000518.4:c.194G>A,HBB,P/LP,P/LP,MID,0,-8
HBB:c.198G>C,NM_000518.4:c.198G>C,HBB,VUS,VUS,Overall,1.23907e-6,-5.9034132223449465
HBB:c.198G>C,NM_000518.4:c.198G>C,HBB,VUS,VUS,POPMAX,1.69489e-6,-5.768303636574194
HBB:c.198G>C,NM_000518.4:c.198G>C,HBB,VUS,VUS,AFR,0,-8
HBB:c.198G>C,NM_000518.4:c.198G>C,HBB,VUS,VUS,AMR,0,-8
HBB:c.198G>C,NM_000518.4:c.198G>C,HBB,VUS,VUS,EAS,0,-8
HBB:c.198G>C,NM_000518.4:c.198G>C,HBB,VUS,VUS,NFE,1.69489e-6,-5.768303636574194
HBB:c.198G>C,NM_000518.4:c.198G>C,HBB,VUS,VUS,SAS,0,-8
HBB:c.198G>C,NM_000518.4:c.198G>C,HBB,VUS,VUS,FIN,0,-8
HBB:c.198G>C,NM_000518.4:c.198G>C,HBB,VUS,VUS,ASJ,0,-8
HBB:c.198G>C,NM_000518.4:c.198G>C,HBB,VUS,VUS,MID,0,-8
HBB:c.208G>A,NM_000518.4:c.208G>A,HBB,B/LB,B/LB,Overall,4.94421e-4,-3.3058943075250813
HBB:c.208G>A,NM_000518.4:c.208G>A,HBB,B/LB,B/LB,POPMAX,0.0181407,-1.7413457193129736
HBB:c.208G>A,NM_000518.4:c.208G>A,HBB,B/LB,B/LB,AFR,3.46685e-4,-3.4600524216492503
HBB:c.208G>A,NM_000518.4:c.208G>A,HBB,B/LB,B/LB,AMR,2.9999e-4,-3.5228787452803374
HBB:c.208G>A,NM_000518.4:c.208G>A,HBB,B/LB,B/LB,EAS,0,-8
HBB:c.208G>A,NM_000518.4:c.208G>A,HBB,B/LB,B/LB,NFE,1.05934e-4,-3.974923633957218
HBB:c.208G>A,NM_000518.4:c.208G>A,HBB,B/LB,B/LB,SAS,6.58762e-5,-4.1812055397528365
HBB:c.208G>A,NM_000518.4:c.208G>A,HBB,B/LB,B/LB,FIN,0,-8
HBB:c.208G>A,NM_000518.4:c.208G>A,HBB,B/LB,B/LB,ASJ,0.0181407,-1.7413457193129736
HBB:c.208G>A,NM_000518.4:c.208G>A,HBB,B/LB,B/LB,MID,3.30033e-4,-3.4814294739216733
HBB:c.208G>C,NM_000518.4:c.208G>C,HBB,B/LB,B/LB,Overall,6.19574e-7,-6.20095321567073
HBB:c.208G>C,NM_000518.4:c.208G>C,HBB,B/LB,B/LB,POPMAX,8.47471e-7,-6.066780559043733
HBB:c.208G>C,NM_000518.4:c.208G>C,HBB,B/LB,B/LB,AFR,0,-8
HBB:c.208G>C,NM_000518.4:c.208G>C,HBB,B/LB,B/LB,AMR,0,-8
HBB:c.208G>C,NM_000518.4:c.208G>C,HBB,B/LB,B/LB,EAS,0,-8
HBB:c.208G>C,NM_000518.4:c.208G>C,HBB,B/LB,B/LB,NFE,8.47471e-7,-6.066780559043733
HBB:c.208G>C,NM_000518.4:c.208G>C,HBB,B/LB,B/LB,SAS,0,-8
HBB:c.208G>C,NM_000518.4:c.208G>C,HBB,B/LB,B/LB,FIN,0,-8
HBB:c.208G>C,NM_000518.4:c.208G>C,HBB,B/LB,B/LB,ASJ,0,-8
HBB:c.208G>C,NM_000518.4:c.208G>C,HBB,B/LB,B/LB,MID,0,-8
HBB:c.209G>A,NM_000518.4:c.209G>A,HBB,B/LB,B/LB,Overall,1.23919e-6,-5.903371501036621
HBB:c.209G>A,NM_000518.4:c.209G>A,HBB,B/LB,B/LB,POPMAX,1.66711e-5,-4.777775314119233
HBB:c.209G>A,NM_000518.4:c.209G>A,HBB,B/LB,B/LB,AFR,0,-8
HBB:c.209G>A,NM_000518.4:c.209G>A,HBB,B/LB,B/LB,AMR,1.66711e-5,-4.777775314119233
HBB:c.209G>A,NM_000518.4:c.209G>A,HBB,B/LB,B/LB,EAS,0,-8
HBB:c.209G>A,NM_000518.4:c.209G>A,HBB,B/LB,B/LB,NFE,8.47442e-7,-6.066795247299028
HBB:c.209G>A,NM_000518.4:c.209G>A,HBB,B/LB,B/LB,SAS,0,-8
HBB:c.209G>A,NM_000518.4:c.209G>A,HBB,B/LB,B/LB,FIN,0,-8
HBB:c.209G>A,NM_000518.4:c.209G>A,HBB,B/LB,B/LB,ASJ,0,-8
HBB:c.209G>A,NM_000518.4:c.209G>A,HBB,B/LB,B/LB,MID,0,-8
HBB:c.212C>T,NM_000518.4:c.212C>T,HBB,VUS,VUS,Overall,6.19533e-7,-6.2009814993253585
HBB:c.212C>T,NM_000518.4:c.212C>T,HBB,VUS,VUS,POPMAX,8.47448e-7,-6.0667922083088985
HBB:c.212C>T,NM_000518.4:c.212C>T,HBB,VUS,VUS,AFR,0,-8
HBB:c.212C>T,NM_000518.4:c.212C>T,HBB,VUS,VUS,AMR,0,-8
HBB:c.212C>T,NM_000518.4:c.212C>T,HBB,VUS,VUS,EAS,0,-8
HBB:c.212C>T,NM_000518.4:c.212C>T,HBB,VUS,VUS,NFE,8.47448e-7,-6.0667922083088985
HBB:c.212C>T,NM_000518.4:c.212C>T,HBB,VUS,VUS,SAS,0,-8
HBB:c.212C>T,NM_000518.4:c.212C>T,HBB,VUS,VUS,FIN,0,-8
HBB:c.212C>T,NM_000518.4:c.212C>T,HBB,VUS,VUS,ASJ,0,-8
HBB:c.212C>T,NM_000518.4:c.212C>T,HBB,VUS,VUS,MID,0,-8
HBB:c.220G>A,NM_000518.4:c.220G>A,HBB,B/LB,B/LB,Overall,6.81535e-6,-5.165875073346359
HBB:c.220G>A,NM_000518.4:c.220G>A,HBB,B/LB,B/LB,POPMAX,1.2017e-4,-3.9201678003227802
HBB:c.220G>A,NM_000518.4:c.220G>A,HBB,B/LB,B/LB,AFR,1.2017e-4,-3.9201678003227802
HBB:c.220G>A,NM_000518.4:c.220G>A,HBB,B/LB,B/LB,AMR,1.66644e-5,-4.7779497844805165
HBB:c.220G>A,NM_000518.4:c.220G>A,HBB,B/LB,B/LB,EAS,0,-8
HBB:c.220G>A,NM_000518.4:c.220G>A,HBB,B/LB,B/LB,NFE,0,-8
HBB:c.220G>A,NM_000518.4:c.220G>A,HBB,B/LB,B/LB,SAS,1.09796e-5,-4.959018114760696
HBB:c.220G>A,NM_000518.4:c.220G>A,HBB,B/LB,B/LB,FIN,0,-8
HBB:c.220G>A,NM_000518.4:c.220G>A,HBB,B/LB,B/LB,ASJ,0,-8
HBB:c.220G>A,NM_000518.4:c.220G>A,HBB,B/LB,B/LB,MID,0,-8
HBB:c.223G>A,NM_000518.4:c.223G>A,HBB,VUS,VUS,Overall,3.71743e-6,-5.4285905037164675
HBB:c.223G>A,NM_000518.4:c.223G>A,HBB,VUS,VUS,POPMAX,5.08467e-6,-5.292883941553631
HBB:c.223G>A,NM_000518.4:c.223G>A,HBB,VUS,VUS,AFR,0,-8
HBB:c.223G>A,NM_000518.4:c.223G>A,HBB,VUS,VUS,AMR,0,-8
HBB:c.223G>A,NM_000518.4:c.223G>A,HBB,VUS,VUS,EAS,0,-8
HBB:c.223G>A,NM_000518.4:c.223G>A,HBB,VUS,VUS,NFE,5.08467e-6,-5.292883941553631
HBB:c.223G>A,NM_000518.4:c.223G>A,HBB,VUS,VUS,SAS,0,-8
HBB:c.223G>A,NM_000518.4:c.223G>A,HBB,VUS,VUS,FIN,0,-8
HBB:c.223G>A,NM_000518.4:c.223G>A,HBB,VUS,VUS,ASJ,0,-8
HBB:c.223G>A,NM_000518.4:c.223G>A,HBB,VUS,VUS,MID,0,-8
HBB:c.230C>A,NM_000518.4:c.230C>A,HBB,VUS,VUS,Overall,6.19544e-7,-6.2009739108469715
HBB:c.230C>A,NM_000518.4:c.230C>A,HBB,VUS,VUS,POPMAX,8.47436e-7,-6.066798286310423
HBB:c.230C>A,NM_000518.4:c.230C>A,HBB,VUS,VUS,AFR,0,-8
HBB:c.230C>A,NM_000518.4:c.230C>A,HBB,VUS,VUS,AMR,0,-8
HBB:c.230C>A,NM_000518.4:c.230C>A,HBB,VUS,VUS,EAS,0,-8
HBB:c.230C>A,NM_000518.4:c.230C>A,HBB,VUS,VUS,NFE,8.47436e-7,-6.066798286310423
HBB:c.230C>A,NM_000518.4:c.230C>A,HBB,VUS,VUS,SAS,0,-8
HBB:c.230C>A,NM_000518.4:c.230C>A,HBB,VUS,VUS,FIN,0,-8
HBB:c.230C>A,NM_000518.4:c.230C>A,HBB,VUS,VUS,ASJ,0,-8
HBB:c.230C>A,NM_000518.4:c.230C>A,HBB,VUS,VUS,MID,0,-8
HBB:c.248A>T,NM_000518.4:c.248A>T,HBB,P/LP,P/LP,Overall,3.09761e-6,-5.507573489702407
HBB:c.248A>T,NM_000518.4:c.248A>T,HBB,P/LP,P/LP,POPMAX,7.80762e-5,-4.107425711236748
HBB:c.248A>T,NM_000518.4:c.248A>T,HBB,P/LP,P/LP,AFR,0,-8
HBB:c.248A>T,NM_000518.4:c.248A>T,HBB,P/LP,P/LP,AMR,0,-8
HBB:c.248A>T,NM_000518.4:c.248A>T,HBB,P/LP,P/LP,EAS,0,-8
HBB:c.248A>T,NM_000518.4:c.248A>T,HBB,P/LP,P/LP,NFE,0,-8
HBB:c.248A>T,NM_000518.4:c.248A>T,HBB,P/LP,P/LP,SAS,0,-8
HBB:c.248A>T,NM_000518.4:c.248A>T,HBB,P/LP,P/LP,FIN,7.80762e-5,-4.107425711236748
HBB:c.248A>T,NM_000518.4:c.248A>T,HBB,P/LP,P/LP,ASJ,0,-8
HBB:c.248A>T,NM_000518.4:c.248A>T,HBB,P/LP,P/LP,MID,0,-8
HBB:c.248A>G,NM_000518.4:c.248A>G,HBB,VUS,VUS,Overall,1.05319e-5,-4.977081107799886
HBB:c.248A>G,NM_000518.4:c.248A>G,HBB,VUS,VUS,POPMAX,1.44063e-5,-4.841146188699299
HBB:c.248A>G,NM_000518.4:c.248A>G,HBB,VUS,VUS,AFR,0,-8
HBB:c.248A>G,NM_000518.4:c.248A>G,HBB,VUS,VUS,AMR,0,-8
HBB:c.248A>G,NM_000518.4:c.248A>G,HBB,VUS,VUS,EAS,0,-8
HBB:c.248A>G,NM_000518.4:c.248A>G,HBB,VUS,VUS,NFE,1.44063e-5,-4.841146188699299
HBB:c.248A>G,NM_000518.4:c.248A>G,HBB,VUS,VUS,SAS,0,-8
HBB:c.248A>G,NM_000518.4:c.248A>G,HBB,VUS,VUS,FIN,0,-8
HBB:c.248A>G,NM_000518.4:c.248A>G,HBB,VUS,VUS,ASJ,0,-8
HBB:c.248A>G,NM_000518.4:c.248A>G,HBB,VUS,VUS,MID,0,-8
HBB:c.250G>T,NM_000518.4:c.250G>T,HBB,B/LB,B/LB,Overall,6.19543e-7,-6.200974600703164
HBB:c.250G>T,NM_000518.4:c.250G>T,HBB,B/LB,B/LB,POPMAX,8.47443e-7,-6.066794740799196
HBB:c.250G>T,NM_000518.4:c.250G>T,HBB,B/LB,B/LB,AFR,0,-8
HBB:c.250G>T,NM_000518.4:c.250G>T,HBB,B/LB,B/LB,AMR,0,-8
HBB:c.250G>T,NM_000518.4:c.250G>T,HBB,B/LB,B/LB,EAS,0,-8
HBB:c.250G>T,NM_000518.4:c.250G>T,HBB,B/LB,B/LB,NFE,8.47443e-7,-6.066794740799196
HBB:c.250G>T,NM_000518.4:c.250G>T,HBB,B/LB,B/LB,SAS,0,-8
HBB:c.250G>T,NM_000518.4:c.250G>T,HBB,B/LB,B/LB,FIN,0,-8
HBB:c.250G>T,NM_000518.4:c.250G>T,HBB,B/LB,B/LB,ASJ,0,-8
HBB:c.250G>T,NM_000518.4:c.250G>T,HBB,B/LB,B/LB,MID,0,-8
HBB:c.251G>A,NM_000518.4:c.251G>A,HBB,B/LB,B/LB,Overall,6.19543e-7,-6.200974600703164
HBB:c.251G>A,NM_000518.4:c.251G>A,HBB,B/LB,B/LB,POPMAX,1.09801e-5,-4.958998355870358
HBB:c.251G>A,NM_000518.4:c.251G>A,HBB,B/LB,B/LB,AFR,0,-8
HBB:c.251G>A,NM_000518.4:c.251G>A,HBB,B/LB,B/LB,AMR,0,-8
HBB:c.251G>A,NM_000518.4:c.251G>A,HBB,B/LB,B/LB,EAS,0,-8
HBB:c.251G>A,NM_000518.4:c.251G>A,HBB,B/LB,B/LB,NFE,0,-8
HBB:c.251G>A,NM_000518.4:c.251G>A,HBB,B/LB,B/LB,SAS,1.09801e-5,-4.958998355870358
HBB:c.251G>A,NM_000518.4:c.251G>A,HBB,B/LB,B/LB,FIN,0,-8
HBB:c.251G>A,NM_000518.4:c.251G>A,HBB,B/LB,B/LB,ASJ,0,-8
HBB:c.251G>A,NM_000518.4:c.251G>A,HBB,B/LB,B/LB,MID,0,-8
HBB:c.253A>G,NM_000518.4:c.253A>G,HBB,VUS,VUS,Overall,6.19552e-7,-6.200968392036881
HBB:c.253A>G,NM_000518.4:c.253A>G,HBB,VUS,VUS,POPMAX,8.47443e-7,-6.066794740799196
HBB:c.253A>G,NM_000518.4:c.253A>G,HBB,VUS,VUS,AFR,0,-8
HBB:c.253A>G,NM_000518.4:c.253A>G,HBB,VUS,VUS,AMR,0,-8
HBB:c.253A>G,NM_000518.4:c.253A>G,HBB,VUS,VUS,EAS,0,-8
HBB:c.253A>G,NM_000518.4:c.253A>G,HBB,VUS,VUS,NFE,8.47443e-7,-6.066794740799196
HBB:c.253A>G,NM_000518.4:c.253A>G,HBB,VUS,VUS,SAS,0,-8
HBB:c.253A>G,NM_000518.4:c.253A>G,HBB,VUS,VUS,FIN,0,-8
HBB:c.253A>G,NM_000518.4:c.253A>G,HBB,VUS,VUS,ASJ,0,-8
HBB:c.253A>G,NM_000518.4:c.253A>G,HBB,VUS,VUS,MID,0,-8
HBB:c.262A>C,NM_000518.4:c.262A>C,HBB,B/LB,B/LB,Overall,6.07189e-5,-4.216604585306823
HBB:c.262A>C,NM_000518.4:c.262A>C,HBB,B/LB,B/LB,POPMAX,1.64366e-4,-3.784161592078496
HBB:c.262A>C,NM_000518.4:c.262A>C,HBB,B/LB,B/LB,AFR,0,-8
HBB:c.262A>C,NM_000518.4:c.262A>C,HBB,B/LB,B/LB,AMR,3.33378e-5,-4.476932811803672
HBB:c.262A>C,NM_000518.4:c.262A>C,HBB,B/LB,B/LB,EAS,0,-8
HBB:c.262A>C,NM_000518.4:c.262A>C,HBB,B/LB,B/LB,NFE,7.96606e-5,-4.098701912146496
HBB:c.262A>C,NM_000518.4:c.262A>C,HBB,B/LB,B/LB,SAS,0,-8
HBB:c.262A>C,NM_000518.4:c.262A>C,HBB,B/LB,B/LB,FIN,0,-8
HBB:c.262A>C,NM_000518.4:c.262A>C,HBB,B/LB,B/LB,ASJ,0,-8
HBB:c.262A>C,NM_000518.4:c.262A>C,HBB,B/LB,B/LB,MID,1.64366e-4,-3.784161592078496
HBB:c.263C>T,NM_000518.4:c.263C>T,HBB,VUS,VUS,Overall,1.92055e-5,-4.716348310423376
HBB:c.263C>T,NM_000518.4:c.263C>T,HBB,VUS,VUS,POPMAX,2.54234e-5,-4.59459557837969
HBB:c.263C>T,NM_000518.4:c.263C>T,HBB,VUS,VUS,AFR,0,-8
HBB:c.263C>T,NM_000518.4:c.263C>T,HBB,VUS,VUS,AMR,0,-8
HBB:c.263C>T,NM_000518.4:c.263C>T,HBB,VUS,VUS,EAS,0,-8
HBB:c.263C>T,NM_000518.4:c.263C>T,HBB,VUS,VUS,NFE,2.54234e-5,-4.59459557837969
HBB:c.263C>T,NM_000518.4:c.263C>T,HBB,VUS,VUS,SAS,1.09796e-5,-4.959018114760696
HBB:c.263C>T,NM_000518.4:c.263C>T,HBB,VUS,VUS,FIN,0,-8
HBB:c.263C>T,NM_000518.4:c.263C>T,HBB,VUS,VUS,ASJ,0,-8
HBB:c.263C>T,NM_000518.4:c.263C>T,HBB,VUS,VUS,MID,0,-8
HBB:c.263C>A,NM_000518.4:c.263C>A,HBB,VUS,VUS,Overall,6.19532e-7,-6.2009821891936054
HBB:c.263C>A,NM_000518.4:c.263C>A,HBB,VUS,VUS,POPMAX,8.47446e-7,-6.066793221303246
HBB:c.263C>A,NM_000518.4:c.263C>A,HBB,VUS,VUS,AFR,0,-8
HBB:c.263C>A,NM_000518.4:c.263C>A,HBB,VUS,VUS,AMR,0,-8
HBB:c.263C>A,NM_000518.4:c.263C>A,HBB,VUS,VUS,EAS,0,-8
HBB:c.263C>A,NM_000518.4:c.263C>A,HBB,VUS,VUS,NFE,8.47446e-7,-6.066793221303246
HBB:c.263C>A,NM_000518.4:c.263C>A,HBB,VUS,VUS,SAS,0,-8
HBB:c.263C>A,NM_000518.4:c.263C>A,HBB,VUS,VUS,FIN,0,-8
HBB:c.263C>A,NM_000518.4:c.263C>A,HBB,VUS,VUS,ASJ,0,-8
HBB:c.263C>A,NM_000518.4:c.263C>A,HBB,VUS,VUS,MID,0,-8
HBB:c.271G>A,NM_000518.4:c.271G>A,HBB,VUS,VUS,Overall,6.1953e-7,-6.200983568933386
HBB:c.271G>A,NM_000518.4:c.271G>A,HBB,VUS,VUS,POPMAX,1.09796e-5,-4.959018114760696
HBB:c.271G>A,NM_000518.4:c.271G>A,HBB,VUS,VUS,AFR,0,-8
HBB:c.271G>A,NM_000518.4:c.271G>A,HBB,VUS,VUS,AMR,0,-8
HBB:c.271G>A,NM_000518.4:c.271G>A,HBB,VUS,VUS,EAS,0,-8
HBB:c.271G>A,NM_000518.4:c.271G>A,HBB,VUS,VUS,NFE,0,-8
HBB:c.271G>A,NM_000518.4:c.271G>A,HBB,VUS,VUS,SAS,1.09796e-5,-4.959018114760696
HBB:c.271G>A,NM_000518.4:c.271G>A,HBB,VUS,VUS,FIN,0,-8
HBB:c.271G>A,NM_000518.4:c.271G>A,HBB,VUS,VUS,ASJ,0,-8
HBB:c.271G>A,NM_000518.4:c.271G>A,HBB,VUS,VUS,MID,0,-8
HBB:c.273G>C,NM_000518.4:c.273G>C,HBB,P/LP,P/LP,Overall,4.95621e-6,-5.303974919917801
HBB:c.273G>C,NM_000518.4:c.273G>C,HBB,P/LP,P/LP,POPMAX,6.77952e-6,-5.168160928034661
HBB:c.273G>C,NM_000518.4:c.273G>C,HBB,P/LP,P/LP,AFR,0,-8
HBB:c.273G>C,NM_000518.4:c.273G>C,HBB,P/LP,P/LP,AMR,0,-8
HBB:c.273G>C,NM_000518.4:c.273G>C,HBB,P/LP,P/LP,EAS,0,-8
HBB:c.273G>C,NM_000518.4:c.273G>C,HBB,P/LP,P/LP,NFE,6.77952e-6,-5.168160928034661
HBB:c.273G>C,NM_000518.4:c.273G>C,HBB,P/LP,P/LP,SAS,0,-8
HBB:c.273G>C,NM_000518.4:c.273G>C,HBB,P/LP,P/LP,FIN,0,-8
HBB:c.273G>C,NM_000518.4:c.273G>C,HBB,P/LP,P/LP,ASJ,0,-8
HBB:c.273G>C,NM_000518.4:c.273G>C,HBB,P/LP,P/LP,MID,0,-8
HBB:c.275T>G,NM_000518.4:c.275T>G,HBB,VUS,VUS,Overall,6.19522e-7,-6.2009890879363425
HBB:c.275T>G,NM_000518.4:c.275T>G,HBB,VUS,VUS,POPMAX,1.33266e-5,-4.874954874275768
HBB:c.275T>G,NM_000518.4:c.275T>G,HBB,VUS,VUS,AFR,1.33266e-5,-4.874954874275768
HBB:c.275T>G,NM_000518.4:c.275T>G,HBB,VUS,VUS,AMR,0,-8
HBB:c.275T>G,NM_000518.4:c.275T>G,HBB,VUS,VUS,EAS,0,-8
HBB:c.275T>G,NM_000518.4:c.275T>G,HBB,VUS,VUS,NFE,0,-8
HBB:c.275T>G,NM_000518.4:c.275T>G,HBB,VUS,VUS,SAS,0,-8
HBB:c.275T>G,NM_000518.4:c.275T>G,HBB,VUS,VUS,FIN,0,-8
HBB:c.275T>G,NM_000518.4:c.275T>G,HBB,VUS,VUS,ASJ,0,-8
HBB:c.275T>G,NM_000518.4:c.275T>G,HBB,VUS,VUS,MID,0,-8
HBB:c.286A>G,NM_000518.4:c.286A>G,HBB,VUS,VUS,Overall,3.09788e-6,-5.507535758321555
HBB:c.286A>G,NM_000518.4:c.286A>G,HBB,VUS,VUS,POPMAX,5.34003e-5,-4.27237498263789
HBB:c.286A>G,NM_000518.4:c.286A>G,HBB,VUS,VUS,AFR,5.34003e-5,-4.27237498263789
HBB:c.286A>G,NM_000518.4:c.286A>G,HBB,VUS,VUS,AMR,0,-8
HBB:c.286A>G,NM_000518.4:c.286A>G,HBB,VUS,VUS,EAS,0,-8
HBB:c.286A>G,NM_000518.4:c.286A>G,HBB,VUS,VUS,NFE,0,-8
HBB:c.286A>G,NM_000518.4:c.286A>G,HBB,VUS,VUS,SAS,1.09794e-5,-4.959026018568548
HBB:c.286A>G,NM_000518.4:c.286A>G,HBB,VUS,VUS,FIN,0,-8
HBB:c.286A>G,NM_000518.4:c.286A>G,HBB,VUS,VUS,ASJ,0,-8
HBB:c.286A>G,NM_000518.4:c.286A>G,HBB,VUS,VUS,MID,0,-8
HBB:c.295G>A,NM_000518.4:c.295G>A,HBB,P/LP,P/LP,Overall,1.23907e-6,-5.9034132223449465
HBB:c.295G>A,NM_000518.4:c.295G>A,HBB,P/LP,P/LP,POPMAX,1.6949e-6,-5.7683010892356075
HBB:c.295G>A,NM_000518.4:c.295G>A,HBB,P/LP,P/LP,AFR,0,-8
HBB:c.295G>A,NM_000518.4:c.295G>A,HBB,P/LP,P/LP,AMR,0,-8
HBB:c.295G>A,NM_000518.4:c.295G>A,HBB,P/LP,P/LP,EAS,0,-8
HBB:c.295G>A,NM_000518.4:c.295G>A,HBB,P/LP,P/LP,NFE,1.6949e-6,-5.7683010892356075
HBB:c.295G>A,NM_000518.4:c.295G>A,HBB,P/LP,P/LP,SAS,0,-8
HBB:c.295G>A,NM_000518.4:c.295G>A,HBB,P/LP,P/LP,FIN,0,-8
HBB:c.295G>A,NM_000518.4:c.295G>A,HBB,P/LP,P/LP,ASJ,0,-8
HBB:c.295G>A,NM_000518.4:c.295G>A,HBB,P/LP,P/LP,MID,0,-8
HBB:c.296T>G,NM_000518.4:c.296T>G,HBB,P/LP,P/LP,Overall,6.19517e-7,-6.200992537348807
HBB:c.296T>G,NM_000518.4:c.296T>G,HBB,P/LP,P/LP,POPMAX,8.47433e-7,-6.066799805824095
HBB:c.296T>G,NM_000518.4:c.296T>G,HBB,P/LP,P/LP,AFR,0,-8
HBB:c.296T>G,NM_000518.4:c.296T>G,HBB,P/LP,P/LP,AMR,0,-8
HBB:c.296T>G,NM_000518.4:c.296T>G,HBB,P/LP,P/LP,EAS,0,-8
HBB:c.296T>G,NM_000518.4:c.296T>G,HBB,P/LP,P/LP,NFE,8.47433e-7,-6.066799805824095
HBB:c.296T>G,NM_000518.4:c.296T>G,HBB,P/LP,P/LP,SAS,0,-8
HBB:c.296T>G,NM_000518.4:c.296T>G,HBB,P/LP,P/LP,FIN,0,-8
HBB:c.296T>G,NM_000518.4:c.296T>G,HBB,P/LP,P/LP,ASJ,0,-8
HBB:c.296T>G,NM_000518.4:c.296T>G,HBB,P/LP,P/LP,MID,0,-8
HBB:c.300T>A,NM_000518.4:c.300T>A,HBB,P/LP,P/LP,Overall,6.19553e-7,-6.2009677021905505
HBB:c.300T>A,NM_000518.4:c.300T>A,HBB,P/LP,P/LP,POPMAX,8.4746e-7,-6.066786130392436
HBB:c.300T>A,NM_000518.4:c.300T>A,HBB,P/LP,P/LP,AFR,0,-8
HBB:c.300T>A,NM_000518.4:c.300T>A,HBB,P/LP,P/LP,AMR,0,-8
HBB:c.300T>A,NM_000518.4:c.300T>A,HBB,P/LP,P/LP,EAS,0,-8
HBB:c.300T>A,NM_000518.4:c.300T>A,HBB,P/LP,P/LP,NFE,8.4746e-7,-6.066786130392436
HBB:c.300T>A,NM_000518.4:c.300T>A,HBB,P/LP,P/LP,SAS,0,-8
HBB:c.300T>A,NM_000518.4:c.300T>A,HBB,P/LP,P/LP,FIN,0,-8
HBB:c.300T>A,NM_000518.4:c.300T>A,HBB,P/LP,P/LP,ASJ,0,-8
HBB:c.300T>A,NM_000518.4:c.300T>A,HBB,P/LP,P/LP,MID,0,-8
HBB:c.309C>A,NM_000518.4:c.309C>A,HBB,P/LP,P/LP,Overall,6.19646e-7,-6.200903551270973
HBB:c.309C>A,NM_000518.4:c.309C>A,HBB,P/LP,P/LP,POPMAX,1.33508e-5,-4.874167536981456
HBB:c.309C>A,NM_000518.4:c.309C>A,HBB,P/LP,P/LP,AFR,1.33508e-5,-4.874167536981456
HBB:c.309C>A,NM_000518.4:c.309C>A,HBB,P/LP,P/LP,AMR,0,-8
HBB:c.309C>A,NM_000518.4:c.309C>A,HBB,P/LP,P/LP,EAS,0,-8
HBB:c.309C>A,NM_000518.4:c.309C>A,HBB,P/LP,P/LP,NFE,0,-8
HBB:c.309C>A,NM_000518.4:c.309C>A,HBB,P/LP,P/LP,SAS,0,-8
HBB:c.309C>A,NM_000518.4:c.309C>A,HBB,P/LP,P/LP,FIN,0,-8
HBB:c.309C>A,NM_000518.4:c.309C>A,HBB,P/LP,P/LP,ASJ,0,-8
HBB:c.309C>A,NM_000518.4:c.309C>A,HBB,P/LP,P/LP,MID,0,-8
HBB:c.310T>G,NM_000518.4:c.310T>G,HBB,P/LP,P/LP,Overall,6.1962e-7,-6.200921484982406
HBB:c.310T>G,NM_000518.4:c.310T>G,HBB,P/LP,P/LP,POPMAX,8.47597e-7,-6.066716746874398
HBB:c.310T>G,NM_000518.4:c.310T>G,HBB,P/LP,P/LP,AFR,0,-8
HBB:c.310T>G,NM_000518.4:c.310T>G,HBB,P/LP,P/LP,AMR,0,-8
HBB:c.310T>G,NM_000518.4:c.310T>G,HBB,P/LP,P/LP,EAS,0,-8
HBB:c.310T>G,NM_000518.4:c.310T>G,HBB,P/LP,P/LP,NFE,8.47597e-7,-6.066716746874398
HBB:c.310T>G,NM_000518.4:c.310T>G,HBB,P/LP,P/LP,SAS,0,-8
HBB:c.310T>G,NM_000518.4:c.310T>G,HBB,P/LP,P/LP,FIN,0,-8
HBB:c.310T>G,NM_000518.4:c.310T>G,HBB,P/LP,P/LP,ASJ,0,-8
HBB:c.310T>G,NM_000518.4:c.310T>G,HBB,P/LP,P/LP,MID,0,-8
HBB:c.314G>C,NM_000518.4:c.314G>C,HBB,VUS,VUS,Overall,6.19566e-7,-6.200958734287969
HBB:c.314G>C,NM_000518.4:c.314G>C,HBB,VUS,VUS,POPMAX,0,-8
HBB:c.314G>C,NM_000518.4:c.314G>C,HBB,VUS,VUS,AFR,0,-8
HBB:c.314G>C,NM_000518.4:c.314G>C,HBB,VUS,VUS,AMR,0,-8
HBB:c.314G>C,NM_000518.4:c.314G>C,HBB,VUS,VUS,EAS,0,-8
HBB:c.314G>C,NM_000518.4:c.314G>C,HBB,VUS,VUS,NFE,0,-8
HBB:c.314G>C,NM_000518.4:c.314G>C,HBB,VUS,VUS,SAS,0,-8
HBB:c.314G>C,NM_000518.4:c.314G>C,HBB,VUS,VUS,FIN,0,-8
HBB:c.314G>C,NM_000518.4:c.314G>C,HBB,VUS,VUS,ASJ,0,-8
HBB:c.314G>C,NM_000518.4:c.314G>C,HBB,VUS,VUS,MID,0,-8
HBB:c.314G>A,NM_000518.4:c.314G>A,HBB,VUS,VUS,Overall,3.09783e-6,-5.507542745366992
HBB:c.314G>A,NM_000518.4:c.314G>A,HBB,VUS,VUS,POPMAX,1.64962e-4,-3.782589760497539
HBB:c.314G>A,NM_000518.4:c.314G>A,HBB,VUS,VUS,AFR,0,-8
HBB:c.314G>A,NM_000518.4:c.314G>A,HBB,VUS,VUS,AMR,0,-8
HBB:c.314G>A,NM_000518.4:c.314G>A,HBB,VUS,VUS,EAS,0,-8
HBB:c.314G>A,NM_000518.4:c.314G>A,HBB,VUS,VUS,NFE,3.39e-6,-5.468521082957745
HBB:c.314G>A,NM_000518.4:c.314G>A,HBB,VUS,VUS,SAS,0,-8
HBB:c.314G>A,NM_000518.4:c.314G>A,HBB,VUS,VUS,FIN,0,-8
HBB:c.314G>A,NM_000518.4:c.314G>A,HBB,VUS,VUS,ASJ,0,-8
HBB:c.314G>A,NM_000518.4:c.314G>A,HBB,VUS,VUS,MID,1.64962e-4,-3.782589760497539
HBB:c.315G>C,NM_000518.4:c.315G>C,HBB,VUS,VUS,Overall,3.71768e-6,-5.428561376414384
HBB:c.315G>C,NM_000518.4:c.315G>C,HBB,VUS,VUS,POPMAX,5.08523e-6,-5.292836207049836
HBB:c.315G>C,NM_000518.4:c.315G>C,HBB,VUS,VUS,AFR,0,-8
HBB:c.315G>C,NM_000518.4:c.315G>C,HBB,VUS,VUS,AMR,0,-8
HBB:c.315G>C,NM_000518.4:c.315G>C,HBB,VUS,VUS,EAS,0,-8
HBB:c.315G>C,NM_000518.4:c.315G>C,HBB,VUS,VUS,NFE,5.08523e-6,-5.292836207049836
HBB:c.315G>C,NM_000518.4:c.315G>C,HBB,VUS,VUS,SAS,0,-8
HBB:c.315G>C,NM_000518.4:c.315G>C,HBB,VUS,VUS,FIN,0,-8
HBB:c.315G>C,NM_000518.4:c.315G>C,HBB,VUS,VUS,ASJ,0,-8
HBB:c.315G>C,NM_000518.4:c.315G>C,HBB,VUS,VUS,MID,0,-8
HBB:c.315G>T,NM_000518.4:c.315G>T,HBB,VUS,VUS,Overall,6.19613e-7,-6.200926313415863
HBB:c.315G>T,NM_000518.4:c.315G>T,HBB,VUS,VUS,POPMAX,8.47538e-7,-6.0667466260086265
HBB:c.315G>T,NM_000518.4:c.315G>T,HBB,VUS,VUS,AFR,0,-8
HBB:c.315G>T,NM_000518.4:c.315G>T,HBB,VUS,VUS,AMR,0,-8
HBB:c.315G>T,NM_000518.4:c.315G>T,HBB,VUS,VUS,EAS,0,-8
HBB:c.315G>T,NM_000518.4:c.315G>T,HBB,VUS,VUS,NFE,8.47538e-7,-6.0667466260086265
HBB:c.315G>T,NM_000518.4:c.315G>T,HBB,VUS,VUS,SAS,0,-8
HBB:c.315G>T,NM_000518.4:c.315G>T,HBB,VUS,VUS,FIN,0,-8
HBB:c.315G>T,NM_000518.4:c.315G>T,HBB,VUS,VUS,ASJ,0,-8
HBB:c.315G>T,NM_000518.4:c.315G>T,HBB,VUS,VUS,MID,0,-8
HBB:c.325A>C,NM_000518.4:c.325A>C,HBB,VUS,VUS,Overall,6.1952e-7,-6.20099046769804
HBB:c.325A>C,NM_000518.4:c.325A>C,HBB,VUS,VUS,POPMAX,2.22806e-5,-4.651878241381489
HBB:c.325A>C,NM_000518.4:c.325A>C,HBB,VUS,VUS,AFR,0,-8
HBB:c.325A>C,NM_000518.4:c.325A>C,HBB,VUS,VUS,AMR,0,-8
HBB:c.325A>C,NM_000518.4:c.325A>C,HBB,VUS,VUS,EAS,2.22806e-5,-4.651878241381489
HBB:c.325A>C,NM_000518.4:c.325A>C,HBB,VUS,VUS,NFE,0,-8
HBB:c.325A>C,NM_000518.4:c.325A>C,HBB,VUS,VUS,SAS,0,-8
HBB:c.325A>C,NM_000518.4:c.325A>C,HBB,VUS,VUS,FIN,0,-8
HBB:c.325A>C,NM_000518.4:c.325A>C,HBB,VUS,VUS,ASJ,0,-8
HBB:c.325A>C,NM_000518.4:c.325A>C,HBB,VUS,VUS,MID,0,-8
HBB:c.328G>A,NM_000518.4:c.328G>A,HBB,P/LP,P/LP,Overall,1.23911e-6,-5.90339931479683
HBB:c.328G>A,NM_000518.4:c.328G>A,HBB,P/LP,P/LP,POPMAX,1.69495e-6,-5.768288352766791
HBB:c.328G>A,NM_000518.4:c.328G>A,HBB,P/LP,P/LP,AFR,0,-8
HBB:c.328G>A,NM_000518.4:c.328G>A,HBB,P/LP,P/LP,AMR,0,-8
HBB:c.328G>A,NM_000518.4:c.328G>A,HBB,P/LP,P/LP,EAS,0,-8
HBB:c.328G>A,NM_000518.4:c.328G>A,HBB,P/LP,P/LP,NFE,1.69495e-6,-5.768288352766791
HBB:c.328G>A,NM_000518.4:c.328G>A,HBB,P/LP,P/LP,SAS,0,-8
HBB:c.328G>A,NM_000518.4:c.328G>A,HBB,P/LP,P/LP,FIN,0,-8
HBB:c.328G>A,NM_000518.4:c.328G>A,HBB,P/LP,P/LP,ASJ,0,-8
HBB:c.328G>A,NM_000518.4:c.328G>A,HBB,P/LP,P/LP,MID,0,-8
HBB:c.335T>C,NM_000518.4:c.335T>C,HBB,VUS,VUS,Overall,6.1953e-7,-6.200983568933386
HBB:c.335T>C,NM_000518.4:c.335T>C,HBB,VUS,VUS,POPMAX,1.56148e-5,-4.806185532988833
HBB:c.335T>C,NM_000518.4:c.335T>C,HBB,VUS,VUS,AFR,0,-8
HBB:c.335T>C,NM_000518.4:c.335T>C,HBB,VUS,VUS,AMR,0,-8
HBB:c.335T>C,NM_000518.4:c.335T>C,HBB,VUS,VUS,EAS,0,-8
HBB:c.335T>C,NM_000518.4:c.335T>C,HBB,VUS,VUS,NFE,0,-8
HBB:c.335T>C,NM_000518.4:c.335T>C,HBB,VUS,VUS,SAS,0,-8
HBB:c.335T>C,NM_000518.4:c.335T>C,HBB,VUS,VUS,FIN,1.56148e-5,-4.806185532988833
HBB:c.335T>C,NM_000518.4:c.335T>C,HBB,VUS,VUS,ASJ,0,-8
HBB:c.335T>C,NM_000518.4:c.335T>C,HBB,VUS,VUS,MID,0,-8
HBB:c.338G>T,NM_000518.4:c.338G>T,HBB,VUS,VUS,Overall,6.19546e-7,-6.200972531137874
HBB:c.338G>T,NM_000518.4:c.338G>T,HBB,VUS,VUS,POPMAX,8.47476e-7,-6.066778026636132
HBB:c.338G>T,NM_000518.4:c.338G>T,HBB,VUS,VUS,AFR,0,-8
HBB:c.338G>T,NM_000518.4:c.338G>T,HBB,VUS,VUS,AMR,0,-8
HBB:c.338G>T,NM_000518.4:c.338G>T,HBB,VUS,VUS,EAS,0,-8
HBB:c.338G>T,NM_000518.4:c.338G>T,HBB,VUS,VUS,NFE,8.47476e-7,-6.066778026636132
HBB:c.338G>T,NM_000518.4:c.338G>T,HBB,VUS,VUS,SAS,0,-8
HBB:c.338G>T,NM_000518.4:c.338G>T,HBB,VUS,VUS,FIN,0,-8
HBB:c.338G>T,NM_000518.4:c.338G>T,HBB,VUS,VUS,ASJ,0,-8
HBB:c.338G>T,NM_000518.4:c.338G>T,HBB,VUS,VUS,MID,0,-8
HBB:c.341T>A,NM_000518.4:c.341T>A,HBB,B/LB,B/LB,Overall,6.19579e-6,-5.207202924753188
HBB:c.341T>A,NM_000518.4:c.341T>A,HBB,B/LB,B/LB,POPMAX,2.22777e-4,-3.6521101545799217
HBB:c.341T>A,NM_000518.4:c.341T>A,HBB,B/LB,B/LB,AFR,0,-8
HBB:c.341T>A,NM_000518.4:c.341T>A,HBB,B/LB,B/LB,AMR,0,-8
HBB:c.341T>A,NM_000518.4:c.341T>A,HBB,B/LB,B/LB,EAS,2.22777e-4,-3.6521101545799217
HBB:c.341T>A,NM_000518.4:c.341T>A,HBB,B/LB,B/LB,NFE,0,-8
HBB:c.341T>A,NM_000518.4:c.341T>A,HBB,B/LB,B/LB,SAS,0,-8
HBB:c.341T>A,NM_000518.4:c.341T>A,HBB,B/LB,B/LB,FIN,0,-8
HBB:c.341T>A,NM_000518.4:c.341T>A,HBB,B/LB,B/LB,ASJ,0,-8
HBB:c.341T>A,NM_000518.4:c.341T>A,HBB,B/LB,B/LB,MID,0,-8
HBB:c.343C>A,NM_000518.4:c.343C>A,HBB,VUS,VUS,Overall,3.71731e-6,-5.428604485515385
HBB:c.343C>A,NM_000518.4:c.343C>A,HBB,VUS,VUS,POPMAX,1.3369e-4,-3.8738685927380154
HBB:c.343C>A,NM_000518.4:c.343C>A,HBB,VUS,VUS,AFR,0,-8
HBB:c.343C>A,NM_000518.4:c.343C>A,HBB,VUS,VUS,AMR,0,-8
HBB:c.343C>A,NM_000518.4:c.343C>A,HBB,VUS,VUS,EAS,1.3369e-4,-3.8738685927380154
HBB:c.343C>A,NM_000518.4:c.343C>A,HBB,VUS,VUS,NFE,0,-8
HBB:c.343C>A,NM_000518.4:c.343C>A,HBB,VUS,VUS,SAS,0,-8
HBB:c.343C>A,NM_000518.4:c.343C>A,HBB,VUS,VUS,FIN,0,-8
HBB:c.343C>A,NM_000518.4:c.343C>A,HBB,VUS,VUS,ASJ,0,-8
HBB:c.343C>A,NM_000518.4:c.343C>A,HBB,VUS,VUS,MID,0,-8
HBB:c.350A>G,NM_000518.4:c.350A>G,HBB,VUS,VUS,Overall,6.19561e-7,-6.200962183459355
HBB:c.350A>G,NM_000518.4:c.350A>G,HBB,VUS,VUS,POPMAX,8.47488e-7,-6.066771948918135
HBB:c.350A>G,NM_000518.4:c.350A>G,HBB,VUS,VUS,AFR,0,-8
HBB:c.350A>G,NM_000518.4:c.350A>G,HBB,VUS,VUS,AMR,0,-8
HBB:c.350A>G,NM_000518.4:c.350A>G,HBB,VUS,VUS,EAS,0,-8
HBB:c.350A>G,NM_000518.4:c.350A>G,HBB,VUS,VUS,NFE,8.47488e-7,-6.066771948918135
HBB:c.350A>G,NM_000518.4:c.350A>G,HBB,VUS,VUS,SAS,0,-8
HBB:c.350A>G,NM_000518.4:c.350A>G,HBB,VUS,VUS,FIN,0,-8
HBB:c.350A>G,NM_000518.4:c.350A>G,HBB,VUS,VUS,ASJ,0,-8
HBB:c.350A>G,NM_000518.4:c.350A>G,HBB,VUS,VUS,MID,0,-8
HBB:c.353A>G,NM_000518.4:c.353A>G,HBB,VUS,VUS,Overall,1.23922e-6,-5.903361071335765
HBB:c.353A>G,NM_000518.4:c.353A>G,HBB,VUS,VUS,POPMAX,1.33547e-5,-4.874040785490075
HBB:c.353A>G,NM_000518.4:c.353A>G,HBB,VUS,VUS,AFR,1.33547e-5,-4.874040785490075
HBB:c.353A>G,NM_000518.4:c.353A>G,HBB,VUS,VUS,AMR,0,-8
HBB:c.353A>G,NM_000518.4:c.353A>G,HBB,VUS,VUS,EAS,0,-8
HBB:c.353A>G,NM_000518.4:c.353A>G,HBB,VUS,VUS,NFE,0,-8
HBB:c.353A>G,NM_000518.4:c.353A>G,HBB,VUS,VUS,SAS,0,-8
HBB:c.353A>G,NM_000518.4:c.353A>G,HBB,VUS,VUS,FIN,0,-8
HBB:c.353A>G,NM_000518.4:c.353A>G,HBB,VUS,VUS,ASJ,0,-8
HBB:c.353A>G,NM_000518.4:c.353A>G,HBB,VUS,VUS,MID,0,-8
HBB:c.355T>G,NM_000518.4:c.355T>G,HBB,VUS,VUS,Overall,6.19533e-7,-6.2009814993253585
HBB:c.355T>G,NM_000518.4:c.355T>G,HBB,VUS,VUS,POPMAX,1.64962e-4,-3.782589760497539
HBB:c.355T>G,NM_000518.4:c.355T>G,HBB,VUS,VUS,AFR,0,-8
HBB:c.355T>G,NM_000518.4:c.355T>G,HBB,VUS,VUS,AMR,0,-8
HBB:c.355T>G,NM_000518.4:c.355T>G,HBB,VUS,VUS,EAS,0,-8
HBB:c.355T>G,NM_000518.4:c.355T>G,HBB,VUS,VUS,NFE,0,-8
HBB:c.355T>G,NM_000518.4:c.355T>G,HBB,VUS,VUS,SAS,0,-8
HBB:c.355T>G,NM_000518.4:c.355T>G,HBB,VUS,VUS,FIN,0,-8
HBB:c.355T>G,NM_000518.4:c.355T>G,HBB,VUS,VUS,ASJ,0,-8
HBB:c.355T>G,NM_000518.4:c.355T>G,HBB,VUS,VUS,MID,1.64962e-4,-3.782589760497539
HBB:c.356T>G,NM_000518.4:c.356T>G,HBB,VUS,VUS,Overall,1.23906e-6,-5.903416699301565
HBB:c.356T>G,NM_000518.4:c.356T>G,HBB,VUS,VUS,POPMAX,1.69492e-6,-5.768295994603259
HBB:c.356T>G,NM_000518.4:c.356T>G,HBB,VUS,VUS,AFR,0,-8
HBB:c.356T>G,NM_000518.4:c.356T>G,HBB,VUS,VUS,AMR,0,-8
HBB:c.356T>G,NM_000518.4:c.356T>G,HBB,VUS,VUS,EAS,0,-8
HBB:c.356T>G,NM_000518.4:c.356T>G,HBB,VUS,VUS,NFE,1.69492e-6,-5.768295994603259
HBB:c.356T>G,NM_000518.4:c.356T>G,HBB,VUS,VUS,SAS,0,-8
HBB:c.356T>G,NM_000518.4:c.356T>G,HBB,VUS,VUS,FIN,0,-8
HBB:c.356T>G,NM_000518.4:c.356T>G,HBB,VUS,VUS,ASJ,0,-8
HBB:c.356T>G,NM_000518.4:c.356T>G,HBB,VUS,VUS,MID,0,-8
HBB:c.359G>A,NM_000518.4:c.359G>A,HBB,VUS,VUS,Overall,4.33702e-6,-5.361808361679497
HBB:c.359G>A,NM_000518.4:c.359G>A,HBB,VUS,VUS,POPMAX,1.16636e-4,-3.933130149349549
HBB:c.359G>A,NM_000518.4:c.359G>A,HBB,VUS,VUS,AFR,0,-8
HBB:c.359G>A,NM_000518.4:c.359G>A,HBB,VUS,VUS,AMR,1.16636e-4,-3.933130149349549
HBB:c.359G>A,NM_000518.4:c.359G>A,HBB,VUS,VUS,EAS,0,-8
HBB:c.359G>A,NM_000518.4:c.359G>A,HBB,VUS,VUS,NFE,0,-8
HBB:c.359G>A,NM_000518.4:c.359G>A,HBB,VUS,VUS,SAS,0,-8
HBB:c.359G>A,NM_000518.4:c.359G>A,HBB,VUS,VUS,FIN,0,-8
HBB:c.359G>A,NM_000518.4:c.359G>A,HBB,VUS,VUS,ASJ,0,-8
HBB:c.359G>A,NM_000518.4:c.359G>A,HBB,VUS,VUS,MID,0,-8
HBB:c.359G>C,NM_000518.4:c.359G>C,HBB,VUS,VUS,Overall,6.19574e-7,-6.20095321567073
HBB:c.359G>C,NM_000518.4:c.359G>C,HBB,VUS,VUS,POPMAX,1.33351e-5,-4.874678167527618
HBB:c.359G>C,NM_000518.4:c.359G>C,HBB,VUS,VUS,AFR,1.33351e-5,-4.874678167527618
HBB:c.359G>C,NM_000518.4:c.359G>C,HBB,VUS,VUS,AMR,0,-8
HBB:c.359G>C,NM_000518.4:c.359G>C,HBB,VUS,VUS,EAS,0,-8
HBB:c.359G>C,NM_000518.4:c.359G>C,HBB,VUS,VUS,NFE,0,-8
HBB:c.359G>C,NM_000518.4:c.359G>C,HBB,VUS,VUS,SAS,0,-8
HBB:c.359G>C,NM_000518.4:c.359G>C,HBB,VUS,VUS,FIN,0,-8
HBB:c.359G>C,NM_000518.4:c.359G>C,HBB,VUS,VUS,ASJ,0,-8
HBB:c.359G>C,NM_000518.4:c.359G>C,HBB,VUS,VUS,MID,0,-8
HBB:c.363A>C,NM_000518.4:c.363A>C,HBB,VUS,VUS,Overall,6.19543e-7,-6.200974600703164
HBB:c.363A>C,NM_000518.4:c.363A>C,HBB,VUS,VUS,POPMAX,1.66617e-5,-4.778020113250819
HBB:c.363A>C,NM_000518.4:c.363A>C,HBB,VUS,VUS,AFR,0,-8
HBB:c.363A>C,NM_000518.4:c.363A>C,HBB,VUS,VUS,AMR,1.66617e-5,-4.778020113250819
HBB:c.363A>C,NM_000518.4:c.363A>C,HBB,VUS,VUS,EAS,0,-8
HBB:c.363A>C,NM_000518.4:c.363A>C,HBB,VUS,VUS,NFE,0,-8
HBB:c.363A>C,NM_000518.4:c.363A>C,HBB,VUS,VUS,SAS,0,-8
HBB:c.363A>C,NM_000518.4:c.363A>C,HBB,VUS,VUS,FIN,0,-8
HBB:c.363A>C,NM_000518.4:c.363A>C,HBB,VUS,VUS,ASJ,0,-8
HBB:c.363A>C,NM_000518.4:c.363A>C,HBB,VUS,VUS,MID,0,-8
HBB:c.364G>C,NM_000518.4:c.364G>C,HBB,P/LP,P/LP,Overall,4.44211e-4,-3.3524009145661493
HBB:c.364G>C,NM_000518.4:c.364G>C,HBB,P/LP,P/LP,POPMAX,0.00502855,-2.2985563635701607
HBB:c.364G>C,NM_000518.4:c.364G>C,HBB,P/LP,P/LP,AFR,6.66436e-5,-4.176176389117153
HBB:c.364G>C,NM_000518.4:c.364G>C,HBB,P/LP,P/LP,AMR,8.33083e-5,-4.079259599839885
HBB:c.364G>C,NM_000518.4:c.364G>C,HBB,P/LP,P/LP,EAS,0,-8
HBB:c.364G>C,NM_000518.4:c.364G>C,HBB,P/LP,P/LP,NFE,1.83055e-4,-3.7373946800556994
HBB:c.364G>C,NM_000518.4:c.364G>C,HBB,P/LP,P/LP,SAS,0.00502855,-2.2985563635701607
HBB:c.364G>C,NM_000518.4:c.364G>C,HBB,P/LP,P/LP,FIN,0,-8
HBB:c.364G>C,NM_000518.4:c.364G>C,HBB,P/LP,P/LP,ASJ,0,-8
HBB:c.364G>C,NM_000518.4:c.364G>C,HBB,P/LP,P/LP,MID,0.00181458,-2.7412214867998537
HBB:c.364G>A,NM_000518.4:c.364G>A,HBB,P/LP,P/LP,Overall,8.67421e-6,-5.061269683059801
HBB:c.364G>A,NM_000518.4:c.364G>A,HBB,P/LP,P/LP,POPMAX,1.33504e-4,-3.8744731926967018
HBB:c.364G>A,NM_000518.4:c.364G>A,HBB,P/LP,P/LP,AFR,1.33504e-4,-3.8744731926967018
HBB:c.364G>A,NM_000518.4:c.364G>A,HBB,P/LP,P/LP,AMR,0,-8
HBB:c.364G>A,NM_000518.4:c.364G>A,HBB,P/LP,P/LP,EAS,0,-8
HBB:c.364G>A,NM_000518.4:c.364G>A,HBB,P/LP,P/LP,NFE,0,-8
HBB:c.364G>A,NM_000518.4:c.364G>A,HBB,P/LP,P/LP,SAS,0,-8
HBB:c.364G>A,NM_000518.4:c.364G>A,HBB,P/LP,P/LP,FIN,0,-8
HBB:c.364G>A,NM_000518.4:c.364G>A,HBB,P/LP,P/LP,ASJ,0,-8
HBB:c.364G>A,NM_000518.4:c.364G>A,HBB,P/LP,P/LP,MID,0,-8
HBB:c.365A>T,NM_000518.4:c.365A>T,HBB,VUS,VUS,Overall,6.19543e-7,-6.200974600703164
HBB:c.365A>T,NM_000518.4:c.365A>T,HBB,VUS,VUS,POPMAX,8.47476e-7,-6.066778026636132
HBB:c.365A>T,NM_000518.4:c.365A>T,HBB,VUS,VUS,AFR,0,-8
HBB:c.365A>T,NM_000518.4:c.365A>T,HBB,VUS,VUS,AMR,0,-8
HBB:c.365A>T,NM_000518.4:c.365A>T,HBB,VUS,VUS,EAS,0,-8
HBB:c.365A>T,NM_000518.4:c.365A>T,HBB,VUS,VUS,NFE,8.47476e-7,-6.066778026636132
HBB:c.365A>T,NM_000518.4:c.365A>T,HBB,VUS,VUS,SAS,0,-8
HBB:c.365A>T,NM_000518.4:c.365A>T,HBB,VUS,VUS,FIN,0,-8
HBB:c.365A>T,NM_000518.4:c.365A>T,HBB,VUS,VUS,ASJ,0,-8
HBB:c.365A>T,NM_000518.4:c.365A>T,HBB,VUS,VUS,MID,0,-8
HBB:c.371C>A,NM_000518.4:c.371C>A,HBB,VUS,VUS,Overall,1.30121e-5,-4.88531897391913
HBB:c.371C>A,NM_000518.4:c.371C>A,HBB,VUS,VUS,POPMAX,4.93097e-4,-3.3070588323100805
HBB:c.371C>A,NM_000518.4:c.371C>A,HBB,VUS,VUS,AFR,0,-8
HBB:c.371C>A,NM_000518.4:c.371C>A,HBB,VUS,VUS,AMR,0,-8
HBB:c.371C>A,NM_000518.4:c.371C>A,HBB,VUS,VUS,EAS,0,-8
HBB:c.371C>A,NM_000518.4:c.371C>A,HBB,VUS,VUS,NFE,1.35603e-5,-4.867410551241927
HBB:c.371C>A,NM_000518.4:c.371C>A,HBB,VUS,VUS,SAS,0,-8
HBB:c.371C>A,NM_000518.4:c.371C>A,HBB,VUS,VUS,FIN,0,-8
HBB:c.371C>A,NM_000518.4:c.371C>A,HBB,VUS,VUS,ASJ,0,-8
HBB:c.371C>A,NM_000518.4:c.371C>A,HBB,VUS,VUS,MID,4.93097e-4,-3.3070588323100805
HBB:c.371C>T,NM_000518.4:c.371C>T,HBB,VUS,VUS,Overall,1.23916e-6,-5.903381930987956
HBB:c.371C>T,NM_000518.4:c.371C>T,HBB,VUS,VUS,POPMAX,1.64962e-4,-3.782589760497539
HBB:c.371C>T,NM_000518.4:c.371C>T,HBB,VUS,VUS,AFR,0,-8
HBB:c.371C>T,NM_000518.4:c.371C>T,HBB,VUS,VUS,AMR,0,-8
HBB:c.371C>T,NM_000518.4:c.371C>T,HBB,VUS,VUS,EAS,0,-8
HBB:c.371C>T,NM_000518.4:c.371C>T,HBB,VUS,VUS,NFE,8.47525e-7,-6.066753209823058
HBB:c.371C>T,NM_000518.4:c.371C>T,HBB,VUS,VUS,SAS,0,-8
HBB:c.371C>T,NM_000518.4:c.371C>T,HBB,VUS,VUS,FIN,0,-8
HBB:c.371C>T,NM_000518.4:c.371C>T,HBB,VUS,VUS,ASJ,0,-8
HBB:c.371C>T,NM_000518.4:c.371C>T,HBB,VUS,VUS,MID,1.64962e-4,-3.782589760497539
HBB:c.374C>A,NM_000518.4:c.374C>A,HBB,P/LP,P/LP,Overall,6.81572e-6,-5.1658515310220805
HBB:c.374C>A,NM_000518.4:c.374C>A,HBB,P/LP,P/LP,POPMAX,2.19602e-5,-4.658165989574663
HBB:c.374C>A,NM_000518.4:c.374C>A,HBB,P/LP,P/LP,AFR,0,-8
HBB:c.374C>A,NM_000518.4:c.374C>A,HBB,P/LP,P/LP,AMR,0,-8
HBB:c.374C>A,NM_000518.4:c.374C>A,HBB,P/LP,P/LP,EAS,0,-8
HBB:c.374C>A,NM_000518.4:c.374C>A,HBB,P/LP,P/LP,NFE,7.62822e-6,-5.117007837006162
HBB:c.374C>A,NM_000518.4:c.374C>A,HBB,P/LP,P/LP,SAS,2.19602e-5,-4.658165989574663
HBB:c.374C>A,NM_000518.4:c.374C>A,HBB,P/LP,P/LP,FIN,0,-8
HBB:c.374C>A,NM_000518.4:c.374C>A,HBB,P/LP,P/LP,ASJ,0,-8
HBB:c.374C>A,NM_000518.4:c.374C>A,HBB,P/LP,P/LP,MID,0,-8
HBB:c.374C>G,NM_000518.4:c.374C>G,HBB,B/LB,B/LB,Overall,6.19656e-7,-6.200896653886836
HBB:c.374C>G,NM_000518.4:c.374C>G,HBB,B/LB,B/LB,POPMAX,8.47574e-7,-6.066728394428006
HBB:c.374C>G,NM_000518.4:c.374C>G,HBB,B/LB,B/LB,AFR,0,-8
HBB:c.374C>G,NM_000518.4:c.374C>G,HBB,B/LB,B/LB,AMR,0,-8
HBB:c.374C>G,NM_000518.4:c.374C>G,HBB,B/LB,B/LB,EAS,0,-8
HBB:c.374C>G,NM_000518.4:c.374C>G,HBB,B/LB,B/LB,NFE,8.47574e-7,-6.066728394428006
HBB:c.374C>G,NM_000518.4:c.374C>G,HBB,B/LB,B/LB,SAS,0,-8
HBB:c.374C>G,NM_000518.4:c.374C>G,HBB,B/LB,B/LB,FIN,0,-8
HBB:c.374C>G,NM_000518.4:c.374C>G,HBB,B/LB,B/LB,ASJ,0,-8
HBB:c.374C>G,NM_000518.4:c.374C>G,HBB,B/LB,B/LB,MID,0,-8
HBB:c.379G>C,NM_000518.4:c.379G>C,HBB,VUS,VUS,Overall,6.19557e-7,-6.200964942816186
HBB:c.379G>C,NM_000518.4:c.379G>C,HBB,VUS,VUS,POPMAX,8.47511e-7,-6.066760300196376
HBB:c.379G>C,NM_000518.4:c.379G>C,HBB,VUS,VUS,AFR,0,-8
HBB:c.379G>C,NM_000518.4:c.379G>C,HBB,VUS,VUS,AMR,0,-8
HBB:c.379G>C,NM_000518.4:c.379G>C,HBB,VUS,VUS,EAS,0,-8
HBB:c.379G>C,NM_000518.4:c.379G>C,HBB,VUS,VUS,NFE,8.47511e-7,-6.066760300196376
HBB:c.379G>C,NM_000518.4:c.379G>C,HBB,VUS,VUS,SAS,0,-8
HBB:c.379G>C,NM_000518.4:c.379G>C,HBB,VUS,VUS,FIN,0,-8
HBB:c.379G>C,NM_000518.4:c.379G>C,HBB,VUS,VUS,ASJ,0,-8
HBB:c.379G>C,NM_000518.4:c.379G>C,HBB,VUS,VUS,MID,0,-8
HBB:c.380T>C,NM_000518.4:c.380T>C,HBB,VUS,VUS,Overall,7.43517e-6,-5.1281253812940735
HBB:c.380T>C,NM_000518.4:c.380T>C,HBB,VUS,VUS,POPMAX,1.64366e-4,-3.784161592078496
HBB:c.380T>C,NM_000518.4:c.380T>C,HBB,VUS,VUS,AFR,0,-8
HBB:c.380T>C,NM_000518.4:c.380T>C,HBB,VUS,VUS,AMR,0,-8
HBB:c.380T>C,NM_000518.4:c.380T>C,HBB,VUS,VUS,EAS,0,-8
HBB:c.380T>C,NM_000518.4:c.380T>C,HBB,VUS,VUS,NFE,2.54247e-6,-5.593039353613637
HBB:c.380T>C,NM_000518.4:c.380T>C,HBB,VUS,VUS,SAS,5.48956e-5,-4.2603833581898325
HBB:c.380T>C,NM_000518.4:c.380T>C,HBB,VUS,VUS,FIN,0,-8
HBB:c.380T>C,NM_000518.4:c.380T>C,HBB,VUS,VUS,ASJ,0,-8
HBB:c.380T>C,NM_000518.4:c.380T>C,HBB,VUS,VUS,MID,1.64366e-4,-3.784161592078496
HBB:c.380T>A,NM_000518.4:c.380T>A,HBB,P/LP,P/LP,Overall,1.2391e-6,-5.903402791642106
HBB:c.380T>A,NM_000518.4:c.380T>A,HBB,P/LP,P/LP,POPMAX,1.66633e-5,-4.7779784355677135
HBB:c.380T>A,NM_000518.4:c.380T>A,HBB,P/LP,P/LP,AFR,0,-8
HBB:c.380T>A,NM_000518.4:c.380T>A,HBB,P/LP,P/LP,AMR,1.66633e-5,-4.7779784355677135
HBB:c.380T>A,NM_000518.4:c.380T>A,HBB,P/LP,P/LP,EAS,0,-8
HBB:c.380T>A,NM_000518.4:c.380T>A,HBB,P/LP,P/LP,NFE,0,-8
HBB:c.380T>A,NM_000518.4:c.380T>A,HBB,P/LP,P/LP,SAS,1.09796e-5,-4.959018114760696
HBB:c.380T>A,NM_000518.4:c.380T>A,HBB,P/LP,P/LP,FIN,0,-8
HBB:c.380T>A,NM_000518.4:c.380T>A,HBB,P/LP,P/LP,ASJ,0,-8
HBB:c.380T>A,NM_000518.4:c.380T>A,HBB,P/LP,P/LP,MID,0,-8
HBB:c.380T>G,NM_000518.4:c.380T>G,HBB,P/LP,P/LP,Overall,1.85866e-6,-5.728469710689818
HBB:c.380T>G,NM_000518.4:c.380T>G,HBB,P/LP,P/LP,POPMAX,1.09796e-5,-4.959018114760696
HBB:c.380T>G,NM_000518.4:c.380T>G,HBB,P/LP,P/LP,AFR,0,-8
HBB:c.380T>G,NM_000518.4:c.380T>G,HBB,P/LP,P/LP,AMR,0,-8
HBB:c.380T>G,NM_000518.4:c.380T>G,HBB,P/LP,P/LP,EAS,0,-8
HBB:c.380T>G,NM_000518.4:c.380T>G,HBB,P/LP,P/LP,NFE,8.47495e-7,-6.066768403621915
HBB:c.380T>G,NM_000518.4:c.380T>G,HBB,P/LP,P/LP,SAS,1.09796e-5,-4.959018114760696
HBB:c.380T>G,NM_000518.4:c.380T>G,HBB,P/LP,P/LP,FIN,0,-8
HBB:c.380T>G,NM_000518.4:c.380T>G,HBB,P/LP,P/LP,ASJ,0,-8
HBB:c.380T>G,NM_000518.4:c.380T>G,HBB,P/LP,P/LP,MID,0,-8
HBB:c.389C>T,NM_000518.4:c.389C>T,HBB,VUS,VUS,Overall,1.23919e-5,-4.906511774813232
HBB:c.389C>T,NM_000518.4:c.389C>T,HBB,VUS,VUS,POPMAX,2.13271e-4,-3.6710478316705397
HBB:c.389C>T,NM_000518.4:c.389C>T,HBB,VUS,VUS,AFR,2.13271e-4,-3.6710478316705397
HBB:c.389C>T,NM_000518.4:c.389C>T,HBB,VUS,VUS,AMR,1.66611e-5,-4.778035743413203
HBB:c.389C>T,NM_000518.4:c.389C>T,HBB,VUS,VUS,EAS,0,-8
HBB:c.389C>T,NM_000518.4:c.389C>T,HBB,VUS,VUS,NFE,0,-8
HBB:c.389C>T,NM_000518.4:c.389C>T,HBB,VUS,VUS,SAS,1.09798e-5,-4.959010211096685
HBB:c.389C>T,NM_000518.4:c.389C>T,HBB,VUS,VUS,FIN,0,-8
HBB:c.389C>T,NM_000518.4:c.389C>T,HBB,VUS,VUS,ASJ,0,-8
HBB:c.389C>T,NM_000518.4:c.389C>T,HBB,VUS,VUS,MID,0,-8
HBB:c.394C>G,NM_000518.4:c.394C>G,HBB,VUS,VUS,Overall,6.19553e-7,-6.2009677021905505
HBB:c.394C>G,NM_000518.4:c.394C>G,HBB,VUS,VUS,POPMAX,8.47494e-7,-6.066768910091032
HBB:c.394C>G,NM_000518.4:c.394C>G,HBB,VUS,VUS,AFR,0,-8
HBB:c.394C>G,NM_000518.4:c.394C>G,HBB,VUS,VUS,AMR,0,-8
HBB:c.394C>G,NM_000518.4:c.394C>G,HBB,VUS,VUS,EAS,0,-8
HBB:c.394C>G,NM_000518.4:c.394C>G,HBB,VUS,VUS,NFE,8.47494e-7,-6.066768910091032
HBB:c.394C>G,NM_000518.4:c.394C>G,HBB,VUS,VUS,SAS,0,-8
HBB:c.394C>G,NM_000518.4:c.394C>G,HBB,VUS,VUS,FIN,0,-8
HBB:c.394C>G,NM_000518.4:c.394C>G,HBB,VUS,VUS,ASJ,0,-8
HBB:c.394C>G,NM_000518.4:c.394C>G,HBB,VUS,VUS,MID,0,-8
HBB:c.397A>C,NM_000518.4:c.397A>C,HBB,VUS,VUS,Overall,6.19542e-7,-6.200975290560453
HBB:c.397A>C,NM_000518.4:c.397A>C,HBB,VUS,VUS,POPMAX,1.33262e-5,-4.874967900114283
HBB:c.397A>C,NM_000518.4:c.397A>C,HBB,VUS,VUS,AFR,1.33262e-5,-4.874967900114283
HBB:c.397A>C,NM_000518.4:c.397A>C,HBB,VUS,VUS,AMR,0,-8
HBB:c.397A>C,NM_000518.4:c.397A>C,HBB,VUS,VUS,EAS,0,-8
HBB:c.397A>C,NM_000518.4:c.397A>C,HBB,VUS,VUS,NFE,0,-8
HBB:c.397A>C,NM_000518.4:c.397A>C,HBB,VUS,VUS,SAS,0,-8
HBB:c.397A>C,NM_000518.4:c.397A>C,HBB,VUS,VUS,FIN,0,-8
HBB:c.397A>C,NM_000518.4:c.397A>C,HBB,VUS,VUS,ASJ,0,-8
HBB:c.397A>C,NM_000518.4:c.397A>C,HBB,VUS,VUS,MID,0,-8
HBB:c.404T>C,NM_000518.4:c.404T>C,HBB,VUS,VUS,Overall,1.42507e-5,-4.845859156203929
HBB:c.404T>C,NM_000518.4:c.404T>C,HBB,VUS,VUS,POPMAX,2.13573e-4,-3.6704333176547514
HBB:c.404T>C,NM_000518.4:c.404T>C,HBB,VUS,VUS,AFR,2.13573e-4,-3.6704333176547514
HBB:c.404T>C,NM_000518.4:c.404T>C,HBB,VUS,VUS,AMR,3.33411e-5,-4.476889837428039
HBB:c.404T>C,NM_000518.4:c.404T>C,HBB,VUS,VUS,EAS,0,-8
HBB:c.404T>C,NM_000518.4:c.404T>C,HBB,VUS,VUS,NFE,2.54244e-6,-5.593044458046216
HBB:c.404T>C,NM_000518.4:c.404T>C,HBB,VUS,VUS,SAS,0,-8
HBB:c.404T>C,NM_000518.4:c.404T>C,HBB,VUS,VUS,FIN,0,-8
HBB:c.404T>C,NM_000518.4:c.404T>C,HBB,VUS,VUS,ASJ,0,-8
HBB:c.404T>C,NM_000518.4:c.404T>C,HBB,VUS,VUS,MID,0,-8
HBB:c.404T>A,NM_000518.4:c.404T>A,HBB,P/LP,P/LP,Overall,6.19595e-7,-6.200938729634112
HBB:c.404T>A,NM_000518.4:c.404T>A,HBB,P/LP,P/LP,POPMAX,1.56167e-5,-4.806132725314537
HBB:c.404T>A,NM_000518.4:c.404T>A,HBB,P/LP,P/LP,AFR,0,-8
HBB:c.404T>A,NM_000518.4:c.404T>A,HBB,P/LP,P/LP,AMR,0,-8
HBB:c.404T>A,NM_000518.4:c.404T>A,HBB,P/LP,P/LP,EAS,0,-8
HBB:c.404T>A,NM_000518.4:c.404T>A,HBB,P/LP,P/LP,NFE,0,-8
HBB:c.404T>A,NM_000518.4:c.404T>A,HBB,P/LP,P/LP,SAS,0,-8
HBB:c.404T>A,NM_000518.4:c.404T>A,HBB,P/LP,P/LP,FIN,1.56167e-5,-4.806132725314537
HBB:c.404T>A,NM_000518.4:c.404T>A,HBB,P/LP,P/LP,ASJ,0,-8
HBB:c.404T>A,NM_000518.4:c.404T>A,HBB,P/LP,P/LP,MID,0,-8
HBB:c.407C>T,NM_000518.4:c.407C>T,HBB,VUS,VUS,Overall,4.33703e-6,-5.361807362618112
HBB:c.407C>T,NM_000518.4:c.407C>T,HBB,VUS,VUS,POPMAX,7.68589e-5,-4.114249333674432
HBB:c.407C>T,NM_000518.4:c.407C>T,HBB,VUS,VUS,AFR,0,-8
HBB:c.407C>T,NM_000518.4:c.407C>T,HBB,VUS,VUS,AMR,0,-8
HBB:c.407C>T,NM_000518.4:c.407C>T,HBB,VUS,VUS,EAS,0,-8
HBB:c.407C>T,NM_000518.4:c.407C>T,HBB,VUS,VUS,NFE,0,-8
HBB:c.407C>T,NM_000518.4:c.407C>T,HBB,VUS,VUS,SAS,7.68589e-5,-4.114249333674432
HBB:c.407C>T,NM_000518.4:c.407C>T,HBB,VUS,VUS,FIN,0,-8
HBB:c.407C>T,NM_000518.4:c.407C>T,HBB,VUS,VUS,ASJ,0,-8
HBB:c.407C>T,NM_000518.4:c.407C>T,HBB,VUS,VUS,MID,0,-8
HBB:c.410G>A,NM_000518.4:c.410G>A,HBB,P/LP,P/LP,Overall,2.47832e-6,-5.604093769761876
HBB:c.410G>A,NM_000518.4:c.410G>A,HBB,P/LP,P/LP,POPMAX,5.33903e-5,-4.272456303121658
HBB:c.410G>A,NM_000518.4:c.410G>A,HBB,P/LP,P/LP,AFR,5.33903e-5,-4.272456303121658
HBB:c.410G>A,NM_000518.4:c.410G>A,HBB,P/LP,P/LP,AMR,0,-8
HBB:c.410G>A,NM_000518.4:c.410G>A,HBB,P/LP,P/LP,EAS,0,-8
HBB:c.410G>A,NM_000518.4:c.410G>A,HBB,P/LP,P/LP,NFE,0,-8
HBB:c.410G>A,NM_000518.4:c.410G>A,HBB,P/LP,P/LP,SAS,0,-8
HBB:c.410G>A,NM_000518.4:c.410G>A,HBB,P/LP,P/LP,FIN,0,-8
HBB:c.410G>A,NM_000518.4:c.410G>A,HBB,P/LP,P/LP,ASJ,0,-8
HBB:c.410G>A,NM_000518.4:c.410G>A,HBB,P/LP,P/LP,MID,0,-8
HBB:c.416C>T,NM_000518.4:c.416C>T,HBB,VUS,VUS,Overall,6.1954e-7,-6.200976670278316
HBB:c.416C>T,NM_000518.4:c.416C>T,HBB,VUS,VUS,POPMAX,8.47488e-7,-6.066771948918135
HBB:c.416C>T,NM_000518.4:c.416C>T,HBB,VUS,VUS,AFR,0,-8
HBB:c.416C>T,NM_000518.4:c.416C>T,HBB,VUS,VUS,AMR,0,-8
HBB:c.416C>T,NM_000518.4:c.416C>T,HBB,VUS,VUS,EAS,0,-8
HBB:c.416C>T,NM_000518.4:c.416C>T,HBB,VUS,VUS,NFE,8.47488e-7,-6.066771948918135
HBB:c.416C>T,NM_000518.4:c.416C>T,HBB,VUS,VUS,SAS,0,-8
HBB:c.416C>T,NM_000518.4:c.416C>T,HBB,VUS,VUS,FIN,0,-8
HBB:c.416C>T,NM_000518.4:c.416C>T,HBB,VUS,VUS,ASJ,0,-8
HBB:c.416C>T,NM_000518.4:c.416C>T,HBB,VUS,VUS,MID,0,-8
HBB:c.427G>A,NM_000518.4:c.427G>A,HBB,VUS,VUS,Overall,1.2391e-6,-5.903402791642106
HBB:c.427G>A,NM_000518.4:c.427G>A,HBB,VUS,VUS,POPMAX,2.19582e-5,-4.658205526242562
HBB:c.427G>A,NM_000518.4:c.427G>A,HBB,VUS,VUS,AFR,0,-8
HBB:c.427G>A,NM_000518.4:c.427G>A,HBB,VUS,VUS,AMR,0,-8
HBB:c.427G>A,NM_000518.4:c.427G>A,HBB,VUS,VUS,EAS,0,-8
HBB:c.427G>A,NM_000518.4:c.427G>A,HBB,VUS,VUS,NFE,0,-8
HBB:c.427G>A,NM_000518.4:c.427G>A,HBB,VUS,VUS,SAS,2.19582e-5,-4.658205526242562
HBB:c.427G>A,NM_000518.4:c.427G>A,HBB,VUS,VUS,FIN,0,-8
HBB:c.427G>A,NM_000518.4:c.427G>A,HBB,VUS,VUS,ASJ,0,-8
HBB:c.427G>A,NM_000518.4:c.427G>A,HBB,VUS,VUS,MID,0,-8
HBB:c.430C>T,NM_000518.4:c.430C>T,HBB,P/LP,P/LP,Overall,8.05464e-6,-5.093415014450224
HBB:c.430C>T,NM_000518.4:c.430C>T,HBB,P/LP,P/LP,POPMAX,1.01695e-5,-4.992273553293348
HBB:c.430C>T,NM_000518.4:c.430C>T,HBB,P/LP,P/LP,AFR,0,-8
HBB:c.430C>T,NM_000518.4:c.430C>T,HBB,P/LP,P/LP,AMR,0,-8
HBB:c.430C>T,NM_000518.4:c.430C>T,HBB,P/LP,P/LP,EAS,0,-8
HBB:c.430C>T,NM_000518.4:c.430C>T,HBB,P/LP,P/LP,NFE,1.01695e-5,-4.992273553293348
HBB:c.430C>T,NM_000518.4:c.430C>T,HBB,P/LP,P/LP,SAS,0,-8
HBB:c.430C>T,NM_000518.4:c.430C>T,HBB,P/LP,P/LP,FIN,0,-8
HBB:c.430C>T,NM_000518.4:c.430C>T,HBB,P/LP,P/LP,ASJ,0,-8
HBB:c.430C>T,NM_000518.4:c.430C>T,HBB,P/LP,P/LP,MID,0,-8
HBB:c.431A>G,NM_000518.4:c.431A>G,HBB,P/LP,P/LP,Overall,6.19523e-7,-6.200988398057137
HBB:c.431A>G,NM_000518.4:c.431A>G,HBB,P/LP,P/LP,POPMAX,2.22797e-5,-4.651895776706902
HBB:c.431A>G,NM_000518.4:c.431A>G,HBB,P/LP,P/LP,AFR,0,-8
HBB:c.431A>G,NM_000518.4:c.431A>G,HBB,P/LP,P/LP,AMR,0,-8
HBB:c.431A>G,NM_000518.4:c.431A>G,HBB,P/LP,P/LP,EAS,2.22797e-5,-4.651895776706902
HBB:c.431A>G,NM_000518.4:c.431A>G,HBB,P/LP,P/LP,NFE,0,-8
HBB:c.431A>G,NM_000518.4:c.431A>G,HBB,P/LP,P/LP,SAS,0,-8
HBB:c.431A>G,NM_000518.4:c.431A>G,HBB,P/LP,P/LP,FIN,0,-8
HBB:c.431A>G,NM_000518.4:c.431A>G,HBB,P/LP,P/LP,ASJ,0,-8
HBB:c.431A>G,NM_000518.4:c.431A>G,HBB,P/LP,P/LP,MID,0,-8
HBA2:c.305T>C,NM_000517.4:c.305T>C,HBA2,P/LP,P/LP,Overall,6.22743e-7,-6.198772650718407
HBA2:c.305T>C,NM_000517.4:c.305T>C,HBA2,P/LP,P/LP,POPMAX,8.47544e-7,-6.066743587358706
HBA2:c.305T>C,NM_000517.4:c.305T>C,HBA2,P/LP,P/LP,AFR,0,-8
HBA2:c.305T>C,NM_000517.4:c.305T>C,HBA2,P/LP,P/LP,AMR,0,-8
HBA2:c.305T>C,NM_000517.4:c.305T>C,HBA2,P/LP,P/LP,EAS,0,-8
HBA2:c.305T>C,NM_000517.4:c.305T>C,HBA2,P/LP,P/LP,NFE,8.47544e-7,-6.066743587358706
HBA2:c.305T>C,NM_000517.4:c.305T>C,HBA2,P/LP,P/LP,SAS,0,-8
HBA2:c.305T>C,NM_000517.4:c.305T>C,HBA2,P/LP,P/LP,FIN,0,-8
HBA2:c.305T>C,NM_000517.4:c.305T>C,HBA2,P/LP,P/LP,ASJ,0,-8
HBA2:c.305T>C,NM_000517.4:c.305T>C,HBA2,P/LP,P/LP,MID,0,-8
HBA1:c.301C>T,NM_000558.5:c.301C>T,HBA1,VUS,VUS,Overall,6.19827e-7,-6.200778725567261
HBA1:c.301C>T,NM_000558.5:c.301C>T,HBA1,VUS,VUS,POPMAX,8.47486e-7,-6.066772961865228
HBA1:c.301C>T,NM_000558.5:c.301C>T,HBA1,VUS,VUS,AFR,0,-8
HBA1:c.301C>T,NM_000558.5:c.301C>T,HBA1,VUS,VUS,AMR,0,-8
HBA1:c.301C>T,NM_000558.5:c.301C>T,HBA1,VUS,VUS,EAS,0,-8
HBA1:c.301C>T,NM_000558.5:c.301C>T,HBA1,VUS,VUS,NFE,8.47486e-7,-6.066772961865228
HBA1:c.301C>T,NM_000558.5:c.301C>T,HBA1,VUS,VUS,SAS,0,-8
HBA1:c.301C>T,NM_000558.5:c.301C>T,HBA1,VUS,VUS,FIN,0,-8
HBA1:c.301C>T,NM_000558.5:c.301C>T,HBA1,VUS,VUS,ASJ,0,-8
HBA1:c.301C>T,NM_000558.5:c.301C>T,HBA1,VUS,VUS,MID,0,-8
HBA2:c.308G>A,NM_000517.4:c.308G>A,HBA2,VUS,VUS,Overall,1.24541e-6,-5.901214416287887
HBA2:c.308G>A,NM_000517.4:c.308G>A,HBA2,VUS,VUS,POPMAX,1.6951e-6,-5.768250145601308
HBA2:c.308G>A,NM_000517.4:c.308G>A,HBA2,VUS,VUS,AFR,0,-8
HBA2:c.308G>A,NM_000517.4:c.308G>A,HBA2,VUS,VUS,AMR,0,-8
HBA2:c.308G>A,NM_000517.4:c.308G>A,HBA2,VUS,VUS,EAS,0,-8
HBA2:c.308G>A,NM_000517.4:c.308G>A,HBA2,VUS,VUS,NFE,1.6951e-6,-5.768250145601308
HBA2:c.308G>A,NM_000517.4:c.308G>A,HBA2,VUS,VUS,SAS,0,-8
HBA2:c.308G>A,NM_000517.4:c.308G>A,HBA2,VUS,VUS,FIN,0,-8
HBA2:c.308G>A,NM_000517.4:c.308G>A,HBA2,VUS,VUS,ASJ,0,-8
HBA2:c.308G>A,NM_000517.4:c.308G>A,HBA2,VUS,VUS,MID,0,-8
HBA1:c.332C>T,NM_000558.5:c.332C>T,HBA1,VUS,VUS,Overall,7.43955e-6,-5.127869960596596
HBA1:c.332C>T,NM_000558.5:c.332C>T,HBA1,VUS,VUS,POPMAX,1.01711e-5,-4.9922052968399555
HBA1:c.332C>T,NM_000558.5:c.332C>T,HBA1,VUS,VUS,AFR,0,-8
HBA1:c.332C>T,NM_000558.5:c.332C>T,HBA1,VUS,VUS,AMR,0,-8
HBA1:c.332C>T,NM_000558.5:c.332C>T,HBA1,VUS,VUS,EAS,0,-8
HBA1:c.332C>T,NM_000558.5:c.332C>T,HBA1,VUS,VUS,NFE,1.01711e-5,-4.9922052968399555
HBA1:c.332C>T,NM_000558.5:c.332C>T,HBA1,VUS,VUS,SAS,0,-8
HBA1:c.332C>T,NM_000558.5:c.332C>T,HBA1,VUS,VUS,FIN,0,-8
HBA1:c.332C>T,NM_000558.5:c.332C>T,HBA1,VUS,VUS,ASJ,0,-8
HBA1:c.332C>T,NM_000558.5:c.332C>T,HBA1,VUS,VUS,MID,0,-8
HBB:c.69A>T,NM_000518.4:c.69A>T,HBB,B/LB,B/LB,Overall,6.19649e-7,-6.200901482044229
HBB:c.69A>T,NM_000518.4:c.69A>T,HBB,B/LB,B/LB,POPMAX,1.09803e-5,-4.958990452565924
HBB:c.69A>T,NM_000518.4:c.69A>T,HBB,B/LB,B/LB,AFR,0,-8
HBB:c.69A>T,NM_000518.4:c.69A>T,HBB,B/LB,B/LB,AMR,0,-8
HBB:c.69A>T,NM_000518.4:c.69A>T,HBB,B/LB,B/LB,EAS,0,-8
HBB:c.69A>T,NM_000518.4:c.69A>T,HBB,B/LB,B/LB,NFE,0,-8
HBB:c.69A>T,NM_000518.4:c.69A>T,HBB,B/LB,B/LB,SAS,1.09803e-5,-4.958990452565924
HBB:c.69A>T,NM_000518.4:c.69A>T,HBB,B/LB,B/LB,FIN,0,-8
HBB:c.69A>T,NM_000518.4:c.69A>T,HBB,B/LB,B/LB,ASJ,0,-8
HBB:c.69A>T,NM_000518.4:c.69A>T,HBB,B/LB,B/LB,MID,0,-8
HBB:c.106T>C,NM_000518.4:c.106T>C,HBB,B/LB,B/LB,Overall,6.1952e-7,-6.20099046769804
HBB:c.106T>C,NM_000518.4:c.106T>C,HBB,B/LB,B/LB,POPMAX,1.66617e-5,-4.778020113250819
HBB:c.106T>C,NM_000518.4:c.106T>C,HBB,B/LB,B/LB,AFR,0,-8
HBB:c.106T>C,NM_000518.4:c.106T>C,HBB,B/LB,B/LB,AMR,1.66617e-5,-4.778020113250819
HBB:c.106T>C,NM_000518.4:c.106T>C,HBB,B/LB,B/LB,EAS,0,-8
HBB:c.106T>C,NM_000518.4:c.106T>C,HBB,B/LB,B/LB,NFE,0,-8
HBB:c.106T>C,NM_000518.4:c.106T>C,HBB,B/LB,B/LB,SAS,0,-8
HBB:c.106T>C,NM_000518.4:c.106T>C,HBB,B/LB,B/LB,FIN,0,-8
HBB:c.106T>C,NM_000518.4:c.106T>C,HBB,B/LB,B/LB,ASJ,0,-8
HBB:c.106T>C,NM_000518.4:c.106T>C,HBB,B/LB,B/LB,MID,0,-8
HBB:c.173A>G,NM_000518.4:c.173A>G,HBB,VUS,VUS,Overall,2.1686e-5,-4.663620327813031
HBB:c.173A>G,NM_000518.4:c.173A>G,HBB,VUS,VUS,POPMAX,5.34288e-5,-4.272143302763604
HBB:c.173A>G,NM_000518.4:c.173A>G,HBB,VUS,VUS,AFR,5.34288e-5,-4.272143302763604
HBB:c.173A>G,NM_000518.4:c.173A>G,HBB,VUS,VUS,AMR,0,-8
HBB:c.173A>G,NM_000518.4:c.173A>G,HBB,VUS,VUS,EAS,0,-8
HBB:c.173A>G,NM_000518.4:c.173A>G,HBB,VUS,VUS,NFE,2.62713e-5,-4.580353156278819
HBB:c.173A>G,NM_000518.4:c.173A>G,HBB,VUS,VUS,SAS,0,-8
HBB:c.173A>G,NM_000518.4:c.173A>G,HBB,VUS,VUS,FIN,0,-8
HBB:c.173A>G,NM_000518.4:c.173A>G,HBB,VUS,VUS,ASJ,0,-8
HBB:c.173A>G,NM_000518.4:c.173A>G,HBB,VUS,VUS,MID,0,-8
HBB:c.356T>C,NM_000518.4:c.356T>C,HBB,VUS,VUS,Overall,2.4783e-6,-5.604097260440143
HBB:c.356T>C,NM_000518.4:c.356T>C,HBB,VUS,VUS,POPMAX,3.38982e-6,-5.468544075627187
HBB:c.356T>C,NM_000518.4:c.356T>C,HBB,VUS,VUS,AFR,0,-8
HBB:c.356T>C,NM_000518.4:c.356T>C,HBB,VUS,VUS,AMR,0,-8
HBB:c.356T>C,NM_000518.4:c.356T>C,HBB,VUS,VUS,EAS,0,-8
HBB:c.356T>C,NM_000518.4:c.356T>C,HBB,VUS,VUS,NFE,3.38982e-6,-5.468544075627187
HBB:c.356T>C,NM_000518.4:c.356T>C,HBB,VUS,VUS,SAS,0,-8
HBB:c.356T>C,NM_000518.4:c.356T>C,HBB,VUS,VUS,FIN,0,-8
HBB:c.356T>C,NM_000518.4:c.356T>C,HBB,VUS,VUS,ASJ,0,-8
HBB:c.356T>C,NM_000518.4:c.356T>C,HBB,VUS,VUS,MID,0,-8
HBA2:c.337C>T,NM_000517.4:c.337C>T,HBA2,VUS,VUS,Overall,6.22448e-7,-6.198975176462715
HBA2:c.337C>T,NM_000517.4:c.337C>T,HBA2,VUS,VUS,POPMAX,8.47593e-7,-6.066718772513456
HBA2:c.337C>T,NM_000517.4:c.337C>T,HBA2,VUS,VUS,AFR,0,-8
HBA2:c.337C>T,NM_000517.4:c.337C>T,HBA2,VUS,VUS,AMR,0,-8
HBA2:c.337C>T,NM_000517.4:c.337C>T,HBA2,VUS,VUS,EAS,0,-8
HBA2:c.337C>T,NM_000517.4:c.337C>T,HBA2,VUS,VUS,NFE,8.47593e-7,-6.066718772513456
HBA2:c.337C>T,NM_000517.4:c.337C>T,HBA2,VUS,VUS,SAS,0,-8
HBA2:c.337C>T,NM_000517.4:c.337C>T,HBA2,VUS,VUS,FIN,0,-8
HBA2:c.337C>T,NM_000517.4:c.337C>T,HBA2,VUS,VUS,ASJ,0,-8
HBA2:c.337C>T,NM_000517.4:c.337C>T,HBA2,VUS,VUS,MID,0,-8
HBA2:c.265G>A,NM_000517.4:c.265G>A,HBA2,P/LP,P/LP,Overall,1.3011e-6,-5.882364182610506
HBA2:c.265G>A,NM_000517.4:c.265G>A,HBA2,P/LP,P/LP,POPMAX,1.74107e-6,-5.75669649240537
HBA2:c.265G>A,NM_000517.4:c.265G>A,HBA2,P/LP,P/LP,AFR,0,-8
HBA2:c.265G>A,NM_000517.4:c.265G>A,HBA2,P/LP,P/LP,AMR,0,-8
HBA2:c.265G>A,NM_000517.4:c.265G>A,HBA2,P/LP,P/LP,EAS,0,-8
HBA2:c.265G>A,NM_000517.4:c.265G>A,HBA2,P/LP,P/LP,NFE,1.74107e-6,-5.75669649240537
HBA2:c.265G>A,NM_000517.4:c.265G>A,HBA2,P/LP,P/LP,SAS,0,-8
HBA2:c.265G>A,NM_000517.4:c.265G>A,HBA2,P/LP,P/LP,FIN,0,-8
HBA2:c.265G>A,NM_000517.4:c.265G>A,HBA2,P/LP,P/LP,ASJ,0,-8
HBA2:c.265G>A,NM_000517.4:c.265G>A,HBA2,P/LP,P/LP,MID,0,-8
HBA2:c.259C>G,NM_000517.4:c.259C>G,HBA2,P/LP,P/LP,Overall,1.30471e-6,-5.8811700337060175
HBA2:c.259C>G,NM_000517.4:c.259C>G,HBA2,P/LP,P/LP,POPMAX,1.74461e-6,-5.755819399807934
HBA2:c.259C>G,NM_000517.4:c.259C>G,HBA2,P/LP,P/LP,AFR,0,-8
HBA2:c.259C>G,NM_000517.4:c.259C>G,HBA2,P/LP,P/LP,AMR,0,-8
HBA2:c.259C>G,NM_000517.4:c.259C>G,HBA2,P/LP,P/LP,EAS,0,-8
HBA2:c.259C>G,NM_000517.4:c.259C>G,HBA2,P/LP,P/LP,NFE,1.74461e-6,-5.755819399807934
HBA2:c.259C>G,NM_000517.4:c.259C>G,HBA2,P/LP,P/LP,SAS,0,-8
HBA2:c.259C>G,NM_000517.4:c.259C>G,HBA2,P/LP,P/LP,FIN,0,-8
HBA2:c.259C>G,NM_000517.4:c.259C>G,HBA2,P/LP,P/LP,ASJ,0,-8
HBA2:c.259C>G,NM_000517.4:c.259C>G,HBA2,P/LP,P/LP,MID,0,-8
HBB:c.404T>G,NM_000518.4:c.404T>G,HBB,VUS,VUS,Overall,6.1955e-7,-6.2009697717328285
HBB:c.404T>G,NM_000518.4:c.404T>G,HBB,VUS,VUS,POPMAX,1.33266e-5,-4.874954874275768
HBB:c.404T>G,NM_000518.4:c.404T>G,HBB,VUS,VUS,AFR,1.33266e-5,-4.874954874275768
HBB:c.404T>G,NM_000518.4:c.404T>G,HBB,VUS,VUS,AMR,0,-8
HBB:c.404T>G,NM_000518.4:c.404T>G,HBB,VUS,VUS,EAS,0,-8
HBB:c.404T>G,NM_000518.4:c.404T>G,HBB,VUS,VUS,NFE,0,-8
HBB:c.404T>G,NM_000518.4:c.404T>G,HBB,VUS,VUS,SAS,0,-8
HBB:c.404T>G,NM_000518.4:c.404T>G,HBB,VUS,VUS,FIN,0,-8
HBB:c.404T>G,NM_000518.4:c.404T>G,HBB,VUS,VUS,ASJ,0,-8
HBB:c.404T>G,NM_000518.4:c.404T>G,HBB,VUS,VUS,MID,0,-8
HBA2:c.313T>C,NM_000517.4:c.313T>C,HBA2,P/LP,P/LP,Overall,6.22625e-7,-6.198853649683156
HBA2:c.313T>C,NM_000517.4:c.313T>C,HBA2,P/LP,P/LP,POPMAX,1.67012e-5,-4.7769923631128135
HBA2:c.313T>C,NM_000517.4:c.313T>C,HBA2,P/LP,P/LP,AFR,0,-8
HBA2:c.313T>C,NM_000517.4:c.313T>C,HBA2,P/LP,P/LP,AMR,1.67012e-5,-4.7769923631128135
HBA2:c.313T>C,NM_000517.4:c.313T>C,HBA2,P/LP,P/LP,EAS,0,-8
HBA2:c.313T>C,NM_000517.4:c.313T>C,HBA2,P/LP,P/LP,NFE,0,-8
HBA2:c.313T>C,NM_000517.4:c.313T>C,HBA2,P/LP,P/LP,SAS,0,-8
HBA2:c.313T>C,NM_000517.4:c.313T>C,HBA2,P/LP,P/LP,FIN,0,-8
HBA2:c.313T>C,NM_000517.4:c.313T>C,HBA2,P/LP,P/LP,ASJ,0,-8
HBA2:c.313T>C,NM_000517.4:c.313T>C,HBA2,P/LP,P/LP,MID,0,-8
HBB:c.260C>T,NM_000518.4:c.260C>T,HBB,VUS,VUS,Overall,1.85858e-6,-5.728488303854055
HBB:c.260C>T,NM_000518.4:c.260C>T,HBB,VUS,VUS,POPMAX,2.54236e-6,-5.5930580701597385
HBB:c.260C>T,NM_000518.4:c.260C>T,HBB,VUS,VUS,AFR,0,-8
HBB:c.260C>T,NM_000518.4:c.260C>T,HBB,VUS,VUS,AMR,0,-8
HBB:c.260C>T,NM_000518.4:c.260C>T,HBB,VUS,VUS,EAS,0,-8
HBB:c.260C>T,NM_000518.4:c.260C>T,HBB,VUS,VUS,NFE,2.54236e-6,-5.5930580701597385
HBB:c.260C>T,NM_000518.4:c.260C>T,HBB,VUS,VUS,SAS,0,-8
HBB:c.260C>T,NM_000518.4:c.260C>T,HBB,VUS,VUS,FIN,0,-8
HBB:c.260C>T,NM_000518.4:c.260C>T,HBB,VUS,VUS,ASJ,0,-8
HBB:c.260C>T,NM_000518.4:c.260C>T,HBB,VUS,VUS,MID,0,-8
HBA1:c.226G>T,NM_000558.5:c.226G>T,HBA1,B/LB,B/LB,Overall,8.60831e-6,-5.064577888424952
HBA1:c.226G>T,NM_000558.5:c.226G>T,HBA1,B/LB,B/LB,POPMAX,3.51148e-5,-4.454386139945046
HBA1:c.226G>T,NM_000558.5:c.226G>T,HBA1,B/LB,B/LB,AFR,0,-8
HBA1:c.226G>T,NM_000558.5:c.226G>T,HBA1,B/LB,B/LB,AMR,0,-8
HBA1:c.226G>T,NM_000558.5:c.226G>T,HBA1,B/LB,B/LB,EAS,0,-8
HBA1:c.226G>T,NM_000558.5:c.226G>T,HBA1,B/LB,B/LB,NFE,9.82155e-6,-5.007378007764947
HBA1:c.226G>T,NM_000558.5:c.226G>T,HBA1,B/LB,B/LB,SAS,0,-8
HBA1:c.226G>T,NM_000558.5:c.226G>T,HBA1,B/LB,B/LB,FIN,0,-8
HBA1:c.226G>T,NM_000558.5:c.226G>T,HBA1,B/LB,B/LB,ASJ,3.51148e-5,-4.454386139945046
HBA1:c.226G>T,NM_000558.5:c.226G>T,HBA1,B/LB,B/LB,MID,0,-8
HBA1:c.362C>A,NM_000558.5:c.362C>A,HBA1,B/LB,B/LB,Overall,3.09968e-6,-5.507284299521233
HBA1:c.362C>A,NM_000558.5:c.362C>A,HBA1,B/LB,B/LB,POPMAX,5.49753e-5,-4.259753401090989
HBA1:c.362C>A,NM_000558.5:c.362C>A,HBA1,B/LB,B/LB,AFR,0,-8
HBA1:c.362C>A,NM_000558.5:c.362C>A,HBA1,B/LB,B/LB,AMR,0,-8
HBA1:c.362C>A,NM_000558.5:c.362C>A,HBA1,B/LB,B/LB,EAS,0,-8
HBA1:c.362C>A,NM_000558.5:c.362C>A,HBA1,B/LB,B/LB,NFE,0,-8
HBA1:c.362C>A,NM_000558.5:c.362C>A,HBA1,B/LB,B/LB,SAS,5.49753e-5,-4.259753401090989
HBA1:c.362C>A,NM_000558.5:c.362C>A,HBA1,B/LB,B/LB,FIN,0,-8
HBA1:c.362C>A,NM_000558.5:c.362C>A,HBA1,B/LB,B/LB,ASJ,0,-8
HBA1:c.362C>A,NM_000558.5:c.362C>A,HBA1,B/LB,B/LB,MID,0,-8
HBA2:c.45G>A,NM_000517.4:c.45G>A,HBA2,P/LP,P/LP,Overall,5.15472e-6,-5.286953218336258
HBA2:c.45G>A,NM_000517.4:c.45G>A,HBA2,P/LP,P/LP,POPMAX,1.03627e-4,-3.984485167109437
HBA2:c.45G>A,NM_000517.4:c.45G>A,HBA2,P/LP,P/LP,AFR,1.03627e-4,-3.984485167109437
HBA2:c.45G>A,NM_000517.4:c.45G>A,HBA2,P/LP,P/LP,AMR,0,-8
HBA2:c.45G>A,NM_000517.4:c.45G>A,HBA2,P/LP,P/LP,EAS,0,-8
HBA2:c.45G>A,NM_000517.4:c.45G>A,HBA2,P/LP,P/LP,NFE,4.33215e-6,-5.362295177876747
HBA2:c.45G>A,NM_000517.4:c.45G>A,HBA2,P/LP,P/LP,SAS,0,-8
HBA2:c.45G>A,NM_000517.4:c.45G>A,HBA2,P/LP,P/LP,FIN,0,-8
HBA2:c.45G>A,NM_000517.4:c.45G>A,HBA2,P/LP,P/LP,ASJ,0,-8
HBA2:c.45G>A,NM_000517.4:c.45G>A,HBA2,P/LP,P/LP,MID,0,-8
HBA1:c.193G>A,NM_000558.5:c.193G>A,HBA1,P/LP,P/LP,Overall,2.13443e-6,-5.668688125741022
HBA1:c.193G>A,NM_000558.5:c.193G>A,HBA1,P/LP,P/LP,POPMAX,1.4391e-5,-4.84160734961288
HBA1:c.193G>A,NM_000558.5:c.193G>A,HBA1,P/LP,P/LP,AFR,1.4391e-5,-4.84160734961288
HBA1:c.193G>A,NM_000558.5:c.193G>A,HBA1,P/LP,P/LP,AMR,0,-8
HBA1:c.193G>A,NM_000558.5:c.193G>A,HBA1,P/LP,P/LP,EAS,0,-8
HBA1:c.193G>A,NM_000558.5:c.193G>A,HBA1,P/LP,P/LP,NFE,1.9447e-6,-5.7089198870364735
HBA1:c.193G>A,NM_000558.5:c.193G>A,HBA1,P/LP,P/LP,SAS,0,-8
HBA1:c.193G>A,NM_000558.5:c.193G>A,HBA1,P/LP,P/LP,FIN,0,-8
HBA1:c.193G>A,NM_000558.5:c.193G>A,HBA1,P/LP,P/LP,ASJ,0,-8
HBA1:c.193G>A,NM_000558.5:c.193G>A,HBA1,P/LP,P/LP,MID,0,-8
HBB:c.250G>A,NM_000518.4:c.250G>A,HBB,VUS,VUS,Overall,6.19543e-7,-6.200974600703164
HBB:c.250G>A,NM_000518.4:c.250G>A,HBB,VUS,VUS,POPMAX,8.47443e-7,-6.066794740799196
HBB:c.250G>A,NM_000518.4:c.250G>A,HBB,VUS,VUS,AFR,0,-8
HBB:c.250G>A,NM_000518.4:c.250G>A,HBB,VUS,VUS,AMR,0,-8
HBB:c.250G>A,NM_000518.4:c.250G>A,HBB,VUS,VUS,EAS,0,-8
HBB:c.250G>A,NM_000518.4:c.250G>A,HBB,VUS,VUS,NFE,8.47443e-7,-6.066794740799196
HBB:c.250G>A,NM_000518.4:c.250G>A,HBB,VUS,VUS,SAS,0,-8
HBB:c.250G>A,NM_000518.4:c.250G>A,HBB,VUS,VUS,FIN,0,-8
HBB:c.250G>A,NM_000518.4:c.250G>A,HBB,VUS,VUS,ASJ,0,-8
HBB:c.250G>A,NM_000518.4:c.250G>A,HBB,VUS,VUS,MID,0,-8
HBB:c.38C>T,NM_000518.4:c.38C>T,HBB,VUS,VUS,Overall,6.19861e-7,-6.200755281647198
HBB:c.38C>T,NM_000518.4:c.38C>T,HBB,VUS,VUS,POPMAX,8.48044e-7,-6.066490441210447
HBB:c.38C>T,NM_000518.4:c.38C>T,HBB,VUS,VUS,AFR,0,-8
HBB:c.38C>T,NM_000518.4:c.38C>T,HBB,VUS,VUS,AMR,0,-8
HBB:c.38C>T,NM_000518.4:c.38C>T,HBB,VUS,VUS,EAS,0,-8
HBB:c.38C>T,NM_000518.4:c.38C>T,HBB,VUS,VUS,NFE,8.48044e-7,-6.066490441210447
HBB:c.38C>T,NM_000518.4:c.38C>T,HBB,VUS,VUS,SAS,0,-8
HBB:c.38C>T,NM_000518.4:c.38C>T,HBB,VUS,VUS,FIN,0,-8
HBB:c.38C>T,NM_000518.4:c.38C>T,HBB,VUS,VUS,ASJ,0,-8
HBB:c.38C>T,NM_000518.4:c.38C>T,HBB,VUS,VUS,MID,0,-8
HBA1:c.329T>C,NM_000558.5:c.329T>C,HBA1,P/LP,P/LP,Overall,6.19874e-7,-6.200746318129847
HBA1:c.329T>C,NM_000558.5:c.329T>C,HBA1,P/LP,P/LP,POPMAX,1.66739e-5,-4.777702421893717
HBA1:c.329T>C,NM_000558.5:c.329T>C,HBA1,P/LP,P/LP,AFR,0,-8
HBA1:c.329T>C,NM_000558.5:c.329T>C,HBA1,P/LP,P/LP,AMR,1.66739e-5,-4.777702421893717
HBA1:c.329T>C,NM_000558.5:c.329T>C,HBA1,P/LP,P/LP,EAS,0,-8
HBA1:c.329T>C,NM_000558.5:c.329T>C,HBA1,P/LP,P/LP,NFE,0,-8
HBA1:c.329T>C,NM_000558.5:c.329T>C,HBA1,P/LP,P/LP,SAS,0,-8
HBA1:c.329T>C,NM_000558.5:c.329T>C,HBA1,P/LP,P/LP,FIN,0,-8
HBA1:c.329T>C,NM_000558.5:c.329T>C,HBA1,P/LP,P/LP,ASJ,0,-8
HBA1:c.329T>C,NM_000558.5:c.329T>C,HBA1,P/LP,P/LP,MID,0,-8
HBA2:c.356C>T,NM_000517.4:c.356C>T,HBA2,P/LP,P/LP,Overall,1.2445e-6,-5.90152933434937
HBA2:c.356C>T,NM_000517.4:c.356C>T,HBA2,P/LP,P/LP,POPMAX,1.42576e-5,-4.845649074847271
HBA2:c.356C>T,NM_000517.4:c.356C>T,HBA2,P/LP,P/LP,AFR,1.42576e-5,-4.845649074847271
HBA2:c.356C>T,NM_000517.4:c.356C>T,HBA2,P/LP,P/LP,AMR,0,-8
HBA2:c.356C>T,NM_000517.4:c.356C>T,HBA2,P/LP,P/LP,EAS,0,-8
HBA2:c.356C>T,NM_000517.4:c.356C>T,HBA2,P/LP,P/LP,NFE,8.47677e-7,-6.066676236077199
HBA2:c.356C>T,NM_000517.4:c.356C>T,HBA2,P/LP,P/LP,SAS,0,-8
HBA2:c.356C>T,NM_000517.4:c.356C>T,HBA2,P/LP,P/LP,FIN,0,-8
HBA2:c.356C>T,NM_000517.4:c.356C>T,HBA2,P/LP,P/LP,ASJ,0,-8
HBA2:c.356C>T,NM_000517.4:c.356C>T,HBA2,P/LP,P/LP,MID,0,-8
HBA1:c.326C>A,NM_000558.5:c.326C>A,HBA1,P/LP,P/LP,Overall,1.2398e-5,-4.906298215194451
HBA1:c.326C>A,NM_000558.5:c.326C>A,HBA1,P/LP,P/LP,POPMAX,1.64752e-4,-3.7831429449039424
HBA1:c.326C>A,NM_000558.5:c.326C>A,HBA1,P/LP,P/LP,AFR,0,-8
HBA1:c.326C>A,NM_000558.5:c.326C>A,HBA1,P/LP,P/LP,AMR,0,-8
HBA1:c.326C>A,NM_000558.5:c.326C>A,HBA1,P/LP,P/LP,EAS,0,-8
HBA1:c.326C>A,NM_000558.5:c.326C>A,HBA1,P/LP,P/LP,NFE,3.39017e-6,-5.4684993687765
HBA1:c.326C>A,NM_000558.5:c.326C>A,HBA1,P/LP,P/LP,SAS,1.64752e-4,-3.7831429449039424
HBA1:c.326C>A,NM_000558.5:c.326C>A,HBA1,P/LP,P/LP,FIN,0,-8
HBA1:c.326C>A,NM_000558.5:c.326C>A,HBA1,P/LP,P/LP,ASJ,0,-8
HBA1:c.326C>A,NM_000558.5:c.326C>A,HBA1,P/LP,P/LP,MID,0,-8
HBB:c.265C>A,NM_000518.4:c.265C>A,HBB,VUS,VUS,Overall,6.19525e-7,-6.200987018302015
HBB:c.265C>A,NM_000518.4:c.265C>A,HBB,VUS,VUS,POPMAX,8.4744e-7,-6.066796260300463
HBB:c.265C>A,NM_000518.4:c.265C>A,HBB,VUS,VUS,AFR,0,-8
HBB:c.265C>A,NM_000518.4:c.265C>A,HBB,VUS,VUS,AMR,0,-8
HBB:c.265C>A,NM_000518.4:c.265C>A,HBB,VUS,VUS,EAS,0,-8
HBB:c.265C>A,NM_000518.4:c.265C>A,HBB,VUS,VUS,NFE,8.4744e-7,-6.066796260300463
HBB:c.265C>A,NM_000518.4:c.265C>A,HBB,VUS,VUS,SAS,0,-8
HBB:c.265C>A,NM_000518.4:c.265C>A,HBB,VUS,VUS,FIN,0,-8
HBB:c.265C>A,NM_000518.4:c.265C>A,HBB,VUS,VUS,ASJ,0,-8
HBB:c.265C>A,NM_000518.4:c.265C>A,HBB,VUS,VUS,MID,0,-8
HBA2:c.358C>T,NM_000517.4:c.358C>T,HBA2,P/LP,P/LP,Overall,1.86673e-6,-5.7265982036411
HBA2:c.358C>T,NM_000517.4:c.358C>T,HBA2,P/LP,P/LP,POPMAX,1.67112e-5,-4.776732558555047
HBA2:c.358C>T,NM_000517.4:c.358C>T,HBA2,P/LP,P/LP,AFR,0,-8
HBA2:c.358C>T,NM_000517.4:c.358C>T,HBA2,P/LP,P/LP,AMR,1.67112e-5,-4.776732558555047
HBA2:c.358C>T,NM_000517.4:c.358C>T,HBA2,P/LP,P/LP,EAS,0,-8
HBA2:c.358C>T,NM_000517.4:c.358C>T,HBA2,P/LP,P/LP,NFE,1.69537e-6,-5.7681813811727345
HBA2:c.358C>T,NM_000517.4:c.358C>T,HBA2,P/LP,P/LP,SAS,0,-8
HBA2:c.358C>T,NM_000517.4:c.358C>T,HBA2,P/LP,P/LP,FIN,0,-8
HBA2:c.358C>T,NM_000517.4:c.358C>T,HBA2,P/LP,P/LP,ASJ,0,-8
HBA2:c.358C>T,NM_000517.4:c.358C>T,HBA2,P/LP,P/LP,MID,0,-8
HBA2:c.313T>A,NM_000517.4:c.313T>A,HBA2,P/LP,P/LP,Overall,6.22625e-7,-6.198853649683156
HBA2:c.313T>A,NM_000517.4:c.313T>A,HBA2,P/LP,P/LP,POPMAX,2.22995e-5,-4.651510163005014
HBA2:c.313T>A,NM_000517.4:c.313T>A,HBA2,P/LP,P/LP,AFR,0,-8
HBA2:c.313T>A,NM_000517.4:c.313T>A,HBA2,P/LP,P/LP,AMR,0,-8
HBA2:c.313T>A,NM_000517.4:c.313T>A,HBA2,P/LP,P/LP,EAS,2.22995e-5,-4.651510163005014
HBA2:c.313T>A,NM_000517.4:c.313T>A,HBA2,P/LP,P/LP,NFE,0,-8
HBA2:c.313T>A,NM_000517.4:c.313T>A,HBA2,P/LP,P/LP,SAS,0,-8
HBA2:c.313T>A,NM_000517.4:c.313T>A,HBA2,P/LP,P/LP,FIN,0,-8
HBA2:c.313T>A,NM_000517.4:c.313T>A,HBA2,P/LP,P/LP,ASJ,0,-8
HBA2:c.313T>A,NM_000517.4:c.313T>A,HBA2,P/LP,P/LP,MID,0,-8
HBB:c.259G>A,NM_000518.4:c.259G>A,HBB,VUS,VUS,Overall,6.19532e-7,-6.2009821891936054
HBB:c.259G>A,NM_000518.4:c.259G>A,HBB,VUS,VUS,POPMAX,8.47442e-7,-6.066795247299028
HBB:c.259G>A,NM_000518.4:c.259G>A,HBB,VUS,VUS,AFR,0,-8
HBB:c.259G>A,NM_000518.4:c.259G>A,HBB,VUS,VUS,AMR,0,-8
HBB:c.259G>A,NM_000518.4:c.259G>A,HBB,VUS,VUS,EAS,0,-8
HBB:c.259G>A,NM_000518.4:c.259G>A,HBB,VUS,VUS,NFE,8.47442e-7,-6.066795247299028
HBB:c.259G>A,NM_000518.4:c.259G>A,HBB,VUS,VUS,SAS,0,-8
HBB:c.259G>A,NM_000518.4:c.259G>A,HBB,VUS,VUS,FIN,0,-8
HBB:c.259G>A,NM_000518.4:c.259G>A,HBB,VUS,VUS,ASJ,0,-8
HBB:c.259G>A,NM_000518.4:c.259G>A,HBB,VUS,VUS,MID,0,-8
HBB:c.41C>T,NM_000518.4:c.41C>T,HBB,VUS,VUS,Overall,1.42558e-5,-4.845703868882926
HBB:c.41C>T,NM_000518.4:c.41C>T,HBB,VUS,VUS,POPMAX,1.86529e-5,-4.72902087097858
HBB:c.41C>T,NM_000518.4:c.41C>T,HBB,VUS,VUS,AFR,1.33522e-5,-4.874122032189686
HBB:c.41C>T,NM_000518.4:c.41C>T,HBB,VUS,VUS,AMR,0,-8
HBB:c.41C>T,NM_000518.4:c.41C>T,HBB,VUS,VUS,EAS,0,-8
HBB:c.41C>T,NM_000518.4:c.41C>T,HBB,VUS,VUS,NFE,1.86529e-5,-4.72902087097858
HBB:c.41C>T,NM_000518.4:c.41C>T,HBB,VUS,VUS,SAS,0,-8
HBB:c.41C>T,NM_000518.4:c.41C>T,HBB,VUS,VUS,FIN,0,-8
HBB:c.41C>T,NM_000518.4:c.41C>T,HBB,VUS,VUS,ASJ,0,-8
HBB:c.41C>T,NM_000518.4:c.41C>T,HBB,VUS,VUS,MID,0,-8
HBA2:c.358C>G,NM_000517.4:c.358C>G,HBA2,VUS,VUS,Overall,6.22244e-7,-6.199115283421684
HBA2:c.358C>G,NM_000517.4:c.358C>G,HBA2,VUS,VUS,POPMAX,0,-8
HBA2:c.358C>G,NM_000517.4:c.358C>G,HBA2,VUS,VUS,AFR,0,-8
HBA2:c.358C>G,NM_000517.4:c.358C>G,HBA2,VUS,VUS,AMR,0,-8
HBA2:c.358C>G,NM_000517.4:c.358C>G,HBA2,VUS,VUS,EAS,0,-8
HBA2:c.358C>G,NM_000517.4:c.358C>G,HBA2,VUS,VUS,NFE,0,-8
HBA2:c.358C>G,NM_000517.4:c.358C>G,HBA2,VUS,VUS,SAS,0,-8
HBA2:c.358C>G,NM_000517.4:c.358C>G,HBA2,VUS,VUS,FIN,0,-8
HBA2:c.358C>G,NM_000517.4:c.358C>G,HBA2,VUS,VUS,ASJ,0,-8
HBA2:c.358C>G,NM_000517.4:c.358C>G,HBA2,VUS,VUS,MID,0,-8
HBB:c.239A>C,NM_000518.4:c.239A>C,HBB,VUS,VUS,Overall,6.19515e-7,-6.200993917121463
HBB:c.239A>C,NM_000518.4:c.239A>C,HBB,VUS,VUS,POPMAX,8.47445e-7,-6.066793727801305
HBB:c.239A>C,NM_000518.4:c.239A>C,HBB,VUS,VUS,AFR,0,-8
HBB:c.239A>C,NM_000518.4:c.239A>C,HBB,VUS,VUS,AMR,0,-8
HBB:c.239A>C,NM_000518.4:c.239A>C,HBB,VUS,VUS,EAS,0,-8
HBB:c.239A>C,NM_000518.4:c.239A>C,HBB,VUS,VUS,NFE,8.47445e-7,-6.066793727801305
HBB:c.239A>C,NM_000518.4:c.239A>C,HBB,VUS,VUS,SAS,0,-8
HBB:c.239A>C,NM_000518.4:c.239A>C,HBB,VUS,VUS,FIN,0,-8
HBB:c.239A>C,NM_000518.4:c.239A>C,HBB,VUS,VUS,ASJ,0,-8
HBB:c.239A>C,NM_000518.4:c.239A>C,HBB,VUS,VUS,MID,0,-8
HBB:c.376C>A,NM_000518.4:c.376C>A,HBB,VUS,VUS,Overall,6.19573e-7,-6.20095390549405
HBB:c.376C>A,NM_000518.4:c.376C>A,HBB,VUS,VUS,POPMAX,8.47545e-7,-6.06674308091912
HBB:c.376C>A,NM_000518.4:c.376C>A,HBB,VUS,VUS,AFR,0,-8
HBB:c.376C>A,NM_000518.4:c.376C>A,HBB,VUS,VUS,AMR,0,-8
HBB:c.376C>A,NM_000518.4:c.376C>A,HBB,VUS,VUS,EAS,0,-8
HBB:c.376C>A,NM_000518.4:c.376C>A,HBB,VUS,VUS,NFE,8.47545e-7,-6.06674308091912
HBB:c.376C>A,NM_000518.4:c.376C>A,HBB,VUS,VUS,SAS,0,-8
HBB:c.376C>A,NM_000518.4:c.376C>A,HBB,VUS,VUS,FIN,0,-8
HBB:c.376C>A,NM_000518.4:c.376C>A,HBB,VUS,VUS,ASJ,0,-8
HBB:c.376C>A,NM_000518.4:c.376C>A,HBB,VUS,VUS,MID,0,-8
HBB:c.188C>T,NM_000518.4:c.188C>T,HBB,VUS,VUS,Overall,1.85873e-6,-5.728453442324066
HBB:c.188C>T,NM_000518.4:c.188C>T,HBB,VUS,VUS,POPMAX,4.45633e-5,-4.3509252115782555
HBB:c.188C>T,NM_000518.4:c.188C>T,HBB,VUS,VUS,AFR,1.33529e-5,-4.8740992815816515
HBB:c.188C>T,NM_000518.4:c.188C>T,HBB,VUS,VUS,AMR,0,-8
HBB:c.188C>T,NM_000518.4:c.188C>T,HBB,VUS,VUS,EAS,4.45633e-5,-4.3509252115782555
HBB:c.188C>T,NM_000518.4:c.188C>T,HBB,VUS,VUS,NFE,0,-8
HBB:c.188C>T,NM_000518.4:c.188C>T,HBB,VUS,VUS,SAS,0,-8
HBB:c.188C>T,NM_000518.4:c.188C>T,HBB,VUS,VUS,FIN,0,-8
HBB:c.188C>T,NM_000518.4:c.188C>T,HBB,VUS,VUS,ASJ,0,-8
HBB:c.188C>T,NM_000518.4:c.188C>T,HBB,VUS,VUS,MID,0,-8
HBB:c.400G>T,NM_000518.4:c.400G>T,HBB,VUS,VUS,Overall,1.23916e-6,-5.903381930987956
HBB:c.400G>T,NM_000518.4:c.400G>T,HBB,VUS,VUS,POPMAX,1.33472e-5,-4.874284571201406
HBB:c.400G>T,NM_000518.4:c.400G>T,HBB,VUS,VUS,AFR,1.33472e-5,-4.874284571201406
HBB:c.400G>T,NM_000518.4:c.400G>T,HBB,VUS,VUS,AMR,0,-8
HBB:c.400G>T,NM_000518.4:c.400G>T,HBB,VUS,VUS,EAS,0,-8
HBB:c.400G>T,NM_000518.4:c.400G>T,HBB,VUS,VUS,NFE,8.47459e-7,-6.066786636882226
HBB:c.400G>T,NM_000518.4:c.400G>T,HBB,VUS,VUS,SAS,0,-8
HBB:c.400G>T,NM_000518.4:c.400G>T,HBB,VUS,VUS,FIN,0,-8
HBB:c.400G>T,NM_000518.4:c.400G>T,HBB,VUS,VUS,ASJ,0,-8
HBB:c.400G>T,NM_000518.4:c.400G>T,HBB,VUS,VUS,MID,0,-8
HBA1:c.264C>G,NM_000558.5:c.264C>G,HBA1,P/LP,P/LP,Overall,6.43656e-7,-6.184650748016087
HBA1:c.264C>G,NM_000558.5:c.264C>G,HBA1,P/LP,P/LP,POPMAX,8.68068e-7,-6.056471849832827
HBA1:c.264C>G,NM_000558.5:c.264C>G,HBA1,P/LP,P/LP,AFR,0,-8
HBA1:c.264C>G,NM_000558.5:c.264C>G,HBA1,P/LP,P/LP,AMR,0,-8
HBA1:c.264C>G,NM_000558.5:c.264C>G,HBA1,P/LP,P/LP,EAS,0,-8
HBA1:c.264C>G,NM_000558.5:c.264C>G,HBA1,P/LP,P/LP,NFE,8.68068e-7,-6.056471849832827
HBA1:c.264C>G,NM_000558.5:c.264C>G,HBA1,P/LP,P/LP,SAS,0,-8
HBA1:c.264C>G,NM_000558.5:c.264C>G,HBA1,P/LP,P/LP,FIN,0,-8
HBA1:c.264C>G,NM_000558.5:c.264C>G,HBA1,P/LP,P/LP,ASJ,0,-8
HBA1:c.264C>G,NM_000558.5:c.264C>G,HBA1,P/LP,P/LP,MID,0,-8
HBA2:c.340C>T,NM_000517.4:c.340C>T,HBA2,VUS,VUS,Overall,2.48949e-6,-5.6021485964402995
HBA2:c.340C>T,NM_000517.4:c.340C>T,HBA2,VUS,VUS,POPMAX,2.54274e-6,-5.592993416419977
HBA2:c.340C>T,NM_000517.4:c.340C>T,HBA2,VUS,VUS,AFR,0,-8
HBA2:c.340C>T,NM_000517.4:c.340C>T,HBA2,VUS,VUS,AMR,0,-8
HBA2:c.340C>T,NM_000517.4:c.340C>T,HBA2,VUS,VUS,EAS,0,-8
HBA2:c.340C>T,NM_000517.4:c.340C>T,HBA2,VUS,VUS,NFE,2.54274e-6,-5.592993416419977
HBA2:c.340C>T,NM_000517.4:c.340C>T,HBA2,VUS,VUS,SAS,0,-8
HBA2:c.340C>T,NM_000517.4:c.340C>T,HBA2,VUS,VUS,FIN,0,-8
HBA2:c.340C>T,NM_000517.4:c.340C>T,HBA2,VUS,VUS,ASJ,0,-8
HBA2:c.340C>T,NM_000517.4:c.340C>T,HBA2,VUS,VUS,MID,0,-8
HBA1:c.273G>C,NM_000558.5:c.273G>C,HBA1,B/LB,B/LB,Overall,2.50567e-5,-4.600902836609146
HBA1:c.273G>C,NM_000558.5:c.273G>C,HBA1,B/LB,B/LB,POPMAX,3.20878e-5,-4.493524733345996
HBA1:c.273G>C,NM_000558.5:c.273G>C,HBA1,B/LB,B/LB,AFR,0,-8
HBA1:c.273G>C,NM_000558.5:c.273G>C,HBA1,B/LB,B/LB,AMR,0,-8
HBA1:c.273G>C,NM_000558.5:c.273G>C,HBA1,B/LB,B/LB,EAS,0,-8
HBA1:c.273G>C,NM_000558.5:c.273G>C,HBA1,B/LB,B/LB,NFE,3.20878e-5,-4.493524733345996
HBA1:c.273G>C,NM_000558.5:c.273G>C,HBA1,B/LB,B/LB,SAS,0,-8
HBA1:c.273G>C,NM_000558.5:c.273G>C,HBA1,B/LB,B/LB,FIN,0,-8
HBA1:c.273G>C,NM_000558.5:c.273G>C,HBA1,B/LB,B/LB,ASJ,0,-8
HBA1:c.273G>C,NM_000558.5:c.273G>C,HBA1,B/LB,B/LB,MID,0,-8
HBA2:c.379G>A,NM_000517.4:c.379G>A,HBA2,P/LP,P/LP,Overall,1.24392e-6,-5.901730170576153
HBA2:c.379G>A,NM_000517.4:c.379G>A,HBA2,P/LP,P/LP,POPMAX,2.22985e-5,-4.651529630237161
HBA2:c.379G>A,NM_000517.4:c.379G>A,HBA2,P/LP,P/LP,AFR,0,-8
HBA2:c.379G>A,NM_000517.4:c.379G>A,HBA2,P/LP,P/LP,AMR,1.67107e-5,-4.776745545092353
HBA2:c.379G>A,NM_000517.4:c.379G>A,HBA2,P/LP,P/LP,EAS,2.22985e-5,-4.651529630237161
HBA2:c.379G>A,NM_000517.4:c.379G>A,HBA2,P/LP,P/LP,NFE,0,-8
HBA2:c.379G>A,NM_000517.4:c.379G>A,HBA2,P/LP,P/LP,SAS,0,-8
HBA2:c.379G>A,NM_000517.4:c.379G>A,HBA2,P/LP,P/LP,FIN,0,-8
HBA2:c.379G>A,NM_000517.4:c.379G>A,HBA2,P/LP,P/LP,ASJ,0,-8
HBA2:c.379G>A,NM_000517.4:c.379G>A,HBA2,P/LP,P/LP,MID,0,-8
HBA1:c.226G>A,NM_000558.5:c.226G>A,HBA1,B/LB,B/LB,Overall,1.32425e-6,-5.874762788524375
HBA1:c.226G>A,NM_000558.5:c.226G>A,HBA1,B/LB,B/LB,POPMAX,1.38186e-5,-4.8592217854041415
HBA1:c.226G>A,NM_000558.5:c.226G>A,HBA1,B/LB,B/LB,AFR,1.38186e-5,-4.8592217854041415
HBA1:c.226G>A,NM_000558.5:c.226G>A,HBA1,B/LB,B/LB,AMR,0,-8
HBA1:c.226G>A,NM_000558.5:c.226G>A,HBA1,B/LB,B/LB,EAS,0,-8
HBA1:c.226G>A,NM_000558.5:c.226G>A,HBA1,B/LB,B/LB,NFE,8.92875e-7,-6.044372372131652
HBA1:c.226G>A,NM_000558.5:c.226G>A,HBA1,B/LB,B/LB,SAS,0,-8
HBA1:c.226G>A,NM_000558.5:c.226G>A,HBA1,B/LB,B/LB,FIN,0,-8
HBA1:c.226G>A,NM_000558.5:c.226G>A,HBA1,B/LB,B/LB,ASJ,0,-8
HBA1:c.226G>A,NM_000558.5:c.226G>A,HBA1,B/LB,B/LB,MID,0,-8
