HGVS,HGVS_transcript,Effect_function,Observed_pathogenicity,observed_binary,CADD_predicted_clean,CADD_status,AlphaMissense_predicted_clean,AlphaMissense_status,MutPred2_predicted_clean,MutPred2_status,Eigen_PC_predicted_clean,Eigen_PC_status,DANN_predicted_clean,DANN_status,SIFT_predicted_clean,SIFT_status
HBB:c.-240G>A,NM_000518.4:c.-240G>A,Promoter,P/LP,Pathogenic,Benign,FN,NA,NA,NA,NA,NA,NA,NA,NA,NA,NA
HBB:c.-151C>T,NM_000518.4:c.-151C>T,Promoter,P/LP,Pathogenic,Pathogenic,TP,NA,NA,NA,NA,NA,NA,NA,NA,NA,NA
HBB:c.-142C>T,NM_000518.4:c.-142C>T,Promoter,P/LP,Pathogenic,Pathogenic,TP,NA,NA,NA,NA,NA,NA,NA,NA,NA,NA
HBB:c.-140C>T,NM_000518.4:c.-140C>T,Promoter,P/LP,Pathogenic,Pathogenic,TP,NA,NA,NA,NA,NA,NA,NA,NA,NA,NA
HBB:c.-138C>T,NM_000518.4:c.-138C>T,Promoter,P/LP,Pathogenic,Pathogenic,TP,NA,NA,NA,NA,NA,NA,NA,NA,NA,NA
HBB:c.-138C>A,NM_000518.4:c.-138C>A,Promoter,P/LP,Pathogenic,Pathogenic,TP,NA,NA,NA,NA,NA,NA,NA,NA,NA,NA
HBB:c.-137C>G,NM_000518.4:c.-137C>G,Promoter,P/LP,Pathogenic,Pathogenic,TP,NA,NA,NA,NA,NA,NA,NA,NA,NA,NA
HBB:c.-137C>T,NM_000518.4:c.-137C>T,Promoter,P/LP,Pathogenic,Pathogenic,TP,NA,NA,NA,NA,NA,NA,NA,NA,NA,NA
HBB:c.-137C>A,NM_000518.4:c.-137C>A,Promoter,P/LP,Pathogenic,Pathogenic,TP,NA,NA,NA,NA,NA,NA,NA,NA,NA,NA
HBB:c.-136C>G,NM_000518.4:c.-136C>G,Promoter,P/LP,Pathogenic,Pathogenic,TP,NA,NA,NA,NA,NA,NA,NA,NA,NA,NA
HBB:c.-136C>A,NM_000518.4:c.-136C>A,Promoter,P/LP,Pathogenic,Pathogenic,TP,NA,NA,NA,NA,NA,NA,NA,NA,NA,NA
HBB:c.-123A>T,NM_000518.4:c.-123A>T,Promoter,P/LP,Pathogenic,Pathogenic,TP,NA,NA,NA,NA,NA,NA,NA,NA,NA,NA
HBB:c.-106G>C,NM_000518.4:c.-106G>C,Promoter,P/LP,Pathogenic,Pathogenic,TP,NA,NA,NA,NA,NA,NA,NA,NA,NA,NA
HBB:c.-100G>A,NM_000518.4:c.-100G>A,Promoter,P/LP,Pathogenic,Pathogenic,TP,NA,NA,NA,NA,NA,NA,NA,NA,NA,NA
HBB:c.-82C>A,NM_000518.4:c.-82C>A,Promoter,P/LP,Pathogenic,Pathogenic,TP,NA,NA,NA,NA,NA,NA,NA,NA,NA,NA
HBB:c.-82C>T,NM_000518.4:c.-82C>T,Promoter,P/LP,Pathogenic,Pathogenic,TP,NA,NA,NA,NA,NA,NA,NA,NA,NA,NA
HBB:c.-81A>G,NM_000518.4:c.-81A>G,Promoter,P/LP,Pathogenic,Pathogenic,TP,NA,NA,NA,NA,NA,NA,NA,NA,NA,NA
HBB:c.-80T>A,NM_000518.4:c.-80T>A,Promoter,P/LP,Pathogenic,Pathogenic,TP,NA,NA,NA,NA,NA,NA,NA,NA,NA,NA
HBB:c.-80T>C,NM_000518.4:c.-80T>C,Promoter,P/LP,Pathogenic,Pathogenic,TP,NA,NA,NA,NA,NA,NA,NA,NA,NA,NA
HBB:c.-79_78delAA,NM_000518.4:c.-79_78delAA,Promoter,P/LP,Pathogenic,NA,NA,NA,NA,NA,NA,NA,NA,NA,NA,NA,NA
HBB:c.-79A>G,NM_000518.4:c.-79A>G,Promoter,P/LP,Pathogenic,Pathogenic,TP,NA,NA,NA,NA,NA,NA,NA,NA,NA,NA
HBB:c.-79A>C,NM_000518.4:c.-79A>C,Promoter,P/LP,Pathogenic,Pathogenic,TP,NA,NA,NA,NA,NA,NA,NA,NA,NA,NA
HBB:c.-78A>C,NM_000518.4:c.-78A>C,Promoter,P/LP,Pathogenic,Pathogenic,TP,NA,NA,NA,NA,NA,NA,NA,NA,NA,NA
HBB:c.-78A>G,NM_000518.4:c.-78A>G,Promoter,P/LP,Pathogenic,Pathogenic,TP,NA,NA,NA,NA,NA,NA,NA,NA,NA,NA
HBB:c.-77A>T,NM_000518.4:c.-77A>T,Promoter,P/LP,Pathogenic,Pathogenic,TP,NA,NA,NA,NA,NA,NA,NA,NA,NA,NA
HBB:c.-77_-76delAA,NM_000518.4:c.-77_-76delAA,Promoter,P/LP,Pathogenic,NA,NA,NA,NA,NA,NA,NA,NA,NA,NA,NA,NA
HBB:c.-75G>C,NM_000518.4:c.-75G>C,Promoter,P/LP,Pathogenic,Pathogenic,TP,NA,NA,NA,NA,NA,NA,NA,NA,NA,NA
HBB:c.-73_-8del45,NM_000518.4:c.-73_-8del45,Promoter,P/LP,Pathogenic,NA,NA,NA,NA,NA,NA,NA,NA,NA,NA,NA,NA
HBB:c.-50A>C,NM_000518.4:c.-50A>C,5'UTR,P/LP,Pathogenic,Pathogenic,TP,NA,NA,NA,NA,NA,NA,NA,NA,NA,NA
HBB:c.-43C>T,NM_000518.4:c.-43C>T,5'UTR,P/LP,Pathogenic,Pathogenic,TP,NA,NA,NA,NA,NA,NA,NA,NA,NA,NA
HBB:c.-41delT,NM_000518.4:c.-41delT,5'UTR,P/LP,Pathogenic,NA,NA,NA,NA,NA,NA,NA,NA,NA,NA,NA,NA
HBB:c.-31C>T,NM_000518.4:c.-31C>T,5'UTR,B/LB,Benign,Benign,TN,NA,NA,NA,NA,NA,NA,NA,NA,NA,NA
HBB:c.-29G>A,NM_000518.4:c.-29G>A,5'UTR,P/LP,Pathogenic,Pathogenic,TP,NA,NA,NA,NA,NA,NA,NA,NA,NA,NA
HBB:c.-18C>G,NM_000518.4:c.-18C>G,5'UTR,P/LP,Pathogenic,Pathogenic,TP,NA,NA,NA,NA,NA,NA,NA,NA,NA,NA
HBB:c.-11_-8delAAAC,NM_000518.4:c.-11_-8delAAAC,5'UTR,P/LP,Pathogenic,NA,NA,NA,NA,NA,NA,NA,NA,NA,NA,NA,NA
HBB:c.-6G>C,NM_000518.4:c.-6G>C,5'UTR,P/LP,Pathogenic,Pathogenic,TP,NA,NA,NA,NA,NA,NA,NA,NA,NA,NA
HBB:c.1A>G,NM_000518.4:c.1A>G,Initiation codon,P/LP,Pathogenic,Pathogenic,TP,NA,NA,Pathogenic,TP,Pathogenic,TP,Pathogenic,TP,Pathogenic,TP
HBB:c.1A>C,NM_000518.4:c.1A>C,Initiation codon,P/LP,Pathogenic,Pathogenic,TP,NA,NA,Pathogenic,TP,Pathogenic,TP,Benign,FN,Pathogenic,TP
HBB:c.2T>C,NM_000518.4:c.2T>C,Initiation codon,P/LP,Pathogenic,Pathogenic,TP,NA,NA,Pathogenic,TP,Pathogenic,TP,Pathogenic,TP,Pathogenic,TP
HBB:c.2T>G,NM_000518.4:c.2T>G,Initiation codon,P/LP,Pathogenic,Pathogenic,TP,NA,NA,Pathogenic,TP,Pathogenic,TP,Pathogenic,TP,Pathogenic,TP
HBB:c.2T>A,NM_000518.4:c.2T>A,Initiation codon,P/LP,Pathogenic,Pathogenic,TP,NA,NA,Pathogenic,TP,Pathogenic,TP,Benign,FN,Pathogenic,TP
HBB:c.3G>C,NM_000518.4:c.3G>C,Initiation codon,P/LP,Pathogenic,Pathogenic,TP,NA,NA,Pathogenic,TP,Pathogenic,TP,Pathogenic,TP,Pathogenic,TP
HBB:c.3G>A,NM_000518.4:c.3G>A,Initiation codon,P/LP,Pathogenic,Pathogenic,TP,NA,NA,Pathogenic,TP,Pathogenic,TP,Pathogenic,TP,Pathogenic,TP
HBB:c.3G>T,NM_000518.4:c.3G>T,Initiation codon,P/LP,Pathogenic,Pathogenic,TP,NA,NA,Pathogenic,TP,Pathogenic,TP,Pathogenic,TP,Pathogenic,TP
HBB:c.4delG,NM_000518.4:c.4delG,Frameshift,P/LP,Pathogenic,NA,NA,NA,NA,NA,NA,NA,NA,NA,NA,NA,NA
HBB:c.8_16delinsCTGAGGTGAAGTCTGCCTGAGGAGAAGT,NM_000518.4:c.8_16delinsCTGAGGTGAAGTCTGCCTGAGGAGAAGT,Frameshift,P/LP,Pathogenic,NA,NA,NA,NA,NA,NA,NA,NA,NA,NA,NA,NA
HBB:c.11dupT,NM_000518.4:c.11dupT,Frameshift,P/LP,Pathogenic,NA,NA,NA,NA,NA,NA,NA,NA,NA,NA,NA,NA
HBB:c.17_18delCT,NM_000518.4:c.17_18delCT,Frameshift,P/LP,Pathogenic,Pathogenic,TP,NA,NA,NA,NA,NA,NA,NA,NA,NA,NA
HBB:c.19G>T,NM_000518.4:c.19G>T,Stop gained,P/LP,Pathogenic,Pathogenic,TP,NA,NA,NA,NA,Pathogenic,TP,Pathogenic,TP,NA,NA
HBB:c.20delA,NM_000518.4:c.20delA,Frameshift,P/LP,Pathogenic,Pathogenic,TP,NA,NA,NA,NA,NA,NA,NA,NA,NA,NA
HBB:c.20delG,NM_000518.4:c.20delG,Frameshift,P/LP,Pathogenic,Pathogenic,TP,NA,NA,NA,NA,NA,NA,NA,NA,NA,NA
HBB:c.20_32del13,NM_000518.4:c.20_32del13,Frameshift,P/LP,Pathogenic,NA,NA,NA,NA,NA,NA,NA,NA,NA,NA,NA,NA
HBB:c.22G>T,NM_000518.4:c.22G>T,Stop gained,P/LP,Pathogenic,Pathogenic,TP,NA,NA,NA,NA,Pathogenic,TP,Pathogenic,TP,NA,NA
HBB:c.25_26delAA,NM_000518.4:c.25_26delAA,Frameshift,P/LP,Pathogenic,NA,NA,NA,NA,NA,NA,NA,NA,NA,NA,NA,NA
HBB:c.27dupG,NM_000518.4:c.27dupG,Frameshift,P/LP,Pathogenic,Pathogenic,TP,NA,NA,NA,NA,NA,NA,NA,NA,NA,NA
HBB:c.28_29insTA,NM_000518.4:c.28_29insTA,Frameshift,P/LP,Pathogenic,NA,NA,NA,NA,NA,NA,NA,NA,NA,NA,NA,NA
HBB:c.30dupT,NM_000518.4:c.30dupT,Frameshift,P/LP,Pathogenic,NA,NA,NA,NA,NA,NA,NA,NA,NA,NA,NA,NA
HBB:c.33C>A,NM_000518.4:c.33C>A,Cryptic splice site; Synonymous substitution,P/LP,Pathogenic,Benign,FN,NA,NA,NA,NA,NA,NA,NA,NA,NA,NA
HBB:c.33delC,NM_000518.4:c.33delC,Frameshift,P/LP,Pathogenic,NA,NA,NA,NA,NA,NA,NA,NA,NA,NA,NA,NA
HBB:c.36delT,NM_000518.4:c.36delT,Frameshift,P/LP,Pathogenic,NA,NA,NA,NA,NA,NA,NA,NA,NA,NA,NA,NA
HBB:c.44dupT,NM_000518.4:c.44dupT,Frameshift,P/LP,Pathogenic,NA,NA,NA,NA,NA,NA,NA,NA,NA,NA,NA,NA
HBB:c.45dupG,NM_000518.4:c.45dupG,Frameshift,P/LP,Pathogenic,NA,NA,NA,NA,NA,NA,NA,NA,NA,NA,NA,NA
HBB:c.46delT,NM_000518.4:c.46delT,Frameshift,P/LP,Pathogenic,NA,NA,NA,NA,NA,NA,NA,NA,NA,NA,NA,NA
HBB:c.50dupG,NM_000518.4:c.50dupG,Frameshift,P/LP,Pathogenic,NA,NA,NA,NA,NA,NA,NA,NA,NA,NA,NA,NA
HBB:c.47G>A,NM_000518.4:c.47G>A,Stop gained,P/LP,Pathogenic,Pathogenic,TP,NA,NA,NA,NA,Pathogenic,TP,Pathogenic,TP,NA,NA
HBB:c.48G>A,NM_000518.4:c.48G>A,Stop gained,P/LP,Pathogenic,Pathogenic,TP,NA,NA,NA,NA,Pathogenic,TP,Pathogenic,TP,NA,NA
HBB:c.50delG,NM_000518.4:c.50delG,Frameshift,P/LP,Pathogenic,NA,NA,NA,NA,NA,NA,NA,NA,NA,NA,NA,NA
HBB:c.51delC,NM_000518.4:c.51delC,Frameshift,P/LP,Pathogenic,Pathogenic,TP,NA,NA,NA,NA,NA,NA,NA,NA,NA,NA
HBB:c.51C>T,NM_000518.4:c.51C>T,Cryptic splice site; Synonymous substitution,P/LP,Pathogenic,Pathogenic,TP,NA,NA,NA,NA,NA,NA,NA,NA,NA,NA
HBB:c.52A>T,NM_000518.4:c.52A>T,Stop gained,P/LP,Pathogenic,Pathogenic,TP,NA,NA,NA,NA,Pathogenic,TP,Pathogenic,TP,NA,NA
HBB:c.53dupA,NM_000518.4:c.53dupA,Frameshift,P/LP,Pathogenic,NA,NA,NA,NA,NA,NA,NA,NA,NA,NA,NA,NA
HBB:c.59A>G,NM_000518.4:c.59A>G,"Missense codons, Cryptic splice site",P/LP,Pathogenic,Pathogenic,TP,Benign,FN,NA,NA,Pathogenic,TP,Pathogenic,TP,Pathogenic,TP
HBB:c.64_67del,NM_000518.4:c.64_67del,Frameshift,P/LP,Pathogenic,NA,NA,NA,NA,NA,NA,NA,NA,NA,NA,NA,NA
HBB:c.64dupG,NM_000518.4:c.64dupG,Frameshift,P/LP,Pathogenic,NA,NA,NA,NA,NA,NA,NA,NA,NA,NA,NA,NA
HBB:c.67G>T,NM_000518.4:c.67G>T,Stop gained,P/LP,Pathogenic,Pathogenic,TP,NA,NA,NA,NA,Pathogenic,TP,Pathogenic,TP,NA,NA
HBB:c.68_74delAAGTTGG,NM_000518.4:c.68_74delAAGTTGG,Frameshift,P/LP,Pathogenic,NA,NA,NA,NA,NA,NA,NA,NA,NA,NA,NA,NA
HBB:c.74delinsCAC,NM_000518.4:c.74delinsCAC,Frameshift,P/LP,Pathogenic,NA,NA,NA,NA,NA,NA,NA,NA,NA,NA,NA,NA
HBB:c.75T>A,NM_000518.4:c.75T>A,Cryptic splice site; Synonymous substitution,P/LP,Pathogenic,Pathogenic,TP,NA,NA,NA,NA,NA,NA,NA,NA,NA,NA
HBB:c.78dupT,NM_000518.4:c.78dupT,Stop gained,P/LP,Pathogenic,NA,NA,NA,NA,NA,NA,NA,NA,NA,NA,NA,NA
HBB:c.79G>A,NM_000518.4:c.79G>A,"Missense codons, Cryptic splice site",P/LP,Pathogenic,Pathogenic,TP,Pathogenic,TP,NA,NA,Pathogenic,TP,Pathogenic,TP,Pathogenic,TP
HBB:c.79G>T,NM_000518.4:c.79G>T,Stop gained,P/LP,Pathogenic,Pathogenic,TP,NA,NA,NA,NA,Pathogenic,TP,Pathogenic,TP,NA,NA
HBB:c.79_80insT,NM_000518.4:c.79_80insT,Frameshift,P/LP,Pathogenic,NA,NA,NA,NA,NA,NA,NA,NA,NA,NA,NA,NA
HBB:c.82G>T,NM_000518.4:c.82G>T,"Missense codons, Cryptic splice site",P/LP,Pathogenic,Pathogenic,TP,Benign,FN,NA,NA,Pathogenic,TP,Pathogenic,TP,Benign,FN
HBB:c.85dupC,NM_000518.4:c.85dupC,Frameshift,P/LP,Pathogenic,NA,NA,NA,NA,NA,NA,NA,NA,NA,NA,NA,NA
HBB:c.85delC,NM_000518.4:c.85delC,Frameshift,P/LP,Pathogenic,NA,NA,NA,NA,NA,NA,NA,NA,NA,NA,NA,NA
HBB:c.86T>G,NM_000518.4:c.86T>G,Missense codons,P/LP,Pathogenic,Pathogenic,TP,Pathogenic,TP,Pathogenic,TP,Pathogenic,TP,Pathogenic,TP,Pathogenic,TP
HBB:c.89delG,NM_000518.4:c.89delG,Frameshift,P/LP,Pathogenic,NA,NA,NA,NA,NA,NA,NA,NA,NA,NA,NA,NA
HBB:c.90C>T,NM_000518.4:c.90C>T,Splice region variant; Synonymous substitution,P/LP,Pathogenic,Pathogenic,TP,NA,NA,NA,NA,NA,NA,NA,NA,NA,NA
HBB:c.91A>G,NM_000518.4:c.91A>G,Splice region variant; Missense codons,P/LP,Pathogenic,Pathogenic,TP,Pathogenic,TP,Pathogenic,TP,Pathogenic,TP,Pathogenic,TP,Pathogenic,TP
HBB:c.91A>C,NM_000518.4:c.91A>C,Splice region variant; Synonymous substitution,P/LP,Pathogenic,Pathogenic,TP,NA,NA,NA,NA,NA,NA,NA,NA,NA,NA
HBB:c.92G>A,NM_000518.4:c.92G>A,Splice region variant; Missense codons,P/LP,Pathogenic,Pathogenic,TP,Pathogenic,TP,Pathogenic,TP,Pathogenic,TP,Pathogenic,TP,Pathogenic,TP
HBB:c.92G>C,NM_000518.4:c.92G>C,Splice region variant; Missense codons,P/LP,Pathogenic,Pathogenic,TP,Pathogenic,TP,Pathogenic,TP,Pathogenic,TP,Pathogenic,TP,Pathogenic,TP
HBB:c.92+1G>A,NM_000518.4:c.92+1G>A,Splice donor,P/LP,Pathogenic,Pathogenic,TP,NA,NA,NA,NA,NA,NA,NA,NA,NA,NA
HBB:c.92+1G>T,NM_000518.4:c.92+1G>T,Splice donor,P/LP,Pathogenic,Pathogenic,TP,NA,NA,NA,NA,NA,NA,NA,NA,NA,NA
HBB:c.92+1G>C,NM_000518.4:c.92+1G>C,Splice donor,P/LP,Pathogenic,Pathogenic,TP,NA,NA,NA,NA,NA,NA,NA,NA,NA,NA
HBB:c.92+2T>G,NM_000518.4:c.92+2T>G,Splice donor,P/LP,Pathogenic,Pathogenic,TP,NA,NA,NA,NA,NA,NA,NA,NA,NA,NA
HBB:c.92+2T>C,NM_000518.4:c.92+2T>C,Splice donor,P/LP,Pathogenic,Pathogenic,TP,NA,NA,NA,NA,NA,NA,NA,NA,NA,NA
HBB:c.92+2T>A,NM_000518.4:c.92+2T>A,Splice donor,P/LP,Pathogenic,Pathogenic,TP,NA,NA,NA,NA,NA,NA,NA,NA,NA,NA
HBB:c.92+5G>C,NM_000518.4:c.92+5G>C,Splice region variant,P/LP,Pathogenic,Pathogenic,TP,NA,NA,NA,NA,NA,NA,NA,NA,NA,NA
HBB:c.92+5G>T,NM_000518.4:c.92+5G>T,Splice region variant,P/LP,Pathogenic,Pathogenic,TP,NA,NA,NA,NA,NA,NA,NA,NA,NA,NA
HBB:c.92+5G>A,NM_000518.4:c.92+5G>A,Splice region variant,P/LP,Pathogenic,Pathogenic,TP,NA,NA,NA,NA,NA,NA,NA,NA,NA,NA
HBB:c.92+6T>C,NM_000518.4:c.92+6T>C,Splice region variant,P/LP,Pathogenic,Pathogenic,TP,NA,NA,NA,NA,NA,NA,NA,NA,NA,NA
HBB:c.93-21G>A,NM_000518.4:c.93-21G>A,Cryptic splice site,P/LP,Pathogenic,Benign,FN,NA,NA,NA,NA,NA,NA,NA,NA,NA,NA
HBB:c.93-15T>G,NM_000518.4:c.93-15T>G,Cryptic splice site,P/LP,Pathogenic,Benign,FN,NA,NA,NA,NA,NA,NA,NA,NA,NA,NA
HBB:c.93-3T>G,NM_000518.4:c.93-3T>G,Splice region variant,P/LP,Pathogenic,Pathogenic,TP,NA,NA,NA,NA,NA,NA,NA,NA,NA,NA
HBB:c.93-2A>C,NM_000518.4:c.93-2A>C,Splice acceptor,P/LP,Pathogenic,Pathogenic,TP,NA,NA,NA,NA,NA,NA,NA,NA,NA,NA
HBB:c.93-2A>G,NM_000518.4:c.93-2A>G,Splice acceptor,P/LP,Pathogenic,Pathogenic,TP,NA,NA,NA,NA,NA,NA,NA,NA,NA,NA
HBB:c.93-1G>C,NM_000518.4:c.93-1G>C,Splice acceptor,P/LP,Pathogenic,Pathogenic,TP,NA,NA,NA,NA,NA,NA,NA,NA,NA,NA
HBB:c.93-1G>A,NM_000518.4:c.93-1G>A,Splice acceptor,P/LP,Pathogenic,Pathogenic,TP,NA,NA,NA,NA,NA,NA,NA,NA,NA,NA
HBB:c.93G>C,NM_000518.4:c.93G>C,Splice region variant; Missense codons,P/LP,Pathogenic,Pathogenic,TP,Pathogenic,TP,Pathogenic,TP,Pathogenic,TP,Pathogenic,TP,Pathogenic,TP
HBB:c.93-17_93-1delTATTTTCCCACCCTTAG,NM_000518.4:c.93-17_93-1delTATTTTCCCACCCTTAG,Splice region variant; Splice acceptor,P/LP,Pathogenic,NA,NA,NA,NA,NA,NA,NA,NA,NA,NA,NA,NA
NG_000007.3:g.70807_70828dup,NG_000007.3:g.70807_70828dup,Splice region variant,P/LP,Pathogenic,NA,NA,NA,NA,NA,NA,NA,NA,NA,NA,NA,NA
HBB:c.93_94insCGG,NM_000518.4:c.93_94insCGG,Splice region variant; Inframe indels,P/LP,Pathogenic,NA,NA,NA,NA,NA,NA,NA,NA,NA,NA,NA,NA
HBB:c.94delC,NM_000518.4:c.94delC,Splice region variant; Frameshift,P/LP,Pathogenic,NA,NA,NA,NA,NA,NA,NA,NA,NA,NA,NA,NA
HBB:c.110del,NM_000518.4:c.110del,Frameshift,P/LP,Pathogenic,NA,NA,NA,NA,NA,NA,NA,NA,NA,NA,NA,NA
HBB:c.102_104del,NM_000518.4:c.102_104del,Inframe indels,P/LP,Pathogenic,NA,NA,NA,NA,NA,NA,NA,NA,NA,NA,NA,NA
HBB:c.102_103delG,NM_000518.4:c.102_103delG,Frameshift,P/LP,Pathogenic,NA,NA,NA,NA,NA,NA,NA,NA,NA,NA,NA,NA
HBB:c.101_106delTGGTCT,NM_000518.4:c.101_106delTGGTCT,Inframe indels,P/LP,Pathogenic,NA,NA,NA,NA,NA,NA,NA,NA,NA,NA,NA,NA
HBB:c.107A>G,NM_000518.4:c.107A>G,Missense codons,P/LP,Pathogenic,Pathogenic,TP,Pathogenic,TP,Pathogenic,TP,Pathogenic,TP,Pathogenic,TP,Pathogenic,TP
HBB:c.108C>A,NM_000518.4:c.108C>A,Stop gained,P/LP,Pathogenic,Pathogenic,TP,NA,NA,NA,NA,Pathogenic,TP,Pathogenic,TP,NA,NA
HBB:c.112delT,NM_000518.4:c.112delT,Frameshift,P/LP,Pathogenic,NA,NA,NA,NA,NA,NA,NA,NA,NA,NA,NA,NA
HBB:c.111_118delTTGGACCC,NM_000518.4:c.111_118delTTGGACCC,Frameshift,P/LP,Pathogenic,NA,NA,NA,NA,NA,NA,NA,NA,NA,NA,NA,NA
HBB:c.114delG,NM_000518.4:c.114delG,Stop gained,P/LP,Pathogenic,NA,NA,NA,NA,NA,NA,NA,NA,NA,NA,NA,NA
HBB:c.114G>A,NM_000518.4:c.114G>A,Stop gained,P/LP,Pathogenic,Pathogenic,TP,NA,NA,NA,NA,Pathogenic,TP,Pathogenic,TP,NA,NA
HBB:c.113G>A,NM_000518.4:c.113G>A,Stop gained,P/LP,Pathogenic,Pathogenic,TP,NA,NA,NA,NA,Pathogenic,TP,Pathogenic,TP,NA,NA
HBB:c.114_120delGACCCAG,NM_000518.4:c.114_120delGACCCAG,Frameshift,P/LP,Pathogenic,NA,NA,NA,NA,NA,NA,NA,NA,NA,NA,NA,NA
HBB:c.118delC,NM_000518.4:c.118delC,Frameshift,P/LP,Pathogenic,NA,NA,NA,NA,NA,NA,NA,NA,NA,NA,NA,NA
HBB:c.117_118delCC,NM_000518.4:c.117_118delCC,Frameshift,P/LP,Pathogenic,NA,NA,NA,NA,NA,NA,NA,NA,NA,NA,NA,NA
HBB:c.118C>T,NM_000518.4:c.118C>T,Stop gained,P/LP,Pathogenic,Pathogenic,TP,NA,NA,NA,NA,Pathogenic,TP,Pathogenic,TP,NA,NA
HBB:c.123delG,NM_000518.4:c.123delG,Frameshift,P/LP,Pathogenic,NA,NA,NA,NA,NA,NA,NA,NA,NA,NA,NA,NA
HBB:c.123_208dup,NM_000518.4:c.123_208dup,Frameshift,P/LP,Pathogenic,NA,NA,NA,NA,NA,NA,NA,NA,NA,NA,NA,NA
HBB:c.125dupT,NM_000518.4:c.125dupT,Frameshift,P/LP,Pathogenic,NA,NA,NA,NA,NA,NA,NA,NA,NA,NA,NA,NA
HBB:c.126delC,NM_000518.4:c.126delC,Frameshift,P/LP,Pathogenic,NA,NA,NA,NA,NA,NA,NA,NA,NA,NA,NA,NA
HBB:c.126_129delCTTT,NM_000518.4:c.126_129delCTTT,Frameshift,P/LP,Pathogenic,NA,NA,NA,NA,NA,NA,NA,NA,NA,NA,NA,NA
HBB:c.129dupT,NM_000518.4:c.129dupT,Stop gained,P/LP,Pathogenic,NA,NA,NA,NA,NA,NA,NA,NA,NA,NA,NA,NA
HBB:c.130dupG,NM_000518.4:c.130dupG,Frameshift,P/LP,Pathogenic,NA,NA,NA,NA,NA,NA,NA,NA,NA,NA,NA,NA
HBB:c.130G>T,NM_000518.4:c.130G>T,Stop gained,P/LP,Pathogenic,Pathogenic,TP,NA,NA,NA,NA,Pathogenic,TP,Pathogenic,TP,NA,NA
HBB:c.135delC,NM_000518.4:c.135delC,Frameshift,P/LP,Pathogenic,NA,NA,NA,NA,NA,NA,NA,NA,NA,NA,NA,NA
HBB:c.138delT,NM_000518.4:c.138delT,Frameshift,P/LP,Pathogenic,NA,NA,NA,NA,NA,NA,NA,NA,NA,NA,NA,NA
HBB:c.138dupT,NM_000518.4:c.138dupT,Frameshift,P/LP,Pathogenic,NA,NA,NA,NA,NA,NA,NA,NA,NA,NA,NA,NA
HBB:c.38_139insA,NM_000518.4:c.38_139insA,Frameshift,P/LP,Pathogenic,NA,NA,NA,NA,NA,NA,NA,NA,NA,NA,NA,NA
HBB:c.143dup,NM_000518.4:c.143dup,Frameshift,P/LP,Pathogenic,NA,NA,NA,NA,NA,NA,NA,NA,NA,NA,NA,NA
HBB:c.143_146dupATCT,NM_000518.4:c.143_146dupATCT,Frameshift,P/LP,Pathogenic,NA,NA,NA,NA,NA,NA,NA,NA,NA,NA,NA,NA
HBB:c.150delC,NM_000518.4:c.150delC,Frameshift,P/LP,Pathogenic,NA,NA,NA,NA,NA,NA,NA,NA,NA,NA,NA,NA
HBB:c.153delT,NM_000518.4:c.153delT,Frameshift,P/LP,Pathogenic,NA,NA,NA,NA,NA,NA,NA,NA,NA,NA,NA,NA
HBB:c.155delC,NM_000518.4:c.155delC,Frameshift,P/LP,Pathogenic,NA,NA,NA,NA,NA,NA,NA,NA,NA,NA,NA,NA
HBB:c.162delT,NM_000518.4:c.162delT,Frameshift,P/LP,Pathogenic,NA,NA,NA,NA,NA,NA,NA,NA,NA,NA,NA,NA
HBB:c.163dupG,NM_000518.4:c.163dupG,Frameshift,P/LP,Pathogenic,NA,NA,NA,NA,NA,NA,NA,NA,NA,NA,NA,NA
HBB:c.165delT,NM_000518.4:c.165delT,Frameshift,P/LP,Pathogenic,NA,NA,NA,NA,NA,NA,NA,NA,NA,NA,NA,NA
HBB:c.166dupA,NM_000518.4:c.166dupA,Frameshift,P/LP,Pathogenic,NA,NA,NA,NA,NA,NA,NA,NA,NA,NA,NA,NA
HBB:c.165_177delTATGGGCAACCCT,NM_000518.4:c.165_177delTATGGGCAACCCT,Frameshift,P/LP,Pathogenic,NA,NA,NA,NA,NA,NA,NA,NA,NA,NA,NA,NA
HBB:c.166delA,NM_000518.4:c.166delA,Frameshift,P/LP,Pathogenic,NA,NA,NA,NA,NA,NA,NA,NA,NA,NA,NA,NA
HBB:c.170_171insGCAACCCTAAGGTG,NM_000518.4:c.170_171insGCAACCCTAAGGTG,Frameshift,P/LP,Pathogenic,NA,NA,NA,NA,NA,NA,NA,NA,NA,NA,NA,NA
HBB:c.176dupC,NM_000518.4:c.176dupC,Frameshift,P/LP,Pathogenic,NA,NA,NA,NA,NA,NA,NA,NA,NA,NA,NA,NA
HBB:c.179delA,NM_000518.4:c.179delA,Frameshift,P/LP,Pathogenic,NA,NA,NA,NA,NA,NA,NA,NA,NA,NA,NA,NA
HBB:c.178A>T,NM_000518.4:c.178A>T,Stop gained,P/LP,Pathogenic,Pathogenic,TP,NA,NA,NA,NA,Pathogenic,TP,Pathogenic,TP,NA,NA
HBB:c.182T>A,NM_000518.4:c.182T>A,Missense codons,P/LP,Pathogenic,Pathogenic,TP,Pathogenic,TP,Pathogenic,TP,Pathogenic,TP,Pathogenic,TP,Pathogenic,TP
HBB:c.189_195delTCATGGC,NM_000518.4:c.189_195delTCATGGC,Frameshift,P/LP,Pathogenic,NA,NA,NA,NA,NA,NA,NA,NA,NA,NA,NA,NA
HBB:c.184A>T,NM_000518.4:c.184A>T,Stop gained,P/LP,Pathogenic,Pathogenic,TP,NA,NA,NA,NA,Pathogenic,TP,Pathogenic,TP,NA,NA
HBB:c.194delG,NM_000518.4:c.194delG,Frameshift,P/LP,Pathogenic,NA,NA,NA,NA,NA,NA,NA,NA,NA,NA,NA,NA
HBB:c.199A>T,NM_000518.4:c.199A>T,Stop gained,P/LP,Pathogenic,Pathogenic,TP,NA,NA,NA,NA,Pathogenic,TP,Pathogenic,TP,NA,NA
HBB:c.203_204delGT,NM_000518.4:c.203_204delGT,Frameshift,P/LP,Pathogenic,NA,NA,NA,NA,NA,NA,NA,NA,NA,NA,NA,NA
HBB:c.216dupT,NM_000518.4:c.216dupT,Stop gained,P/LP,Pathogenic,NA,NA,NA,NA,NA,NA,NA,NA,NA,NA,NA,NA
HBB:c.217dupA,NM_000518.4:c.217dupA,Frameshift,P/LP,Pathogenic,NA,NA,NA,NA,NA,NA,NA,NA,NA,NA,NA,NA
HBB: c.217_221delAGTGAinsT,NM_000518.4: c.217_221delAGTGAinsT,Frameshift,P/LP,Pathogenic,NA,NA,NA,NA,NA,NA,NA,NA,NA,NA,NA,NA
HBB:c.225delC,NM_000518.4:c.225delC,Frameshift,P/LP,Pathogenic,NA,NA,NA,NA,NA,NA,NA,NA,NA,NA,NA,NA
HBB:c.226delC,NM_000518.4:c.226delC,Frameshift,P/LP,Pathogenic,NA,NA,NA,NA,NA,NA,NA,NA,NA,NA,NA,NA
HBB:c.229_230delGC,NM_000518.4:c.229_230delGC,Frameshift,P/LP,Pathogenic,NA,NA,NA,NA,NA,NA,NA,NA,NA,NA,NA,NA
HBB:c.230delC,NM_000518.4:c.230delC,Frameshift,P/LP,Pathogenic,NA,NA,NA,NA,NA,NA,NA,NA,NA,NA,NA,NA
HBB:c.235del,NM_000518.4:c.235del,Frameshift,P/LP,Pathogenic,NA,NA,NA,NA,NA,NA,NA,NA,NA,NA,NA,NA
HBB:c.244delC,NM_000518.4:c.244delC,Frameshift,P/LP,Pathogenic,NA,NA,NA,NA,NA,NA,NA,NA,NA,NA,NA,NA
HBB:c.244_265del22,NM_000518.4:c.244_265del22,Frameshift,P/LP,Pathogenic,NA,NA,NA,NA,NA,NA,NA,NA,NA,NA,NA,NA
HBB:c.251delG,NM_000518.4:c.251delG,Frameshift,P/LP,Pathogenic,NA,NA,NA,NA,NA,NA,NA,NA,NA,NA,NA,NA
HBB:c.253_260del,NM_000518.4:c.253_260del,Frameshift,P/LP,Pathogenic,NA,NA,NA,NA,NA,NA,NA,NA,NA,NA,NA,NA
HBB:c.255dupC,NM_000518.4:c.255dupC,Frameshift,P/LP,Pathogenic,NA,NA,NA,NA,NA,NA,NA,NA,NA,NA,NA,NA
HBB:c.258dupT,NM_000518.4:c.258dupT,Frameshift,P/LP,Pathogenic,NA,NA,NA,NA,NA,NA,NA,NA,NA,NA,NA,NA
HBB:c.266dupT,NM_000518.4:c.266dupT,Frameshift,P/LP,Pathogenic,NA,NA,NA,NA,NA,NA,NA,NA,NA,NA,NA,NA
HBB:c.266_267del,NM_000518.4:c.266_267del,Frameshift,P/LP,Pathogenic,NA,NA,NA,NA,NA,NA,NA,NA,NA,NA,NA,NA
HBB:c.270_271del,NM_000518.4:c.270_271del,Frameshift,P/LP,Pathogenic,NA,NA,NA,NA,NA,NA,NA,NA,NA,NA,NA,NA
HBB:c.271G>T,NM_000518.4:c.271G>T,Stop gained,P/LP,Pathogenic,Pathogenic,TP,NA,NA,NA,NA,Pathogenic,TP,Pathogenic,TP,NA,NA
HBB:c.275del,NM_000518.4:c.275del,Frameshift,P/LP,Pathogenic,NA,NA,NA,NA,NA,NA,NA,NA,NA,NA,NA,NA
HBB:c.275dupT,NM_000518.4:c.275dupT,Frameshift,P/LP,Pathogenic,NA,NA,NA,NA,NA,NA,NA,NA,NA,NA,NA,NA
HBB:c.282_283dupTG,NM_000518.4:c.282_283dupTG,Frameshift,P/LP,Pathogenic,NA,NA,NA,NA,NA,NA,NA,NA,NA,NA,NA,NA
HBB:c.287dupA,NM_000518.4:c.287dupA,Frameshift,P/LP,Pathogenic,NA,NA,NA,NA,NA,NA,NA,NA,NA,NA,NA,NA
HBB:c.301_302delCCinsTCTGAGAACTT,NM_000518.4:c.301_302delCCinsTCTGAGAACTT,Inframe indels,P/LP,Pathogenic,NA,NA,NA,NA,NA,NA,NA,NA,NA,NA,NA,NA
HBB:c.315delG,NM_000518.4:c.315delG,Splice region variant; Frameshift,P/LP,Pathogenic,NA,NA,NA,NA,NA,NA,NA,NA,NA,NA,NA,NA
HBB:c.315+1G>A,NM_000518.4:c.315+1G>A,Splice donor,P/LP,Pathogenic,Pathogenic,TP,NA,NA,NA,NA,NA,NA,NA,NA,NA,NA
HBB:c.315+1G>C,NM_000518.4:c.315+1G>C,Splice donor,P/LP,Pathogenic,Pathogenic,TP,NA,NA,NA,NA,NA,NA,NA,NA,NA,NA
HBB:c.315+1G>T,NM_000518.4:c.315+1G>T,Splice donor,P/LP,Pathogenic,Pathogenic,TP,NA,NA,NA,NA,NA,NA,NA,NA,NA,NA
HBB:c.315+2T>C,NM_000518.4:c.315+2T>C,Splice donor,P/LP,Pathogenic,Pathogenic,TP,NA,NA,NA,NA,NA,NA,NA,NA,NA,NA
HBB:c.315+2del,NM_000518.4:c.315+2del,Splice donor,P/LP,Pathogenic,NA,NA,NA,NA,NA,NA,NA,NA,NA,NA,NA,NA
HBB:c.315+2_315+3delinsACGTTCTCTGA,NM_000518.4:c.315+2_315+3delinsACGTTCTCTGA,Splice region variant; Splice donor,P/LP,Pathogenic,NA,NA,NA,NA,NA,NA,NA,NA,NA,NA,NA,NA
NG_000007.3:g.71043_71044delAG,NG_000007.3:g.71043_71044delAG,Splice region variant,P/LP,Pathogenic,NA,NA,NA,NA,NA,NA,NA,NA,NA,NA,NA,NA
HBB:c.315+5G>C,NM_000518.4:c.315+5G>C,Splice region variant,P/LP,Pathogenic,Pathogenic,TP,NA,NA,NA,NA,NA,NA,NA,NA,NA,NA
HBB:c.316-238C>T,NM_000518.4:c.316-238C>T,Missense,B/LB,Benign,Benign,TN,NA,NA,NA,NA,NA,NA,NA,NA,NA,NA
HBB:c.316-197C>T,NM_000518.4:c.316-197C>T,Cryptic splice site,P/LP,Pathogenic,Benign,FN,NA,NA,NA,NA,NA,NA,NA,NA,NA,NA
HBB:c.316-146T>G,NM_000518.4:c.316-146T>G,Cryptic splice site,P/LP,Pathogenic,Benign,FN,NA,NA,NA,NA,NA,NA,NA,NA,NA,NA
HBB:c.316-125A>G,NM_000518.4:c.316-125A>G,missense,P/LP,Pathogenic,Benign,FN,NA,NA,NA,NA,NA,NA,NA,NA,NA,NA
HBB:c.316-106C>G,NM_000518.4:c.316-106C>G,Cryptic splice site,P/LP,Pathogenic,Benign,FN,NA,NA,NA,NA,NA,NA,NA,NA,NA,NA
HBB:c.316-90A>G,NM_000518.4:c.316-90A>G,missense,P/LP,Pathogenic,Benign,FN,NA,NA,NA,NA,NA,NA,NA,NA,NA,NA
HBB:c.316-14T>G,NM_000518.4:c.316-14T>G,Splice region variant,P/LP,Pathogenic,Benign,FN,NA,NA,NA,NA,NA,NA,NA,NA,NA,NA
HBB:c.316-8T>G,NM_000518.4:c.316-8T>G,Splice region variant,P/LP,Pathogenic,Benign,FN,NA,NA,NA,NA,NA,NA,NA,NA,NA,NA
HBB:c.316-7C>A,NM_000518.4:c.316-7C>A,Splice region variant,P/LP,Pathogenic,Benign,FN,NA,NA,NA,NA,NA,NA,NA,NA,NA,NA
HBB:c.316-7C>G,NM_000518.4:c.316-7C>G,Splice region variant,P/LP,Pathogenic,Benign,FN,NA,NA,NA,NA,NA,NA,NA,NA,NA,NA
HBB:c.316-3C>A,NM_000518.4:c.316-3C>A,Splice region variant,P/LP,Pathogenic,Pathogenic,TP,NA,NA,NA,NA,NA,NA,NA,NA,NA,NA
HBB:c.316-3C>G,NM_000518.4:c.316-3C>G,Splice region variant,P/LP,Pathogenic,Pathogenic,TP,NA,NA,NA,NA,NA,NA,NA,NA,NA,NA
HBB:c.316-2A>G,NM_000518.4:c.316-2A>G,Splice acceptor,P/LP,Pathogenic,Pathogenic,TP,NA,NA,NA,NA,NA,NA,NA,NA,NA,NA
HBB:c.316-2A>C,NM_000518.4:c.316-2A>C,Splice acceptor,P/LP,Pathogenic,Pathogenic,TP,NA,NA,NA,NA,NA,NA,NA,NA,NA,NA
HBB:c.316-1G>C,NM_000518.4:c.316-1G>C,Splice acceptor,P/LP,Pathogenic,Pathogenic,TP,NA,NA,NA,NA,NA,NA,NA,NA,NA,NA
HBB:c.316-1G>A,NM_000518.4:c.316-1G>A,Splice acceptor,P/LP,Pathogenic,Pathogenic,TP,NA,NA,NA,NA,NA,NA,NA,NA,NA,NA
HBB:c.316-1G>T,NM_000518.4:c.316-1G>T,Splice acceptor,P/LP,Pathogenic,Pathogenic,TP,NA,NA,NA,NA,NA,NA,NA,NA,NA,NA
HBB:c.316-1delG,NM_000518.4:c.316-1delG,Splice acceptor,P/LP,Pathogenic,NA,NA,NA,NA,NA,NA,NA,NA,NA,NA,NA,NA
HBB:c.319C>G,NM_000518.4:c.319C>G,Missense codons,P/LP,Pathogenic,Pathogenic,TP,Pathogenic,TP,Pathogenic,TP,Pathogenic,TP,Pathogenic,TP,Pathogenic,TP
HBB:c.320T>G,NM_000518.4:c.320T>G,Missense codons,P/LP,Pathogenic,Pathogenic,TP,Pathogenic,TP,Pathogenic,TP,Pathogenic,TP,Pathogenic,TP,Pathogenic,TP
HBB:c.323dupG,NM_000518.4:c.323dupG,Frameshift,P/LP,Pathogenic,NA,NA,NA,NA,NA,NA,NA,NA,NA,NA,NA,NA
HBB:c.326_337delACGTGCTGGTCT,NM_000518.4:c.326_337delACGTGCTGGTCT,Inframe indels,P/LP,Pathogenic,NA,NA,NA,NA,NA,NA,NA,NA,NA,NA,NA,NA
HBB:c.328delG,NM_000518.4:c.328delG,Frameshift,P/LP,Pathogenic,NA,NA,NA,NA,NA,NA,NA,NA,NA,NA,NA,NA
HBB:c.332T>C,NM_000518.4:c.332T>C,Missense codons,P/LP,Pathogenic,Pathogenic,TP,Pathogenic,TP,Pathogenic,TP,Pathogenic,TP,Pathogenic,TP,Pathogenic,TP
HBB:c.339T>A,NM_000518.4:c.339T>A,Stop gained,P/LP,Pathogenic,Pathogenic,TP,NA,NA,NA,NA,Pathogenic,TP,Pathogenic,TP,NA,NA
HBB:c.340delG,NM_000518.4:c.340delG,Frameshift,P/LP,Pathogenic,NA,NA,NA,NA,NA,NA,NA,NA,NA,NA,NA,NA
HBB:c.344T>C,NM_000518.4:c.344T>C,Missense codons,P/LP,Pathogenic,Pathogenic,TP,Pathogenic,TP,Pathogenic,TP,Pathogenic,TP,Pathogenic,TP,Pathogenic,TP
HBB:c.343_344delinsG,NM_000518.4:c.343_344delinsG,Frameshift,P/LP,Pathogenic,NA,NA,NA,NA,NA,NA,NA,NA,NA,NA,NA,NA
HBB:c.347C>A,NM_000518.4:c.347C>A,Missense codons,P/LP,Pathogenic,Pathogenic,TP,Pathogenic,TP,Pathogenic,TP,Pathogenic,TP,Pathogenic,TP,Pathogenic,TP
HBB:c.349_350insTGAT,NM_000518.4:c.349_350insTGAT,Frameshift,P/LP,Pathogenic,NA,NA,NA,NA,NA,NA,NA,NA,NA,NA,NA,NA
HBB:c.357delT,NM_000518.4:c.357delT,Frameshift,P/LP,Pathogenic,NA,NA,NA,NA,NA,NA,NA,NA,NA,NA,NA,NA
HBB:c.363delA,NM_000518.4:c.363delA,Frameshift,P/LP,Pathogenic,NA,NA,NA,NA,NA,NA,NA,NA,NA,NA,NA,NA
HBB:c.363dupA,NM_000518.4:c.363dupA,Frameshift,P/LP,Pathogenic,NA,NA,NA,NA,NA,NA,NA,NA,NA,NA,NA,NA
HBB:c.364G>T,NM_000518.4:c.364G>T,Stop gained,P/LP,Pathogenic,Pathogenic,TP,NA,NA,NA,NA,Pathogenic,TP,Pathogenic,TP,NA,NA
HBB:c.370delA,NM_000518.4:c.370delA,Frameshift,P/LP,Pathogenic,NA,NA,NA,NA,NA,NA,NA,NA,NA,NA,NA,NA
HBB:c.371_378del,NM_000518.4:c.371_378del,Frameshift,P/LP,Pathogenic,NA,NA,NA,NA,NA,NA,NA,NA,NA,NA,NA,NA
HBB:c.375delA,NM_000518.4:c.375delA,Frameshift,P/LP,Pathogenic,NA,NA,NA,NA,NA,NA,NA,NA,NA,NA,NA,NA
HBB:c.376_378dupCCA,NM_000518.4:c.376_378dupCCA,Inframe indels,P/LP,Pathogenic,NA,NA,NA,NA,NA,NA,NA,NA,NA,NA,NA,NA
HBB:c.378delA,NM_000518.4:c.378delA,Frameshift,P/LP,Pathogenic,NA,NA,NA,NA,NA,NA,NA,NA,NA,NA,NA,NA
HBB:c.380delT,NM_000518.4:c.380delT,Frameshift,P/LP,Pathogenic,NA,NA,NA,NA,NA,NA,NA,NA,NA,NA,NA,NA
HBB:c.396delTGCAGGCTGCTATCAG,NM_000518.4:c.396delTGCAGGCTGCTATCAG,Frameshift,P/LP,Pathogenic,NA,NA,NA,NA,NA,NA,NA,NA,NA,NA,NA,NA
HBB:c.383A>C,NM_000518.4:c.383A>C,Missense codons,P/LP,Pathogenic,Pathogenic,TP,Pathogenic,TP,Pathogenic,TP,Pathogenic,TP,Pathogenic,TP,Pathogenic,TP
HBB:c.383A>G,NM_000518.4:c.383A>G,Missense codons,P/LP,Pathogenic,Pathogenic,TP,Pathogenic,TP,Pathogenic,TP,Pathogenic,TP,Pathogenic,TP,Pathogenic,TP
HBB:c.382C>T,NM_000518.4:c.382C>T,Stop gained,P/LP,Pathogenic,Pathogenic,TP,NA,NA,NA,NA,Pathogenic,TP,Pathogenic,TP,NA,NA
HBB:c.383_385delAGG,NM_000518.4:c.383_385delAGG,Inframe indels,P/LP,Pathogenic,NA,NA,NA,NA,NA,NA,NA,NA,NA,NA,NA,NA
HBB:c.394C>T,NM_000518.4:c.394C>T,Stop gained,P/LP,Pathogenic,Pathogenic,TP,NA,NA,NA,NA,Pathogenic,TP,Pathogenic,TP,NA,NA
HBB:c.396_397insGCCT,NM_000518.4:c.396_397insGCCT,Frameshift,P/LP,Pathogenic,NA,NA,NA,NA,NA,NA,NA,NA,NA,NA,NA,NA
HBB:c.396_397delGA,NM_000518.4:c.396_397delGA,Frameshift,P/LP,Pathogenic,NA,NA,NA,NA,NA,NA,NA,NA,NA,NA,NA,NA
HBB:c.396_397del,NM_000518.4:c.396_397del,Frameshift,P/LP,Pathogenic,NA,NA,NA,NA,NA,NA,NA,NA,NA,NA,NA,NA
HBB:c.397A>T,NM_000518.4:c.397A>T,Stop gained,P/LP,Pathogenic,Pathogenic,TP,NA,NA,NA,NA,Pathogenic,TP,Pathogenic,TP,NA,NA
HBB:c.404_413delinsGCAG,NM_000518.4:c.404_413delinsGCAG,Inframe indels,P/LP,Pathogenic,NA,NA,NA,NA,NA,NA,NA,NA,NA,NA,NA,NA
HBB:c.413_418delTGGCTA,NM_000518.4:c.413_418delTGGCTA,Inframe indels,P/LP,Pathogenic,NA,NA,NA,NA,NA,NA,NA,NA,NA,NA,NA,NA
HBB:c.424delC,NM_000518.4:c.424delC,Frameshift,P/LP,Pathogenic,NA,NA,NA,NA,NA,NA,NA,NA,NA,NA,NA,NA
HBB:c.*6C>G,NM_000518.4:c.*6C>G,Other 3'UTR site,P/LP,Pathogenic,Benign,FN,NA,NA,NA,NA,NA,NA,NA,NA,NA,NA
HBB:c.*93_*105delATCTGGATTCTGC,NM_000518.4:c.*93_*105delATCTGGATTCTGC,Other 3'UTR site,P/LP,Pathogenic,NA,NA,NA,NA,NA,NA,NA,NA,NA,NA,NA,NA
HBB:c.*108A>G,NM_000518.4:c.*108A>G,RNA cleavage - Poly(A) signal,P/LP,Pathogenic,Pathogenic,TP,NA,NA,NA,NA,NA,NA,NA,NA,NA,NA
HBB:c.*111A>G,NM_000518.4:c.*111A>G,RNA cleavage - Poly(A) signal,P/LP,Pathogenic,Pathogenic,TP,NA,NA,NA,NA,NA,NA,NA,NA,NA,NA
HBB:c.*112A>G,NM_000518.4:c.*112A>G,RNA cleavage - Poly(A) signal,P/LP,Pathogenic,Pathogenic,TP,NA,NA,NA,NA,NA,NA,NA,NA,NA,NA
HBB:c.*113A>G,NM_000518.4:c.*113A>G,RNA cleavage - Poly(A) signal,P/LP,Pathogenic,Pathogenic,TP,NA,NA,NA,NA,NA,NA,NA,NA,NA,NA
HBB:c.*110_*111delTA,NM_000518.4:c.*110_*111delTA,RNA cleavage - Poly(A) signal,P/LP,Pathogenic,NA,NA,NA,NA,NA,NA,NA,NA,NA,NA,NA,NA
HBB:c.*110_*114del,NM_000518.4:c.*110_*114del,RNA cleavage - Poly(A) signal,P/LP,Pathogenic,NA,NA,NA,NA,NA,NA,NA,NA,NA,NA,NA,NA
HBB:c.93-22_95del,NM_000518.4:c.93-22_95del,Splice region variant; Splice acceptor; Inframe indels,P/LP,Pathogenic,NA,NA,NA,NA,NA,NA,NA,NA,NA,NA,NA,NA
HBA1:c.1A>G,NM_000558.5:c.1A>G,Initiation codon,P/LP,Pathogenic,Pathogenic,TP,NA,NA,Pathogenic,TP,Pathogenic,TP,Pathogenic,TP,Pathogenic,TP
HBA2:c.2T>C,NM_000517.4:c.2T>C,Initiation codon,P/LP,Pathogenic,Pathogenic,TP,NA,NA,Pathogenic,TP,Pathogenic,TP,Pathogenic,TP,Pathogenic,TP
HBA2:c.2delT,NM_000517.4:c.2delT,Initiation codon,P/LP,Pathogenic,NA,NA,NA,NA,NA,NA,NA,NA,NA,NA,NA,NA
HBA2:c.1delA,NM_000517.4:c.1delA,Initiation codon,P/LP,Pathogenic,NA,NA,NA,NA,NA,NA,NA,NA,NA,NA,NA,NA
HBA1:c.43T>C,NM_000558.5:c.43T>C,Missense codons,P/LP,Pathogenic,Pathogenic,TP,Pathogenic,TP,Pathogenic,TP,Pathogenic,TP,Pathogenic,TP,Pathogenic,TP
HBA1:c.44A>G,NM_000558.5:c.44A>G,Stop gained,P/LP,Pathogenic,Pathogenic,TP,NA,NA,NA,NA,Pathogenic,TP,Pathogenic,TP,NA,NA
HBA2:c.56delG,NM_000517.4:c.56delG,Frameshift,P/LP,Pathogenic,NA,NA,NA,NA,NA,NA,NA,NA,NA,NA,NA,NA
HBA2:c.64G>T,NM_000517.4:c.64G>T,Missense codons,P/LP,Pathogenic,Pathogenic,TP,NA,NA,Benign,FN,Benign,FN,Benign,FN,Benign,FN
HBA2:c.69C>T,NM_000517.4:c.69C>T,"Cryptic splice site, Synonymous substitution",P/LP,Pathogenic,Pathogenic,TP,NA,NA,NA,NA,NA,NA,NA,NA,NA,NA
HBA2:c.69delC,NM_000517.4:c.69delC,Frameshift,P/LP,Pathogenic,Pathogenic,TP,NA,NA,NA,NA,NA,NA,NA,NA,NA,NA
HBA2:c.70G>T,NM_000517.4:c.70G>T,Stop gained,P/LP,Pathogenic,Pathogenic,TP,NA,NA,NA,NA,Pathogenic,TP,Pathogenic,TP,NA,NA
HBA2:c.79G>A,NM_000517.4:c.79G>A,Missense codons,P/LP,Pathogenic,Pathogenic,TP,NA,NA,Benign,FN,Benign,FN,Pathogenic,TP,Benign,FN
HBA2:c.89T>C,NM_000517.4:c.89T>C,Missense codons,P/LP,Pathogenic,Pathogenic,TP,NA,NA,Pathogenic,TP,Pathogenic,TP,Pathogenic,TP,Pathogenic,TP
HBA2:c.91_93delGAG,NM_000517.4:c.91_93delGAG,Inframe indels,P/LP,Pathogenic,NA,NA,NA,NA,NA,NA,NA,NA,NA,NA,NA,NA
HBA1:c.95+1G>A,NM_000558.5:c.95+1G>A,Splice donor,P/LP,Pathogenic,Pathogenic,TP,NA,NA,NA,NA,NA,NA,NA,NA,NA,NA
HBA2:c.95+2_95+6delTGAGG,NM_000517.4:c.95+2_95+6delTGAGG,Splice region variant; Splice donor,P/LP,Pathogenic,NA,NA,NA,NA,NA,NA,NA,NA,NA,NA,NA,NA
HBA2:c.95+5 G>A,NM_000517.4:c.95+5 G>A,Splice region variant,P/LP,Pathogenic,Pathogenic,TP,NA,NA,NA,NA,NA,NA,NA,NA,NA,NA
HBA1:c.95+5 G>A,NM_000558.5:c.95+5 G>A,Splice region variant,P/LP,Pathogenic,Pathogenic,TP,NA,NA,NA,NA,NA,NA,NA,NA,NA,NA
HBA2:c.95+55 G>A,NM_000517.4:c.95+55 G>A,missense,P/LP,Pathogenic,Benign,FN,NA,NA,NA,NA,NA,NA,NA,NA,NA,NA
HBA2:c.96-2A>G,NM_000517.4:c.96-2A>G,Splice acceptor,P/LP,Pathogenic,Pathogenic,TP,NA,NA,NA,NA,NA,NA,NA,NA,NA,NA
HBA1:c.96-1G>A,NM_000558.5:c.96-1G>A,Splice acceptor,P/LP,Pathogenic,Pathogenic,TP,NA,NA,NA,NA,NA,NA,NA,NA,NA,NA
HBA2:c.95G>A,NM_000517.4:c.95G>A,Splice region variant; Missense codons,P/LP,Pathogenic,Pathogenic,TP,NA,NA,Pathogenic,TP,Pathogenic,TP,Pathogenic,TP,Pathogenic,TP
HBA2:c.99G>A,NM_000517.4:c.99G>A,Missense codons,P/LP,Pathogenic,Pathogenic,TP,NA,NA,NA,NA,Pathogenic,TP,Pathogenic,TP,Pathogenic,TP
HBA2:c.101T>C,NM_000517.4:c.101T>C,Missense codons,P/LP,Pathogenic,Pathogenic,TP,NA,NA,Pathogenic,TP,Pathogenic,TP,Pathogenic,TP,Pathogenic,TP
HBA2:c.106T>C,NM_000517.4:c.106T>C,Missense codons,P/LP,Pathogenic,Pathogenic,TP,NA,NA,NA,NA,Benign,FN,Pathogenic,TP,Pathogenic,TP
HBA1:c.112_114delCCC,NM_000558.5:c.112_114delCCC,Inframe indels,P/LP,Pathogenic,NA,NA,NA,NA,NA,NA,NA,NA,NA,NA,NA,NA
HBA1:c.118_120delACC,NM_000558.5:c.118_120delACC,Inframe indels,P/LP,Pathogenic,NA,NA,NA,NA,NA,NA,NA,NA,NA,NA,NA,NA
HBA1:c.108_146del9ins8,NM_000558.5:c.108_146del9ins8,Frameshift,P/LP,Pathogenic,NA,NA,NA,NA,NA,NA,NA,NA,NA,NA,NA,NA
HBA2:c.127T>C,NM_000517.4:c.127T>C,Missense codons,P/LP,Pathogenic,Pathogenic,TP,NA,NA,Pathogenic,TP,Pathogenic,TP,Pathogenic,TP,Pathogenic,TP
HBA2:c.149_150delGC,NM_000517.4:c.149_150delGC,Frameshift,P/LP,Pathogenic,NA,NA,NA,NA,NA,NA,NA,NA,NA,NA,NA,NA
HBA1:c.155_167delGCTCTGCCCAGGT,NM_000558.5:c.155_167delGCTCTGCCCAGGT,Frameshift,P/LP,Pathogenic,NA,NA,NA,NA,NA,NA,NA,NA,NA,NA,NA,NA
HBA2:c.163C>T,NM_000517.4:c.163C>T,Stop gained,P/LP,Pathogenic,Pathogenic,TP,NA,NA,NA,NA,Pathogenic,TP,Pathogenic,TP,NA,NA
HBA2:c.179G>A,NM_000517.4:c.179G>A,Missense codons,P/LP,Pathogenic,Pathogenic,TP,NA,NA,Pathogenic,TP,Pathogenic,TP,Pathogenic,TP,Pathogenic,TP
HBA1:c.179G>A,NM_000558.5:c.179G>A,Missense codons,P/LP,Pathogenic,Pathogenic,TP,Pathogenic,TP,Pathogenic,TP,Pathogenic,TP,Pathogenic,TP,Pathogenic,TP
HBA2:c.178G>C,NM_000517.4:c.178G>C,Missense codons,P/LP,Pathogenic,Pathogenic,TP,NA,NA,Pathogenic,TP,Pathogenic,TP,Pathogenic,TP,Pathogenic,TP
HBA1:c.184_186delAAG,NM_000558.5:c.184_186delAAG,Inframe indels,P/LP,Pathogenic,NA,NA,NA,NA,NA,NA,NA,NA,NA,NA,NA,NA
HBA1:c.187_189delGTG,NM_000558.5:c.187_189delGTG,Inframe indels,P/LP,Pathogenic,NA,NA,NA,NA,NA,NA,NA,NA,NA,NA,NA,NA
HBA1:c.187delG,NM_000558.5:c.187delG,Frameshift,P/LP,Pathogenic,NA,NA,NA,NA,NA,NA,NA,NA,NA,NA,NA,NA
HBA1:c.193_225del33,NM_000558.5:c.193_225del33,Inframe indels,P/LP,Pathogenic,NA,NA,NA,NA,NA,NA,NA,NA,NA,NA,NA,NA
HBA2:c.190T>C,NM_000517.4:c.190T>C,Missense codons,P/LP,Pathogenic,Pathogenic,TP,NA,NA,Pathogenic,TP,Pathogenic,TP,Pathogenic,TP,Pathogenic,TP
HBA1:c.212_214delGAC,NM_000558.5:c.212_214delGAC,Inframe indels,P/LP,Pathogenic,NA,NA,NA,NA,NA,NA,NA,NA,NA,NA,NA,NA
HBA1:c.237delC,NM_000558.5:c.237delC,Frameshift,P/LP,Pathogenic,Benign,FN,NA,NA,NA,NA,NA,NA,NA,NA,NA,NA
HBA1:c.247_255del,NM_000558.5:c.247_255del,Inframe indels,P/LP,Pathogenic,NA,NA,NA,NA,NA,NA,NA,NA,NA,NA,NA,NA
HBA2:c.271A>T,NM_000517.4:c.271A>T,Stop gained,P/LP,Pathogenic,Pathogenic,TP,NA,NA,NA,NA,Pathogenic,TP,Pathogenic,TP,NA,NA
HBA2:c.281T>G,NM_000517.4:c.281T>G,Missense codons,P/LP,Pathogenic,Pathogenic,TP,NA,NA,Pathogenic,TP,Pathogenic,TP,Pathogenic,TP,Pathogenic,TP
HBA1:c.280_300ins21,NM_000558.5:c.280_300ins21,Inframe indels,P/LP,Pathogenic,NA,NA,NA,NA,NA,NA,NA,NA,NA,NA,NA,NA
HBA2:c.300+2T>A,NM_000517.4:c.300+2T>A,Splice donor,P/LP,Pathogenic,Pathogenic,TP,NA,NA,NA,NA,NA,NA,NA,NA,NA,NA
HBA2:c.301-1G>A,NM_000517.4:c.301-1G>A,Splice acceptor,P/LP,Pathogenic,Pathogenic,TP,NA,NA,NA,NA,NA,NA,NA,NA,NA,NA
HBA1:c.301-2A>G,NM_000558.5:c.301-2A>G,Splice acceptor,P/LP,Pathogenic,Pathogenic,TP,NA,NA,NA,NA,NA,NA,NA,NA,NA,NA
HBA2:c.311A>T,NM_000517.4:c.311A>T,Missense codons,P/LP,Pathogenic,Pathogenic,TP,NA,NA,Pathogenic,TP,Pathogenic,TP,Benign,FN,Pathogenic,TP
HBA1:c.313T>A,NM_000558.5:c.313T>A,Missense codons,P/LP,Pathogenic,Pathogenic,TP,Benign,FN,NA,NA,Pathogenic,TP,Benign,FN,Benign,FN
HBA2:c.314G>A,NM_000517.4:c.314G>A,Missense codons,P/LP,Pathogenic,Pathogenic,TP,NA,NA,NA,NA,Pathogenic,TP,Pathogenic,TP,Pathogenic,TP
HBA2:c.326C>A,NM_000517.4:c.326C>A,Missense codons,P/LP,Pathogenic,Benign,FN,NA,NA,NA,NA,NA,NA,NA,NA,NA,NA
HBA1:c.327delC,NM_000558.5:c.327delC,Frameshift,P/LP,Pathogenic,NA,NA,NA,NA,NA,NA,NA,NA,NA,NA,NA,NA
HBA2:c.329T>G,NM_000517.4:c.329T>G,Missense codons,P/LP,Pathogenic,Pathogenic,TP,NA,NA,Pathogenic,TP,Pathogenic,TP,Pathogenic,TP,Pathogenic,TP
HBA2:c.339delC,NM_000517.4:c.339delC,Frameshift,P/LP,Pathogenic,NA,NA,NA,NA,NA,NA,NA,NA,NA,NA,NA,NA
HBA2:c.349G>T,NM_000517.4:c.349G>T,Stop gained,P/LP,Pathogenic,Pathogenic,TP,NA,NA,NA,NA,Pathogenic,TP,Pathogenic,TP,NA,NA
HBA1:c.358C>T,NM_000558.5:c.358C>T,Missense codons,P/LP,Pathogenic,Pathogenic,TP,NA,NA,NA,NA,Pathogenic,TP,Benign,FN,Pathogenic,TP
HBA1:c.370G>C,NM_000558.5:c.370G>C,Missense codons,P/LP,Pathogenic,Pathogenic,TP,Pathogenic,TP,NA,NA,Pathogenic,TP,Pathogenic,TP,Pathogenic,TP
HBA2:c.377T>C,NM_000517.4:c.377T>C,Missense codons,P/LP,Pathogenic,Pathogenic,TP,NA,NA,Pathogenic,TP,Pathogenic,TP,Pathogenic,TP,Pathogenic,TP
HBA2:c.377T>G,NM_000517.4:c.377T>G,Missense codons,P/LP,Pathogenic,Pathogenic,TP,NA,NA,Pathogenic,TP,Pathogenic,TP,Pathogenic,TP,Pathogenic,TP
HBA1:c.391T>C,NM_000558.5:c.391T>C,Missense codons,P/LP,Pathogenic,Pathogenic,TP,Pathogenic,TP,Pathogenic,TP,Pathogenic,TP,Pathogenic,TP,Pathogenic,TP
HBA2:c.389T>C,NM_000517.4:c.389T>C,Missense codons,P/LP,Pathogenic,Pathogenic,TP,NA,NA,Pathogenic,TP,Pathogenic,TP,Pathogenic,TP,Pathogenic,TP
HBA2:c.391G>C,NM_000517.4:c.391G>C,Missense codons,P/LP,Pathogenic,Pathogenic,TP,NA,NA,NA,NA,Benign,FN,Pathogenic,TP,Pathogenic,TP
HBA2:c.394T>C,NM_000517.4:c.394T>C,Missense codons,P/LP,Pathogenic,Benign,FN,NA,NA,NA,NA,Benign,FN,Benign,FN,Benign,FN
HBA1:c.396_397insT,NM_000558.5:c.396_397insT,Frameshift,P/LP,Pathogenic,NA,NA,NA,NA,NA,NA,NA,NA,NA,NA,NA,NA
HBA2:c.410T>C,NM_000517.4:c.410T>C,Missense codons,P/LP,Pathogenic,Pathogenic,TP,NA,NA,Pathogenic,TP,Pathogenic,TP,Pathogenic,TP,Pathogenic,TP
HBA2:c.427T>C,NM_000517.4:c.427T>C,Stop lost,P/LP,Pathogenic,Pathogenic,TP,NA,NA,NA,NA,Pathogenic,TP,Benign,FN,NA,NA
HBA2:c.427T>A,NM_000517.4:c.427T>A,Stop lost,P/LP,Pathogenic,Pathogenic,TP,NA,NA,NA,NA,Pathogenic,TP,Benign,FN,NA,NA
HBA2:c.428A>C,NM_000517.4:c.428A>C,Stop lost,P/LP,Pathogenic,Pathogenic,TP,NA,NA,NA,NA,Pathogenic,TP,Benign,FN,NA,NA
HBA2:c.427T>G,NM_000517.4:c.427T>G,Stop lost,P/LP,Pathogenic,Pathogenic,TP,NA,NA,NA,NA,Pathogenic,TP,Benign,FN,NA,NA
HBA2:c.429A>T,NM_000517.4:c.429A>T,Stop lost,P/LP,Pathogenic,Pathogenic,TP,NA,NA,NA,NA,Pathogenic,TP,Benign,FN,NA,NA
HBA2:c.*94A>G,NM_000517.4:c.*94A>G,RNA cleavage - Poly(A) signal,P/LP,Pathogenic,Pathogenic,TP,NA,NA,NA,NA,NA,NA,NA,NA,NA,NA
HBA2:c.*92A>G,NM_000517.4:c.*92A>G,RNA cleavage - Poly(A) signal,P/LP,Pathogenic,Pathogenic,TP,NA,NA,NA,NA,NA,NA,NA,NA,NA,NA
HBA2:c.*93_*94delAA,NM_000517.4:c.*93_*94delAA,RNA cleavage - Poly(A) signal,P/LP,Pathogenic,NA,NA,NA,NA,NA,NA,NA,NA,NA,NA,NA,NA
HBA2:c.*94A>C,NM_000517.4:c.*94A>C,RNA cleavage - Poly(A) signal,P/LP,Pathogenic,Pathogenic,TP,NA,NA,NA,NA,NA,NA,NA,NA,NA,NA
HBA2:c.*74_*89delCCTTCCTGGTCTTTGA,NM_000517.4:c.*74_*89delCCTTCCTGGTCTTTGA,Other 3'UTR site,P/LP,Pathogenic,NA,NA,NA,NA,NA,NA,NA,NA,NA,NA,NA,NA
HBA2:c.5T>C,NM_000517.4:c.5T>C,Missense codons,P/LP,Pathogenic,Pathogenic,TP,NA,NA,Benign,FN,Pathogenic,TP,Benign,FN,Benign,FN
HBA1:c.8T>G,NM_000558.5:c.8T>G,Missense codons,B/LB,Benign,Pathogenic,FP,Pathogenic,FP,NA,NA,Pathogenic,FP,Pathogenic,FP,Pathogenic,FP
HBA1:c.19G>T,NM_000558.5:c.19G>T,Missense codons,P/LP,Pathogenic,Pathogenic,TP,Pathogenic,TP,Pathogenic,TP,Pathogenic,TP,Pathogenic,TP,Pathogenic,TP
HBA1:c.20A>G,NM_000558.5:c.20A>G,Missense codons,P/LP,Pathogenic,Pathogenic,TP,Pathogenic,TP,NA,NA,Pathogenic,TP,Pathogenic,TP,Pathogenic,TP
HBA1:c.29A>G,NM_000558.5:c.29A>G,Missense codons,P/LP,Pathogenic,Pathogenic,TP,Benign,FN,Benign,FN,Benign,FN,Benign,FN,Benign,FN
HBA2:c.29A>G,NM_000517.4:c.29A>G,Missense codons,P/LP,Pathogenic,Pathogenic,TP,NA,NA,Benign,FN,Pathogenic,TP,Pathogenic,TP,Benign,FN
HBA1:c.30C>A,NM_000558.5:c.30C>A,Missense codons,B/LB,Benign,Pathogenic,FP,NA,NA,Benign,TN,Benign,TN,Benign,TN,Benign,TN
HBA1:c.30C>G,NM_000558.5:c.30C>G,Missense codons,B/LB,Benign,Pathogenic,FP,NA,NA,Benign,TN,Benign,TN,Benign,TN,Benign,TN
HBA2:c.30C>G,NM_000517.4:c.30C>G,Missense codons,B/LB,Benign,Pathogenic,FP,NA,NA,Benign,TN,Benign,TN,Pathogenic,FP,Benign,TN
HBA2:c.34A>C,NM_000517.4:c.34A>C,Missense codons,B/LB,Benign,Pathogenic,FP,NA,NA,Benign,TN,Benign,TN,Benign,TN,Benign,TN
HBA2:c.38C>A,NM_000517.4:c.38C>A,Missense codons,B/LB,Benign,Pathogenic,FP,NA,NA,Benign,TN,Benign,TN,Benign,TN,Pathogenic,FP
HBA1:c.46G>C,NM_000558.5:c.46G>C,Missense codons,B/LB,Benign,Pathogenic,FP,NA,NA,Benign,TN,Benign,TN,Benign,TN,Benign,TN
HBA1:c.47G>A,NM_000558.5:c.47G>A,Missense codons,P/LP,Pathogenic,Benign,FN,Benign,FN,Benign,FN,Benign,FN,Benign,FN,Benign,FN
HBA2:c.49A>G,NM_000517.4:c.49A>G,Missense codons,B/LB,Benign,Pathogenic,FP,NA,NA,Benign,TN,Benign,TN,Benign,TN,Pathogenic,FP
HBA1:c.50A>T,NM_000558.5:c.50A>T,Missense codons,B/LB,Benign,Pathogenic,FP,Benign,TN,Benign,TN,Pathogenic,FP,Pathogenic,FP,Pathogenic,FP
HBA2:c.50A>C,NM_000517.4:c.50A>C,Missense codons,B/LB,Benign,Pathogenic,FP,NA,NA,Benign,TN,Benign,TN,Benign,TN,Pathogenic,FP
HBA1:c.55G>C,NM_000558.5:c.55G>C,Missense codons,B/LB,Benign,Pathogenic,FP,Pathogenic,FP,NA,NA,Pathogenic,FP,Pathogenic,FP,Pathogenic,FP
HBA2:c.63C>A,NM_000517.4:c.63C>A,Missense codons,B/LB,Benign,Benign,TN,NA,NA,Benign,TN,Benign,TN,Benign,TN,Benign,TN
HBA2:c.64G>C,NM_000517.4:c.64G>C,Missense codons,B/LB,Benign,Pathogenic,FP,NA,NA,NA,NA,Benign,TN,Pathogenic,FP,Benign,TN
HBA2:c.70G>C,NM_000517.4:c.70G>C,Missense codons,P/LP,Pathogenic,Pathogenic,TP,NA,NA,NA,NA,NA,NA,NA,NA,NA,NA
HBA2:c.73T>G,NM_000517.4:c.73T>G,Missense codons,P/LP,Pathogenic,Pathogenic,TP,NA,NA,Pathogenic,TP,Benign,FN,Benign,FN,Pathogenic,TP
HBA2:c.80C>A,NM_000517.4:c.80C>A,Missense codons,B/LB,Benign,Pathogenic,FP,NA,NA,NA,NA,Benign,TN,Pathogenic,FP,Pathogenic,FP
HBA2:c.82G>A,NM_000517.4:c.82G>A,Missense codons,P/LP,Pathogenic,Pathogenic,TP,NA,NA,NA,NA,Pathogenic,TP,Pathogenic,TP,Pathogenic,TP
HBA2:c.83A>G,NM_000517.4:c.83A>G,Missense codons,B/LB,Benign,Pathogenic,FP,NA,NA,NA,NA,NA,NA,NA,NA,NA,NA
HBA2:c.83A>T,NM_000517.4:c.83A>T,Missense codons,P/LP,Pathogenic,Pathogenic,TP,NA,NA,NA,NA,Pathogenic,TP,Pathogenic,TP,Pathogenic,TP
HBA2:c.84G>C,NM_000517.4:c.84G>C,Missense codons,B/LB,Benign,Pathogenic,FP,NA,NA,Benign,TN,Pathogenic,FP,Pathogenic,FP,Pathogenic,FP
HBA2:c.91G>C,NM_000517.4:c.91G>C,Missense codons,B/LB,Benign,Pathogenic,FP,NA,NA,Benign,TN,Pathogenic,FP,Pathogenic,FP,Benign,TN
HBA2:c.91G>A,NM_000517.4:c.91G>A,Missense codons,B/LB,Benign,Pathogenic,FP,NA,NA,Benign,TN,Pathogenic,FP,Pathogenic,FP,Pathogenic,FP
HBA1:c.92A>T,NM_000558.5:c.92A>T,Missense codons,P/LP,Pathogenic,Pathogenic,TP,NA,NA,NA,NA,Pathogenic,TP,Benign,FN,Pathogenic,TP
HBA2:c.96G>C,NM_000517.4:c.96G>C,Splice region variant; Missense codons,P/LP,Pathogenic,Pathogenic,TP,NA,NA,Pathogenic,TP,Pathogenic,TP,Pathogenic,TP,Pathogenic,TP
HBA2:c.96G>T,NM_000517.4:c.96G>T,Splice region variant; Missense codons,P/LP,Pathogenic,Pathogenic,TP,NA,NA,Pathogenic,TP,Pathogenic,TP,Pathogenic,TP,Pathogenic,TP
HBA1:c.104T>G,NM_000558.5:c.104T>G,Missense codons,P/LP,Pathogenic,Pathogenic,TP,Benign,FN,NA,NA,Benign,FN,Benign,FN,Benign,FN
HBA2:c.113C>T,NM_000517.4:c.113C>T,Missense codons,P/LP,Pathogenic,Pathogenic,TP,NA,NA,Pathogenic,TP,Pathogenic,TP,Pathogenic,TP,Pathogenic,TP
HBA2:c.122A>T,NM_000517.4:c.122A>T,Missense codons,P/LP,Pathogenic,Pathogenic,TP,NA,NA,NA,NA,Pathogenic,TP,Pathogenic,TP,Pathogenic,TP
HBA1:c.123G>C,NM_000558.5:c.123G>C,Missense codons,P/LP,Pathogenic,Pathogenic,TP,Pathogenic,TP,NA,NA,Pathogenic,TP,Pathogenic,TP,Pathogenic,TP
HBA2:c.132C>G,NM_000517.4:c.132C>G,Missense codons,P/LP,Pathogenic,Pathogenic,TP,NA,NA,NA,NA,Pathogenic,TP,Pathogenic,TP,Pathogenic,TP
HBA2:c.134C>T,NM_000517.4:c.134C>T,Missense codons,P/LP,Pathogenic,Pathogenic,TP,NA,NA,NA,NA,NA,NA,NA,NA,NA,NA
HBA1:c.137A>G,NM_000558.5:c.137A>G,Missense codons,P/LP,Pathogenic,Pathogenic,TP,Pathogenic,TP,NA,NA,Pathogenic,TP,Pathogenic,TP,Pathogenic,TP
HBA2:c.137A>C,NM_000517.4:c.137A>C,Missense codons,P/LP,Pathogenic,Pathogenic,TP,NA,NA,NA,NA,Pathogenic,TP,Benign,FN,Pathogenic,TP
HBA2:c.142G>C,NM_000517.4:c.142G>C,Missense codons,P/LP,Pathogenic,Pathogenic,TP,NA,NA,NA,NA,Pathogenic,TP,Pathogenic,TP,Pathogenic,TP
HBA2:c.142G>T,NM_000517.4:c.142G>T,Missense codons,B/LB,Benign,Pathogenic,FP,NA,NA,NA,NA,Pathogenic,FP,Pathogenic,FP,Pathogenic,FP
HBA2:c.150C>A,NM_000517.4:c.150C>A,Missense codons,B/LB,Benign,Pathogenic,FP,NA,NA,Benign,TN,Pathogenic,FP,Pathogenic,FP,Benign,TN
HBA2:c.151C>G,NM_000517.4:c.151C>G,Missense codons,B/LB,Benign,Pathogenic,FP,NA,NA,NA,NA,Benign,TN,Benign,TN,Benign,TN
HBA1:c.152A>T,NM_000558.5:c.152A>T,Missense codons,B/LB,Benign,Pathogenic,FP,Benign,TN,Benign,TN,Benign,TN,Benign,TN,Benign,TN
HBA2:c.153C>A,NM_000517.4:c.153C>A,Missense codons,B/LB,Benign,Benign,TN,NA,NA,Benign,TN,Benign,TN,Benign,TN,Benign,TN
HBA2:c.153C>G,NM_000517.4:c.153C>G,Missense codons,B/LB,Benign,Benign,TN,NA,NA,Benign,TN,Benign,TN,Benign,TN,Benign,TN
HBA1:c.154G>A,NM_000558.5:c.154G>A,Missense codons,B/LB,Benign,Pathogenic,FP,Benign,TN,NA,NA,Pathogenic,FP,Pathogenic,FP,Pathogenic,FP
HBA2:c.154G>C,NM_000517.4:c.154G>C,Missense codons,B/LB,Benign,Pathogenic,FP,NA,NA,NA,NA,Pathogenic,FP,Pathogenic,FP,Pathogenic,FP
HBA1:c.157_180del,NM_000558.5:c.157_180del,Inframe indels,P/LP,Pathogenic,NA,NA,NA,NA,NA,NA,NA,NA,NA,NA,NA,NA
HBA2:c.161C>A,NM_000517.4:c.161C>A,Missense codons,B/LB,Benign,Pathogenic,FP,NA,NA,NA,NA,NA,NA,NA,NA,NA,NA
HBA1:c.163C>G,NM_000558.5:c.163C>G,Missense codons,B/LB,Benign,Pathogenic,FP,Benign,TN,Benign,TN,Benign,TN,Benign,TN,Pathogenic,FP
HBA2:c.164A>G,NM_000517.4:c.164A>G,Missense codons,B/LB,Benign,Pathogenic,FP,NA,NA,Benign,TN,Pathogenic,FP,Pathogenic,FP,Pathogenic,FP
HBA1:c.166G>C,NM_000558.5:c.166G>C,Missense codons,B/LB,Benign,Benign,TN,Benign,TN,Benign,TN,Benign,TN,Benign,TN,Benign,TN
HBA2:c.167T>C,NM_000517.4:c.167T>C,Missense codons,P/LP,Pathogenic,Pathogenic,TP,NA,NA,Benign,FN,Pathogenic,TP,Benign,FN,Pathogenic,TP
HBA1:c.170A>C,NM_000558.5:c.170A>C,Missense codons,B/LB,Benign,Pathogenic,FP,Benign,TN,NA,NA,Benign,TN,Pathogenic,FP,Pathogenic,FP
HBA1:c.171G>C,NM_000558.5:c.171G>C,Missense codons,B/LB,Benign,Pathogenic,FP,NA,NA,Benign,TN,Benign,TN,Benign,TN,Pathogenic,FP
HBA1:c.171G>T,NM_000558.5:c.171G>T,Missense codons,B/LB,Benign,Pathogenic,FP,NA,NA,Benign,TN,Benign,TN,Benign,TN,Pathogenic,FP
HBA1:c.173G>A,NM_000558.5:c.173G>A,Missense codons,B/LB,Benign,Benign,TN,Benign,TN,Benign,TN,Benign,TN,Benign,TN,Pathogenic,FP
HBA2:c.175C>T,NM_000517.4:c.175C>T,Missense codons,P/LP,Pathogenic,Pathogenic,TP,NA,NA,NA,NA,NA,NA,NA,NA,NA,NA
HBA2:c.177C>A,NM_000517.4:c.177C>A,Missense codons,P/LP,Pathogenic,Benign,FN,NA,NA,NA,NA,Benign,FN,Benign,FN,Pathogenic,TP
HBA1:c.183G>T,NM_000558.5:c.183G>T,Missense codons,P/LP,Pathogenic,Pathogenic,TP,NA,NA,Benign,FN,Pathogenic,TP,Pathogenic,TP,Pathogenic,TP
HBA2:c.185A>C,NM_000517.4:c.185A>C,Missense codons,P/LP,Pathogenic,Pathogenic,TP,NA,NA,Benign,FN,Pathogenic,TP,Pathogenic,TP,Pathogenic,TP
HBA1:c.186G>C,NM_000558.5:c.186G>C,Missense codons,P/LP,Pathogenic,Pathogenic,TP,Pathogenic,TP,Benign,FN,Pathogenic,TP,Pathogenic,TP,Pathogenic,TP
HBA1:c.186G>T,NM_000558.5:c.186G>T,Missense codons,P/LP,Pathogenic,Pathogenic,TP,Pathogenic,TP,Benign,FN,Pathogenic,TP,Pathogenic,TP,Pathogenic,TP
HBA2:c.187G>A,NM_000517.4:c.187G>A,Missense codons,P/LP,Pathogenic,Pathogenic,TP,NA,NA,Benign,FN,Pathogenic,TP,Pathogenic,TP,Pathogenic,TP
HBA2:c.205A>G,NM_000517.4:c.205A>G,Missense codons,B/LB,Benign,Benign,TN,NA,NA,Benign,TN,Benign,TN,Benign,TN,Benign,TN
HBA1:c.205A>C,NM_000558.5:c.205A>C,Missense codons,B/LB,Benign,Benign,TN,Benign,TN,Benign,TN,Benign,TN,Benign,TN,Benign,TN
HBA2:c.207C>A,NM_000517.4:c.207C>A,Missense codons,B/LB,Benign,Benign,TN,NA,NA,Benign,TN,Benign,TN,Benign,TN,Benign,TN
HBA2:c.207C>G,NM_000517.4:c.207C>G,Missense codons,B/LB,Benign,Benign,TN,NA,NA,Benign,TN,Benign,TN,Benign,TN,Benign,TN
HBA1:c.207_208insGCGCTGACCAAC,NM_000558.5:c.207_208insGCGCTGACCAAC,Inframe indels,P/LP,Pathogenic,NA,NA,NA,NA,NA,NA,NA,NA,NA,NA,NA,NA
HBA1:c.211G>A,NM_000558.5:c.211G>A,Missense codons,P/LP,Pathogenic,Pathogenic,TP,NA,NA,NA,NA,Pathogenic,TP,Pathogenic,TP,Pathogenic,TP
HBA2:c.218A>G,NM_000517.4:c.218A>G,Missense codons,B/LB,Benign,Pathogenic,FP,NA,NA,NA,NA,NA,NA,NA,NA,NA,NA
HBA2:c.219C>A,NM_000517.4:c.219C>A,Missense codons,B/LB,Benign,Pathogenic,FP,NA,NA,Benign,TN,Pathogenic,FP,Benign,TN,Pathogenic,FP
HBA2:c.223G>A,NM_000517.4:c.223G>A,Missense codons,B/LB,Benign,Pathogenic,FP,NA,NA,NA,NA,NA,NA,NA,NA,NA,NA
HBA1:c.223G>C,NM_000558.5:c.223G>C,Missense codons,B/LB,Benign,Pathogenic,FP,Pathogenic,FP,NA,NA,Pathogenic,FP,Benign,TN,Pathogenic,FP
HBA1:c.224A>G,NM_000558.5:c.224A>G,Missense codons,P/LP,Pathogenic,Pathogenic,TP,NA,NA,NA,NA,Pathogenic,TP,Pathogenic,TP,Pathogenic,TP
HBA2:c.226_228delGAC,NM_000517.4:c.226_228delGAC,Inframe indels,P/LP,Pathogenic,NA,NA,NA,NA,NA,NA,NA,NA,NA,NA,NA,NA
HBA2:c.226G>A,NM_000517.4:c.226G>A,Missense codons,B/LB,Benign,Pathogenic,FP,NA,NA,Benign,TN,Benign,TN,Benign,TN,Benign,TN
HBA2:c.226G>C,NM_000517.4:c.226G>C,Missense codons,B/LB,Benign,Pathogenic,FP,NA,NA,NA,NA,Benign,TN,Benign,TN,Pathogenic,FP
HBA2:c.226G>T,NM_000517.4:c.226G>T,Missense codons,B/LB,Benign,Pathogenic,FP,NA,NA,NA,NA,Pathogenic,FP,Benign,TN,Pathogenic,FP
HBA2:c.227A>T,NM_000517.4:c.227A>T,Missense codons,P/LP,Pathogenic,Pathogenic,TP,NA,NA,NA,NA,Pathogenic,TP,Benign,FN,Pathogenic,TP
HBA2:c.230T>C,NM_000517.4:c.230T>C,Missense codons,B/LB,Benign,Pathogenic,FP,NA,NA,NA,NA,Pathogenic,FP,Benign,TN,Pathogenic,FP
HBA2:c.233C>A,NM_000517.4:c.233C>A,Missense codons,B/LB,Benign,Pathogenic,FP,NA,NA,Benign,TN,Benign,TN,Pathogenic,FP,Pathogenic,FP
HBA2:c.239C>G,NM_000517.4:c.239C>G,Missense codons,P/LP,Pathogenic,Pathogenic,TP,NA,NA,Benign,FN,Pathogenic,TP,Pathogenic,TP,Pathogenic,TP
HBA2:c.241C>G,NM_000517.4:c.241C>G,Missense codons,P/LP,Pathogenic,Pathogenic,TP,NA,NA,Benign,FN,Pathogenic,TP,Pathogenic,TP,Pathogenic,TP
HBA2:c.242T>G,NM_000517.4:c.242T>G,Missense codons,P/LP,Pathogenic,Pathogenic,TP,NA,NA,NA,NA,NA,NA,NA,NA,NA,NA
HBA2:c.244T>C,NM_000517.4:c.244T>C,Missense codons,P/LP,Pathogenic,Pathogenic,TP,NA,NA,NA,NA,Pathogenic,TP,Pathogenic,TP,Pathogenic,TP
HBA1:c.245C>G,NM_000558.5:c.245C>G,Missense codons,B/LB,Benign,Pathogenic,FP,Benign,TN,Benign,TN,Pathogenic,FP,Pathogenic,FP,Pathogenic,FP
HBA2:c.251T>C,NM_000517.4:c.251T>C,Missense codons,P/LP,Pathogenic,Pathogenic,TP,NA,NA,Pathogenic,TP,Pathogenic,TP,Pathogenic,TP,Pathogenic,TP
HBA1:c.253A>C,NM_000558.5:c.253A>C,Missense codons,P/LP,Pathogenic,Pathogenic,TP,Pathogenic,TP,NA,NA,Pathogenic,TP,Pathogenic,TP,Pathogenic,TP
HBA1:c.255C>A,NM_000558.5:c.255C>A,Missense codons,P/LP,Pathogenic,Pathogenic,TP,Pathogenic,TP,NA,NA,Benign,FN,Pathogenic,TP,Pathogenic,TP
HBA1:c.255C>G,NM_000558.5:c.255C>G,Missense codons,P/LP,Pathogenic,Pathogenic,TP,Pathogenic,TP,NA,NA,Benign,FN,Pathogenic,TP,Pathogenic,TP
HBA1:c.256G>A,NM_000558.5:c.256G>A,Missense codons,P/LP,Pathogenic,Pathogenic,TP,NA,NA,Benign,FN,Pathogenic,TP,Pathogenic,TP,Benign,FN
HBA2:c.257A>T,NM_000517.4:c.257A>T,Missense codons,P/LP,Pathogenic,Pathogenic,TP,NA,NA,NA,NA,Pathogenic,TP,Pathogenic,TP,Pathogenic,TP
HBA2:c.262C>T,NM_000517.4:c.262C>T,Missense codons,P/LP,Pathogenic,Pathogenic,TP,NA,NA,Pathogenic,TP,Pathogenic,TP,Pathogenic,TP,Pathogenic,TP
HBA1:c.262C>G,NM_000558.5:c.262C>G,Missense codons,P/LP,Pathogenic,Pathogenic,TP,Pathogenic,TP,Pathogenic,TP,Pathogenic,TP,Pathogenic,TP,Pathogenic,TP
HBA1:c.263A>C,NM_000558.5:c.263A>C,Missense codons,B/LB,Benign,Pathogenic,FP,Pathogenic,FP,Pathogenic,FP,Pathogenic,FP,Pathogenic,FP,Pathogenic,FP
HBA2:c.269A>T,NM_000517.4:c.269A>T,Missense codons,P/LP,Pathogenic,Pathogenic,TP,NA,NA,NA,NA,Pathogenic,TP,Benign,FN,Pathogenic,TP
HBA1:c.270C>G,NM_000558.5:c.270C>G,Missense codons,B/LB,Benign,Pathogenic,FP,Benign,TN,Benign,TN,Benign,TN,Benign,TN,Benign,TN
HBA1:c.272A>C,NM_000558.5:c.272A>C,Missense codons,P/LP,Pathogenic,Pathogenic,TP,Benign,FN,NA,NA,Pathogenic,TP,Pathogenic,TP,Pathogenic,TP
HBA2:c.273G>T,NM_000517.4:c.273G>T,Missense codons,B/LB,Benign,Pathogenic,FP,NA,NA,Benign,TN,Benign,TN,Pathogenic,FP,Benign,TN
HBA1:c.274C>T,NM_000558.5:c.274C>T,Missense codons,P/LP,Pathogenic,Pathogenic,TP,Pathogenic,TP,NA,NA,Pathogenic,TP,Pathogenic,TP,Pathogenic,TP
HBA1:c.278G>A,NM_000558.5:c.278G>A,Missense codons,P/LP,Pathogenic,Pathogenic,TP,Pathogenic,TP,Benign,FN,Pathogenic,TP,Pathogenic,TP,Pathogenic,TP
HBA2:c.278G>T,NM_000517.4:c.278G>T,Missense codons,P/LP,Pathogenic,Pathogenic,TP,NA,NA,NA,NA,Pathogenic,TP,Pathogenic,TP,Pathogenic,TP
HBA1:c.281T>C,NM_000558.5:c.281T>C,Missense codons,P/LP,Pathogenic,Pathogenic,TP,Pathogenic,TP,NA,NA,Pathogenic,TP,Pathogenic,TP,Pathogenic,TP
HBA2:c.283G>T,NM_000517.4:c.283G>T,Missense codons,B/LB,Benign,Pathogenic,FP,NA,NA,Pathogenic,FP,Pathogenic,FP,Pathogenic,FP,Pathogenic,FP
HBA2:c.283G>A,NM_000517.4:c.283G>A,Missense codons,P/LP,Pathogenic,Pathogenic,TP,NA,NA,NA,NA,Pathogenic,TP,Pathogenic,TP,Pathogenic,TP
HBA2:c.283G>C,NM_000517.4:c.283G>C,Missense codons,P/LP,Pathogenic,Pathogenic,TP,NA,NA,Pathogenic,TP,Pathogenic,TP,Pathogenic,TP,Pathogenic,TP
HBA1:c.284A>C,NM_000558.5:c.284A>C,Missense codons,P/LP,Pathogenic,Pathogenic,TP,Pathogenic,TP,Pathogenic,TP,Pathogenic,TP,Pathogenic,TP,Pathogenic,TP
HBA1:c.284A>G,NM_000558.5:c.284A>G,Missense codons,P/LP,Pathogenic,Pathogenic,TP,Pathogenic,TP,Pathogenic,TP,Pathogenic,TP,Pathogenic,TP,Pathogenic,TP
HBA2:c.286C>G,NM_000517.4:c.286C>G,Missense codons,B/LB,Benign,Pathogenic,FP,NA,NA,NA,NA,Pathogenic,FP,Pathogenic,FP,Pathogenic,FP
HBA1:c.286C>A,NM_000558.5:c.286C>A,Missense codons,P/LP,Pathogenic,Pathogenic,TP,Pathogenic,TP,Pathogenic,TP,Pathogenic,TP,Pathogenic,TP,Pathogenic,TP
HBA2:c.286C>T,NM_000517.4:c.286C>T,Missense codons,B/LB,Benign,Pathogenic,FP,NA,NA,Pathogenic,FP,Pathogenic,FP,Pathogenic,FP,Pathogenic,FP
HBA2:c.287C>T,NM_000517.4:c.287C>T,Missense codons,B/LB,Benign,Pathogenic,FP,NA,NA,Pathogenic,FP,Pathogenic,FP,Pathogenic,FP,Pathogenic,FP
HBA1:c.287C>G,NM_000558.5:c.287C>G,Missense codons,P/LP,Pathogenic,Pathogenic,TP,Pathogenic,TP,Pathogenic,TP,Pathogenic,TP,Pathogenic,TP,Pathogenic,TP
HBA1:c.287C>A,NM_000558.5:c.287C>A,Missense codons,P/LP,Pathogenic,Pathogenic,TP,Pathogenic,TP,Pathogenic,TP,Pathogenic,TP,Pathogenic,TP,Pathogenic,TP
HBA2:c.290T>A,NM_000517.4:c.290T>A,Missense codons,P/LP,Pathogenic,Pathogenic,TP,NA,NA,Pathogenic,TP,Pathogenic,TP,Benign,FN,Pathogenic,TP
HBA2:c.292A>C,NM_000517.4:c.292A>C,Missense codons,P/LP,Pathogenic,Pathogenic,TP,NA,NA,NA,NA,Pathogenic,TP,Pathogenic,TP,Pathogenic,TP
HBA2:c.294C>A,NM_000517.4:c.294C>A,Missense codons,P/LP,Pathogenic,Pathogenic,TP,NA,NA,NA,NA,Pathogenic,TP,Pathogenic,TP,Pathogenic,TP
HBA1:c.298A>G,NM_000558.5:c.298A>G,Splice region variant; Missense codons,B/LB,Benign,Pathogenic,FP,Pathogenic,FP,NA,NA,Pathogenic,FP,Pathogenic,FP,Pathogenic,FP
HBA1:c.300G>T,NM_000558.5:c.300G>T,Splice region variant; Missense codons,P/LP,Pathogenic,Pathogenic,TP,Pathogenic,TP,NA,NA,Pathogenic,TP,Pathogenic,TP,Pathogenic,TP
HBA2:c.307A>C,NM_000517.4:c.307A>C,Missense codons,P/LP,Pathogenic,Pathogenic,TP,NA,NA,NA,NA,Benign,FN,Pathogenic,TP,Pathogenic,TP
HBA1:c.309C>A,NM_000558.5:c.309C>A,Missense codons,P/LP,Pathogenic,Pathogenic,TP,Pathogenic,TP,NA,NA,Pathogenic,TP,Pathogenic,TP,Pathogenic,TP
HBA2:c.309C>A,NM_000517.4:c.309C>A,Missense codons,P/LP,Pathogenic,Pathogenic,TP,NA,NA,NA,NA,Pathogenic,TP,Pathogenic,TP,Pathogenic,TP
HBA1:c.310C>T,NM_000558.5:c.310C>T,Missense codons,B/LB,Benign,Pathogenic,FP,NA,NA,NA,NA,Pathogenic,FP,Pathogenic,FP,Pathogenic,FP
HBA2:c.310C>T,NM_000517.4:c.310C>T,Missense codons,P/LP,Pathogenic,Pathogenic,TP,NA,NA,NA,NA,Pathogenic,TP,Pathogenic,TP,Pathogenic,TP
HBA1:c.320T>C,NM_000558.5:c.320T>C,Missense codons,P/LP,Pathogenic,Pathogenic,TP,Pathogenic,TP,Pathogenic,TP,Pathogenic,TP,Pathogenic,TP,Pathogenic,TP
HBA2:c.335C>T,NM_000517.4:c.335C>T,Missense codons,P/LP,Pathogenic,Benign,FN,NA,NA,Benign,FN,Benign,FN,Benign,FN,Benign,FN
HBA1:c.337C>G,NM_000558.5:c.337C>G,Missense codons,B/LB,Benign,Pathogenic,FP,Pathogenic,FP,NA,NA,Benign,TN,Benign,TN,Pathogenic,FP
HBA2:c.343C>T,NM_000517.4:c.343C>T,Missense codons,B/LB,Benign,Pathogenic,FP,NA,NA,Benign,TN,Benign,TN,Benign,TN,Pathogenic,FP
HBA1:c.344C>T,NM_000558.5:c.344C>T,Missense codons,B/LB,Benign,Pathogenic,FP,Pathogenic,FP,NA,NA,Benign,TN,Benign,TN,Pathogenic,FP
HBA1:c.349G>A,NM_000558.5:c.349G>A,Missense codons,B/LB,Benign,Pathogenic,FP,NA,NA,Benign,TN,Pathogenic,FP,Pathogenic,FP,Pathogenic,FP
HBA2:c.352T>A,NM_000517.4:c.352T>A,Missense codons,P/LP,Pathogenic,Pathogenic,TP,NA,NA,NA,NA,Pathogenic,TP,Pathogenic,TP,Pathogenic,TP
HBA1:c.349_357dup,NM_000558.5:c.349_357dup,Inframe indels,P/LP,Pathogenic,NA,NA,NA,NA,NA,NA,NA,NA,NA,NA,NA,NA
HBA1:c.354_355insATC,NM_000558.5:c.354_355insATC,Inframe indels,P/LP,Pathogenic,Pathogenic,TP,NA,NA,NA,NA,NA,NA,NA,NA,NA,NA
HBA1:c.359C>T,NM_000558.5:c.359C>T,Missense codons,P/LP,Pathogenic,Pathogenic,TP,Pathogenic,TP,NA,NA,Pathogenic,TP,Pathogenic,TP,Pathogenic,TP
HBA2:c.362C>A,NM_000517.4:c.362C>A,Missense codons,B/LB,Benign,Benign,TN,NA,NA,Benign,TN,Benign,TN,Benign,TN,Benign,TN
HBA1:c.364G>A,NM_000558.5:c.364G>A,Missense codons,B/LB,Benign,Pathogenic,FP,Benign,TN,NA,NA,Benign,TN,Pathogenic,FP,Benign,TN
HBA2:c.369C>G,NM_000517.4:c.369C>G,Missense codons,B/LB,Benign,Benign,TN,NA,NA,NA,NA,Benign,TN,Benign,TN,Benign,TN
HBA2:c.377T>A,NM_000517.4:c.377T>A,Missense codons,B/LB,Benign,Pathogenic,FP,NA,NA,NA,NA,Pathogenic,FP,Pathogenic,FP,Pathogenic,FP
HBA1:c.379G>C,NM_000558.5:c.379G>C,Missense codons,P/LP,Pathogenic,Pathogenic,TP,Pathogenic,TP,Pathogenic,TP,Pathogenic,TP,Pathogenic,TP,Pathogenic,TP
HBA1:c.379G>A,NM_000558.5:c.379G>A,Missense codons,P/LP,Pathogenic,Pathogenic,TP,Pathogenic,TP,NA,NA,Pathogenic,TP,Pathogenic,TP,Pathogenic,TP
HBA2:c.380A>G,NM_000517.4:c.380A>G,Missense codons,P/LP,Pathogenic,Pathogenic,TP,NA,NA,Pathogenic,TP,Pathogenic,TP,Pathogenic,TP,Pathogenic,TP
HBA1:c.392C>T,NM_000558.5:c.392C>T,Missense codons,P/LP,Pathogenic,Pathogenic,TP,Benign,FN,Benign,FN,Benign,FN,Pathogenic,TP,Pathogenic,TP
HBA2:c.392C>A,NM_000517.4:c.392C>A,Missense codons,P/LP,Pathogenic,Pathogenic,TP,NA,NA,NA,NA,Benign,FN,Benign,FN,Pathogenic,TP
HBA1:c.395C>T,NM_000558.5:c.395C>T,Missense codons,P/LP,Pathogenic,Pathogenic,TP,NA,NA,Benign,FN,Benign,FN,Pathogenic,TP,Benign,FN
NM_000517.4:c.400A>C,NM_000517.4:c.400A>C,Missense codons,B/LB,Benign,Pathogenic,FP,NA,NA,NA,NA,Pathogenic,FP,Pathogenic,FP,Pathogenic,FP
HBA2:c.409C>A,NM_000517.4:c.409C>A,Missense codons,B/LB,Benign,Pathogenic,FP,NA,NA,Benign,TN,Pathogenic,FP,Pathogenic,FP,Pathogenic,FP
HBA1:c.418A>G,NM_000558.5:c.418A>G,Missense codons,P/LP,Pathogenic,Pathogenic,TP,Pathogenic,TP,NA,NA,Pathogenic,TP,Pathogenic,TP,Pathogenic,TP
HBA2:c.418A>G,NM_000517.4:c.418A>G,Missense codons,P/LP,Pathogenic,Pathogenic,TP,NA,NA,NA,NA,Pathogenic,TP,Pathogenic,TP,Pathogenic,TP
HBA2:c.423C>A,NM_000517.4:c.423C>A,Stop gained,P/LP,Pathogenic,Pathogenic,TP,NA,NA,NA,NA,Pathogenic,TP,Pathogenic,TP,NA,NA
HBA2:c.424C>G,NM_000517.4:c.424C>G,Missense codons,B/LB,Benign,Pathogenic,FP,NA,NA,NA,NA,NA,NA,NA,NA,NA,NA
HBA2:c.424C>T,NM_000517.4:c.424C>T,Missense codons,P/LP,Pathogenic,Pathogenic,TP,NA,NA,NA,NA,Pathogenic,TP,Pathogenic,TP,Pathogenic,TP
HBA2:c.425G>C,NM_000517.4:c.425G>C,Missense codons,P/LP,Pathogenic,Pathogenic,TP,NA,NA,Pathogenic,TP,Pathogenic,TP,Pathogenic,TP,Pathogenic,TP
HBB:c.4G>A,NM_000518.4:c.4G>A,Missense codons,P/LP,Pathogenic,Pathogenic,TP,Pathogenic,TP,NA,NA,Pathogenic,TP,Pathogenic,TP,Pathogenic,TP
HBB:c.8A>C,NM_000518.4:c.8A>C,Missense codons,P/LP,Pathogenic,Pathogenic,TP,Benign,FN,NA,NA,Pathogenic,TP,Benign,FN,Pathogenic,TP
HBB:c.8A>G,NM_000518.4:c.8A>G,Missense codons,P/LP,Pathogenic,Pathogenic,TP,Benign,FN,NA,NA,Pathogenic,TP,Benign,FN,Pathogenic,TP
HBB:c.9T>A,NM_000518.4:c.9T>A,Missense codons,B/LB,Benign,Benign,TN,Benign,TN,NA,NA,Benign,TN,Benign,TN,Benign,TN
HBB:c.9T>G,NM_000518.4:c.9T>G,Missense codons,B/LB,Benign,Benign,TN,Benign,TN,NA,NA,Benign,TN,Benign,TN,Benign,TN
HBB:c.19G>A,NM_000518.4:c.19G>A,Missense codons,B/LB,Benign,Pathogenic,FP,Benign,TN,NA,NA,Pathogenic,FP,Pathogenic,FP,Pathogenic,FP
HBB:c.20A>T,NM_000518.4:c.20A>T,Missense codons,P/LP,Pathogenic,Pathogenic,TP,Benign,FN,NA,NA,Benign,FN,Benign,FN,Pathogenic,TP
HBB:c.20A>C,NM_000518.4:c.20A>C,Missense codons,B/LB,Benign,Benign,TN,Benign,TN,NA,NA,Benign,TN,Benign,TN,Benign,TN
HBB:c.22_24delGAG,NM_000518.4:c.22_24delGAG,Inframe indels,P/LP,Pathogenic,NA,NA,NA,NA,NA,NA,NA,NA,NA,NA,NA,NA
HBB:c.23A>G,NM_000518.4:c.23A>G,Missense codons,B/LB,Benign,Pathogenic,FP,Pathogenic,FP,Pathogenic,FP,Pathogenic,FP,Pathogenic,FP,Pathogenic,FP
HBB:c.27G>C,NM_000518.4:c.27G>C,Missense codons,B/LB,Benign,Pathogenic,FP,Pathogenic,FP,Pathogenic,FP,Pathogenic,FP,Pathogenic,FP,Pathogenic,FP
HBB:c.35T>A,NM_000518.4:c.35T>A,Missense codons,P/LP,Pathogenic,Pathogenic,TP,Pathogenic,TP,Pathogenic,TP,Pathogenic,TP,Benign,FN,Pathogenic,TP
HBB:c.46T>A,NM_000518.4:c.46T>A,Missense codons,P/LP,Pathogenic,Pathogenic,TP,Pathogenic,TP,Pathogenic,TP,Pathogenic,TP,Pathogenic,TP,Pathogenic,TP
HBB:c.46T>C,NM_000518.4:c.46T>C,Missense codons,P/LP,Pathogenic,Pathogenic,TP,Pathogenic,TP,Pathogenic,TP,Pathogenic,TP,Pathogenic,TP,Pathogenic,TP
HBB:c.54_59del,NM_000518.4:c.54_59del,Inframe indels,P/LP,Pathogenic,NA,NA,NA,NA,NA,NA,NA,NA,NA,NA,NA,NA
HBB:c.52A>C,NM_000518.4:c.52A>C,Missense codons,B/LB,Benign,Pathogenic,FP,Benign,TN,NA,NA,Pathogenic,FP,Pathogenic,FP,Pathogenic,FP
HBB:c.61G>A,NM_000518.4:c.61G>A,Missense codons,P/LP,Pathogenic,Pathogenic,TP,Benign,FN,NA,NA,Pathogenic,TP,Pathogenic,TP,Pathogenic,TP
HBB:c.62T>G,NM_000518.4:c.62T>G,Missense codons,P/LP,Pathogenic,Pathogenic,TP,Benign,FN,NA,NA,Pathogenic,TP,Pathogenic,TP,Pathogenic,TP
HBB:c.62T>A,NM_000518.4:c.62T>A,Missense codons,P/LP,Pathogenic,Pathogenic,TP,NA,NA,Pathogenic,TP,Benign,FN,Benign,FN,Pathogenic,TP
HBB:c.69_80delAGTTGGTGGTGA,NM_000518.4:c.69_80delAGTTGGTGGTGA,Inframe indels,P/LP,Pathogenic,NA,NA,NA,NA,NA,NA,NA,NA,NA,NA,NA,NA
HBB:c.67G>C,NM_000518.4:c.67G>C,Missense codons,P/LP,Pathogenic,Pathogenic,TP,Benign,FN,NA,NA,Benign,FN,Pathogenic,TP,Benign,FN
HBB:c.67G>A,NM_000518.4:c.67G>A,Missense codons,B/LB,Benign,Pathogenic,FP,Benign,TN,NA,NA,Benign,TN,Pathogenic,FP,Benign,TN
HBB:c.68A>C,NM_000518.4:c.68A>C,Missense codons,B/LB,Benign,Pathogenic,FP,Benign,TN,NA,NA,Benign,TN,Benign,TN,Benign,TN
HBB:c.71_73del,NM_000518.4:c.71_73del,Inframe indels,P/LP,Pathogenic,NA,NA,NA,NA,NA,NA,NA,NA,NA,NA,NA,NA
HBB:c.70G>T,NM_000518.4:c.70G>T,Missense codons,P/LP,Pathogenic,Pathogenic,TP,Benign,FN,NA,NA,Benign,FN,Pathogenic,TP,Pathogenic,TP
HBB:c.71T>C,NM_000518.4:c.71T>C,Missense codons,P/LP,Pathogenic,Pathogenic,TP,Benign,FN,NA,NA,Benign,FN,Benign,FN,Benign,FN
HBB:c.71T>G,NM_000518.4:c.71T>G,Missense codons,P/LP,Pathogenic,Pathogenic,TP,NA,NA,NA,NA,Pathogenic,TP,Pathogenic,TP,Pathogenic,TP
HBB:c.71T>A,NM_000518.4:c.71T>A,Missense codons,P/LP,Pathogenic,Pathogenic,TP,Pathogenic,TP,Pathogenic,TP,Benign,FN,Pathogenic,TP,Pathogenic,TP
HBB:c.73G>C,NM_000518.4:c.73G>C,Missense codons,P/LP,Pathogenic,Pathogenic,TP,Pathogenic,TP,Pathogenic,TP,Pathogenic,TP,Pathogenic,TP,Pathogenic,TP
HBB:c.80A>C,NM_000518.4:c.80A>C,Cryptic splice site; Missense codons,P/LP,Pathogenic,Pathogenic,TP,NA,NA,NA,NA,Pathogenic,TP,Pathogenic,TP,Pathogenic,TP
HBB:c.83C>T,NM_000518.4:c.83C>T,Missense codons,P/LP,Pathogenic,Pathogenic,TP,NA,NA,NA,NA,Pathogenic,TP,Pathogenic,TP,Pathogenic,TP
HBB:c.85C>A,NM_000518.4:c.85C>A,Missense codons,P/LP,Pathogenic,Pathogenic,TP,Pathogenic,TP,Pathogenic,TP,Pathogenic,TP,Pathogenic,TP,Pathogenic,TP
HBB:c.86T>C,NM_000518.4:c.86T>C,Missense codons,P/LP,Pathogenic,Pathogenic,TP,Pathogenic,TP,Pathogenic,TP,Pathogenic,TP,Pathogenic,TP,Pathogenic,TP
HBB:c.86T>A,NM_000518.4:c.86T>A,Missense codons,P/LP,Pathogenic,Pathogenic,TP,Pathogenic,TP,Pathogenic,TP,Pathogenic,TP,Pathogenic,TP,Pathogenic,TP
HBB:c.89G>A,NM_000518.4:c.89G>A,Missense codons,P/LP,Pathogenic,Pathogenic,TP,Pathogenic,TP,Pathogenic,TP,Pathogenic,TP,Pathogenic,TP,Pathogenic,TP
HBB:c.94C>G,NM_000518.4:c.94C>G,Splice region variant; Missense codons,P/LP,Pathogenic,Pathogenic,TP,NA,NA,NA,NA,Pathogenic,TP,Pathogenic,TP,Pathogenic,TP
HBB:c.103G>C,NM_000518.4:c.103G>C,Missense codons,P/LP,Pathogenic,Pathogenic,TP,Pathogenic,TP,Pathogenic,TP,Pathogenic,TP,Pathogenic,TP,Pathogenic,TP
HBB:c.103G>T,NM_000518.4:c.103G>T,Missense codons,P/LP,Pathogenic,Pathogenic,TP,Pathogenic,TP,Pathogenic,TP,Pathogenic,TP,Pathogenic,TP,Pathogenic,TP
HBB:c.104T>A,NM_000518.4:c.104T>A,Missense codons,P/LP,Pathogenic,Pathogenic,TP,Pathogenic,TP,Pathogenic,TP,Pathogenic,TP,Pathogenic,TP,Pathogenic,TP
HBB:c.107A>T,NM_000518.4:c.107A>T,Missense codons,P/LP,Pathogenic,Pathogenic,TP,Benign,FN,Pathogenic,TP,Pathogenic,TP,Benign,FN,Pathogenic,TP
HBB:c.109C>A,NM_000518.4:c.109C>A,Missense codons,P/LP,Pathogenic,Pathogenic,TP,Pathogenic,TP,Pathogenic,TP,Pathogenic,TP,Pathogenic,TP,Pathogenic,TP
HBB:c.109C>G,NM_000518.4:c.109C>G,Missense codons,P/LP,Pathogenic,Pathogenic,TP,Pathogenic,TP,Pathogenic,TP,Pathogenic,TP,Pathogenic,TP,Pathogenic,TP
HBB:c.109C>T,NM_000518.4:c.109C>T,Missense codons,P/LP,Pathogenic,Pathogenic,TP,Pathogenic,TP,Pathogenic,TP,Pathogenic,TP,Pathogenic,TP,Pathogenic,TP
HBB:c.110C>G,NM_000518.4:c.110C>G,Missense codons,P/LP,Pathogenic,Pathogenic,TP,Pathogenic,TP,Pathogenic,TP,Pathogenic,TP,Pathogenic,TP,Pathogenic,TP
HBB:c.110C>A,NM_000518.4:c.110C>A,Missense codons,P/LP,Pathogenic,Pathogenic,TP,Pathogenic,TP,Pathogenic,TP,Pathogenic,TP,Pathogenic,TP,Pathogenic,TP
HBB:c.113G>C,NM_000518.4:c.113G>C,Missense codons,P/LP,Pathogenic,Pathogenic,TP,Pathogenic,TP,Pathogenic,TP,Pathogenic,TP,Pathogenic,TP,Pathogenic,TP
HBB:c.116C>A,NM_000518.4:c.116C>A,Missense codons,P/LP,Pathogenic,Pathogenic,TP,Pathogenic,TP,Pathogenic,TP,Pathogenic,TP,Pathogenic,TP,Pathogenic,TP
HBB:c.116C>T,NM_000518.4:c.116C>T,Missense codons,P/LP,Pathogenic,Pathogenic,TP,Pathogenic,TP,Pathogenic,TP,Pathogenic,TP,Pathogenic,TP,Pathogenic,TP
HBB:c.122G>A,NM_000518.4:c.122G>A,Missense codons,P/LP,Pathogenic,Pathogenic,TP,Pathogenic,TP,Pathogenic,TP,Pathogenic,TP,Pathogenic,TP,Pathogenic,TP
HBB:c.123G>C,NM_000518.4:c.123G>C,Missense codons,P/LP,Pathogenic,Pathogenic,TP,Pathogenic,TP,Pathogenic,TP,Pathogenic,TP,Pathogenic,TP,Pathogenic,TP
HBB:c.123G>T,NM_000518.4:c.123G>T,Missense codons,P/LP,Pathogenic,Pathogenic,TP,Pathogenic,TP,Pathogenic,TP,Pathogenic,TP,Pathogenic,TP,Pathogenic,TP
HBB:c.124_126delTTC,NM_000518.4:c.124_126delTTC,Inframe indels,P/LP,Pathogenic,NA,NA,NA,NA,NA,NA,NA,NA,NA,NA,NA,NA
HBB:c.127_129delTTT,NM_000518.4:c.127_129delTTT,Inframe indels,P/LP,Pathogenic,NA,NA,NA,NA,NA,NA,NA,NA,NA,NA,NA,NA
HBB:c.131_139del,NM_000518.4:c.131_139del,Inframe indels,P/LP,Pathogenic,NA,NA,NA,NA,NA,NA,NA,NA,NA,NA,NA,NA
HBB:c.142G>T,NM_000518.4:c.142G>T,Missense codons,P/LP,Pathogenic,Pathogenic,TP,Pathogenic,TP,Pathogenic,TP,Pathogenic,TP,Pathogenic,TP,Pathogenic,TP
HBB:c.143A>T,NM_000518.4:c.143A>T,Missense codons,P/LP,Pathogenic,Pathogenic,TP,Pathogenic,TP,Pathogenic,TP,Pathogenic,TP,Pathogenic,TP,Pathogenic,TP
HBB:c.155C>G,NM_000518.4:c.155C>G,Missense codons,P/LP,Pathogenic,Pathogenic,TP,Benign,FN,NA,NA,Pathogenic,TP,Pathogenic,TP,Pathogenic,TP
HBB:c.157G>A,NM_000518.4:c.157G>A,Missense codons,B/LB,Benign,Benign,TN,Benign,TN,Benign,TN,Benign,TN,Benign,TN,Pathogenic,FP
HBB:c.164T>A,NM_000518.4:c.164T>A,Missense codons,P/LP,Pathogenic,Pathogenic,TP,Pathogenic,TP,Pathogenic,TP,Pathogenic,TP,Pathogenic,TP,Pathogenic,TP
HBB:c.170G>A,NM_000518.4:c.170G>A,Missense codons,B/LB,Benign,Pathogenic,FP,Benign,TN,NA,NA,Benign,TN,Pathogenic,FP,Pathogenic,FP
HBB:c.170_181del,NM_000518.4:c.170_181del,Inframe indels,P/LP,Pathogenic,NA,NA,NA,NA,NA,NA,NA,NA,NA,NA,NA,NA
HBB:c.187G>C,NM_000518.4:c.187G>C,Missense codons,P/LP,Pathogenic,Pathogenic,TP,Pathogenic,TP,Pathogenic,TP,Pathogenic,TP,Pathogenic,TP,Pathogenic,TP
HBB:c.190C>T,NM_000518.4:c.190C>T,Missense codons,P/LP,Pathogenic,Pathogenic,TP,Pathogenic,TP,Pathogenic,TP,Pathogenic,TP,Pathogenic,TP,Pathogenic,TP
HBB:c.191A>G,NM_000518.4:c.191A>G,Missense codons,P/LP,Pathogenic,Pathogenic,TP,Pathogenic,TP,Pathogenic,TP,Pathogenic,TP,Pathogenic,TP,Pathogenic,TP
HBB:c.194G>A,NM_000518.4:c.194G>A,Missense codons,P/LP,Pathogenic,Pathogenic,TP,Pathogenic,TP,Pathogenic,TP,Pathogenic,TP,Pathogenic,TP,Pathogenic,TP
HBB:c.199A>G,NM_000518.4:c.199A>G,Missense codons,P/LP,Pathogenic,Pathogenic,TP,Pathogenic,TP,NA,NA,Pathogenic,TP,Pathogenic,TP,Pathogenic,TP
HBB:c.203T>A,NM_000518.4:c.203T>A,Missense codons,P/LP,Pathogenic,Pathogenic,TP,Pathogenic,TP,Pathogenic,TP,Pathogenic,TP,Pathogenic,TP,Pathogenic,TP
HBB:c.205C>T,NM_000518.4:c.205C>T,Missense codons,P/LP,Pathogenic,Pathogenic,TP,Pathogenic,TP,NA,NA,Pathogenic,TP,Pathogenic,TP,Pathogenic,TP
HBB:c.206T>A,NM_000518.4:c.206T>A,Missense codons,P/LP,Pathogenic,Pathogenic,TP,Pathogenic,TP,Pathogenic,TP,Pathogenic,TP,Pathogenic,TP,Pathogenic,TP
HBB:c.204_209dupGCTCGG,NM_000518.4:c.204_209dupGCTCGG,Inframe indels,P/LP,Pathogenic,NA,NA,NA,NA,NA,NA,NA,NA,NA,NA,NA,NA
HBB:c.208G>A,NM_000518.4:c.208G>A,Missense codons,B/LB,Benign,Benign,TN,Benign,TN,Benign,TN,Benign,TN,Benign,TN,Benign,TN
HBB:c.208G>C,NM_000518.4:c.208G>C,Missense codons,B/LB,Benign,Benign,TN,Benign,TN,NA,NA,Benign,TN,Benign,TN,Pathogenic,FP
HBB:c.209G>A,NM_000518.4:c.209G>A,Missense codons,B/LB,Benign,Benign,TN,Benign,TN,NA,NA,Benign,TN,Benign,TN,Benign,TN
HBB:c.211G>C,NM_000518.4:c.211G>C,Missense codons,P/LP,Pathogenic,Pathogenic,TP,Pathogenic,TP,Pathogenic,TP,Pathogenic,TP,Pathogenic,TP,Pathogenic,TP
HBB:c.219T>A,NM_000518.4:c.219T>A,Missense codons,P/LP,Pathogenic,Pathogenic,TP,Pathogenic,TP,NA,NA,Benign,FN,Pathogenic,TP,Pathogenic,TP
HBB:c.220G>A,NM_000518.4:c.220G>A,Missense codons,B/LB,Benign,Pathogenic,FP,Benign,TN,Benign,TN,Benign,TN,Pathogenic,FP,Benign,TN
HBB:c.220_228delinsGCTCGGTGCCAG,NM_000518.4:c.220_228delinsGCTCGGTGCCAG,Inframe indels,P/LP,Pathogenic,NA,NA,NA,NA,NA,NA,NA,NA,NA,NA,NA,NA
HBB:c.224_229delGCCTGG,NM_000518.4:c.224_229delGCCTGG,Inframe indels,P/LP,Pathogenic,NA,NA,NA,NA,NA,NA,NA,NA,NA,NA,NA,NA
HBB:c.224G>A,NM_000518.4:c.224G>A,Missense codons,P/LP,Pathogenic,Pathogenic,TP,Pathogenic,TP,Pathogenic,TP,Pathogenic,TP,Pathogenic,TP,Pathogenic,TP
HBB:c.226_228delCTG,NM_000518.4:c.226_228delCTG,Inframe indels,P/LP,Pathogenic,NA,NA,NA,NA,NA,NA,NA,NA,NA,NA,NA,NA
HBB:c.227T>C,NM_000518.4:c.227T>C,Missense codons,P/LP,Pathogenic,Pathogenic,TP,Pathogenic,TP,Pathogenic,TP,Pathogenic,TP,Pathogenic,TP,Pathogenic,TP
HBB:c.238G>C,NM_000518.4:c.238G>C,Missense codons,P/LP,Pathogenic,Pathogenic,TP,Pathogenic,TP,Pathogenic,TP,Pathogenic,TP,Pathogenic,TP,Pathogenic,TP
HBB:c.245T>G,NM_000518.4:c.245T>G,Missense codons,P/LP,Pathogenic,Pathogenic,TP,Pathogenic,TP,Pathogenic,TP,Pathogenic,TP,Pathogenic,TP,Pathogenic,TP
HBB:c.245T>A,NM_000518.4:c.245T>A,Missense codons,P/LP,Pathogenic,Pathogenic,TP,Pathogenic,TP,Pathogenic,TP,Pathogenic,TP,Pathogenic,TP,Pathogenic,TP
HBB:c.247A>C,NM_000518.4:c.247A>C,Missense codons,P/LP,Pathogenic,Pathogenic,TP,NA,NA,Pathogenic,TP,Pathogenic,TP,Pathogenic,TP,Pathogenic,TP
HBB:c.248A>C,NM_000518.4:c.248A>C,Missense codons,P/LP,Pathogenic,Pathogenic,TP,Pathogenic,TP,Pathogenic,TP,Pathogenic,TP,Pathogenic,TP,Pathogenic,TP
HBB:c.248A>T,NM_000518.4:c.248A>T,Missense codons,P/LP,Pathogenic,Pathogenic,TP,Pathogenic,TP,Pathogenic,TP,Pathogenic,TP,Pathogenic,TP,Pathogenic,TP
HBB:c.250G>T,NM_000518.4:c.250G>T,Missense codons,B/LB,Benign,Pathogenic,FP,NA,NA,NA,NA,Pathogenic,FP,Pathogenic,FP,Pathogenic,FP
HBB:c.251G>A,NM_000518.4:c.251G>A,Missense codons,B/LB,Benign,Pathogenic,FP,Benign,TN,NA,NA,Pathogenic,FP,Pathogenic,FP,Benign,TN
HBB:c.257T>C,NM_000518.4:c.257T>C,Missense codons,P/LP,Pathogenic,Pathogenic,TP,Pathogenic,TP,Pathogenic,TP,Pathogenic,TP,Pathogenic,TP,Pathogenic,TP
HBB:c.259G>C,NM_000518.4:c.259G>C,Missense codons,P/LP,Pathogenic,Pathogenic,TP,Pathogenic,TP,Pathogenic,TP,Pathogenic,TP,Pathogenic,TP,Pathogenic,TP
HBB:c.260C>A,NM_000518.4:c.260C>A,Missense codons,P/LP,Pathogenic,Pathogenic,TP,Pathogenic,TP,Pathogenic,TP,Pathogenic,TP,Pathogenic,TP,Pathogenic,TP
HBB:c.262_264delACA,NM_000518.4:c.262_264delACA,Inframe indels,P/LP,Pathogenic,NA,NA,NA,NA,NA,NA,NA,NA,NA,NA,NA,NA
HBB:c.262A>C,NM_000518.4:c.262A>C,Missense codons,B/LB,Benign,Benign,TN,Benign,TN,NA,NA,Benign,TN,Benign,TN,Pathogenic,FP
HBB:c.268A>C,NM_000518.4:c.268A>C,Missense codons,P/LP,Pathogenic,Pathogenic,TP,Pathogenic,TP,Pathogenic,TP,Pathogenic,TP,Pathogenic,TP,Pathogenic,TP
HBB:c.270T>A,NM_000518.4:c.270T>A,Missense codons,P/LP,Pathogenic,Pathogenic,TP,Pathogenic,TP,Pathogenic,TP,Pathogenic,TP,Pathogenic,TP,Pathogenic,TP
HBB:c.270T>G,NM_000518.4:c.270T>G,Missense codons,P/LP,Pathogenic,Pathogenic,TP,Pathogenic,TP,Pathogenic,TP,Pathogenic,TP,Pathogenic,TP,Pathogenic,TP
HBB:c.269G>A,NM_000518.4:c.269G>A,Missense codons,P/LP,Pathogenic,Pathogenic,TP,Pathogenic,TP,Pathogenic,TP,Pathogenic,TP,Pathogenic,TP,Pathogenic,TP
HBB:c.269G>C,NM_000518.4:c.269G>C,Missense codons,P/LP,Pathogenic,Pathogenic,TP,Pathogenic,TP,NA,NA,Pathogenic,TP,Pathogenic,TP,Pathogenic,TP
HBB:c.273G>C,NM_000518.4:c.273G>C,Missense codons,P/LP,Pathogenic,Pathogenic,TP,NA,NA,NA,NA,Pathogenic,TP,Pathogenic,TP,Pathogenic,TP
HBB:c.273G>T,NM_000518.4:c.273G>T,Missense codons,P/LP,Pathogenic,Pathogenic,TP,NA,NA,NA,NA,Pathogenic,TP,Pathogenic,TP,Pathogenic,TP
HBB:c.280_294delTGTGACAAGCTGCAC,NM_000518.4:c.280_294delTGTGACAAGCTGCAC,Inframe indels,P/LP,Pathogenic,NA,NA,NA,NA,NA,NA,NA,NA,NA,NA,NA,NA
HBB:c.277C>T,NM_000518.4:c.277C>T,Missense codons,P/LP,Pathogenic,Pathogenic,TP,Pathogenic,TP,Pathogenic,TP,Pathogenic,TP,Pathogenic,TP,Pathogenic,TP
HBB:c.278A>G,NM_000518.4:c.278A>G,Missense codons,P/LP,Pathogenic,Pathogenic,TP,Pathogenic,TP,Pathogenic,TP,Pathogenic,TP,Pathogenic,TP,Pathogenic,TP
HBB:c.279C>A,NM_000518.4:c.279C>A,Missense codons,P/LP,Pathogenic,Pathogenic,TP,Pathogenic,TP,Pathogenic,TP,Pathogenic,TP,Pathogenic,TP,Pathogenic,TP
HBB:c.279C>G,NM_000518.4:c.279C>G,Missense codons,P/LP,Pathogenic,Pathogenic,TP,Pathogenic,TP,Pathogenic,TP,Pathogenic,TP,Pathogenic,TP,Pathogenic,TP
HBB:c.280T>C,NM_000518.4:c.280T>C,Missense codons,P/LP,Pathogenic,Pathogenic,TP,Pathogenic,TP,Pathogenic,TP,Pathogenic,TP,Pathogenic,TP,Pathogenic,TP
HBB:c.283G>T,NM_000518.4:c.283G>T,Missense codons,P/LP,Pathogenic,Pathogenic,TP,Pathogenic,TP,Pathogenic,TP,Pathogenic,TP,Pathogenic,TP,Pathogenic,TP
HBB:c.283G>C,NM_000518.4:c.283G>C,Missense codons,P/LP,Pathogenic,Pathogenic,TP,Pathogenic,TP,Pathogenic,TP,Pathogenic,TP,Pathogenic,TP,Pathogenic,TP
HBB:c.283G>A,NM_000518.4:c.283G>A,Missense codons,P/LP,Pathogenic,Pathogenic,TP,NA,NA,NA,NA,Pathogenic,TP,Pathogenic,TP,Pathogenic,TP
HBB:c.271_285dupGAGCTGCACTGTGAC,NM_000518.4:c.271_285dupGAGCTGCACTGTGAC,Inframe indels,P/LP,Pathogenic,NA,NA,NA,NA,NA,NA,NA,NA,NA,NA,NA,NA
HBB:c.287A>T,NM_000518.4:c.287A>T,Missense codons,P/LP,Pathogenic,Pathogenic,TP,Pathogenic,TP,Pathogenic,TP,Pathogenic,TP,Pathogenic,TP,Pathogenic,TP
HBB:c.289C>G,NM_000518.4:c.289C>G,Missense codons,P/LP,Pathogenic,Pathogenic,TP,Pathogenic,TP,Pathogenic,TP,Pathogenic,TP,Pathogenic,TP,Pathogenic,TP
HBB:c.290T>C,NM_000518.4:c.290T>C,Missense codons,P/LP,Pathogenic,Pathogenic,TP,Pathogenic,TP,Pathogenic,TP,Pathogenic,TP,Pathogenic,TP,Pathogenic,TP
HBB:c.274_288dup,NM_000518.4:c.274_288dup,Inframe indels,P/LP,Pathogenic,NA,NA,NA,NA,NA,NA,NA,NA,NA,NA,NA,NA
HBB:c.293_295delACG,NM_000518.4:c.293_295delACG,Inframe indels,P/LP,Pathogenic,NA,NA,NA,NA,NA,NA,NA,NA,NA,NA,NA,NA
HBB:c.292C>T,NM_000518.4:c.292C>T,Missense codons,P/LP,Pathogenic,Pathogenic,TP,Pathogenic,TP,Pathogenic,TP,Pathogenic,TP,Pathogenic,TP,Pathogenic,TP
HBB:c.293A>T,NM_000518.4:c.293A>T,Missense codons,P/LP,Pathogenic,Pathogenic,TP,Pathogenic,TP,Pathogenic,TP,Pathogenic,TP,Pathogenic,TP,Pathogenic,TP
HBB:c.293A>C,NM_000518.4:c.293A>C,Missense codons,P/LP,Pathogenic,Pathogenic,TP,Pathogenic,TP,Pathogenic,TP,Pathogenic,TP,Pathogenic,TP,Pathogenic,TP
HBB:c.294C>A,NM_000518.4:c.294C>A,Missense codons,P/LP,Pathogenic,Pathogenic,TP,Pathogenic,TP,Pathogenic,TP,Pathogenic,TP,Pathogenic,TP,Pathogenic,TP
HBB:c.294C>G,NM_000518.4:c.294C>G,Missense codons,P/LP,Pathogenic,Pathogenic,TP,Pathogenic,TP,Pathogenic,TP,Pathogenic,TP,Pathogenic,TP,Pathogenic,TP
HBB:c.295G>A,NM_000518.4:c.295G>A,Missense codons,P/LP,Pathogenic,Pathogenic,TP,Pathogenic,TP,Pathogenic,TP,Pathogenic,TP,Pathogenic,TP,Pathogenic,TP
HBB:c.296T>G,NM_000518.4:c.296T>G,Missense codons,P/LP,Pathogenic,Pathogenic,TP,Pathogenic,TP,Pathogenic,TP,Pathogenic,TP,Pathogenic,TP,Pathogenic,TP
HBB:c.296T>C,NM_000518.4:c.296T>C,Missense codons,P/LP,Pathogenic,Pathogenic,TP,Pathogenic,TP,Pathogenic,TP,Pathogenic,TP,Pathogenic,TP,Pathogenic,TP
HBB:c.298G>T,NM_000518.4:c.298G>T,Missense codons,P/LP,Pathogenic,Pathogenic,TP,Pathogenic,TP,Pathogenic,TP,Pathogenic,TP,Pathogenic,TP,Pathogenic,TP
HBB:c.298G>C,NM_000518.4:c.298G>C,Missense codons,P/LP,Pathogenic,Pathogenic,TP,Pathogenic,TP,Pathogenic,TP,Pathogenic,TP,Pathogenic,TP,Pathogenic,TP
HBB:c.298G>A,NM_000518.4:c.298G>A,Missense codons,P/LP,Pathogenic,Pathogenic,TP,Pathogenic,TP,Pathogenic,TP,Pathogenic,TP,Pathogenic,TP,Pathogenic,TP
HBB:c.299A>G,NM_000518.4:c.299A>G,Missense codons,P/LP,Pathogenic,Pathogenic,TP,Pathogenic,TP,Pathogenic,TP,Pathogenic,TP,Pathogenic,TP,Pathogenic,TP
HBB:c.299A>C,NM_000518.4:c.299A>C,Missense codons,P/LP,Pathogenic,Pathogenic,TP,Pathogenic,TP,Pathogenic,TP,Pathogenic,TP,Pathogenic,TP,Pathogenic,TP
HBB:c.299A>T,NM_000518.4:c.299A>T,Missense codons,P/LP,Pathogenic,Pathogenic,TP,Pathogenic,TP,Pathogenic,TP,Pathogenic,TP,Pathogenic,TP,Pathogenic,TP
HBB:c.300T>A,NM_000518.4:c.300T>A,Missense codons,P/LP,Pathogenic,Pathogenic,TP,Pathogenic,TP,Pathogenic,TP,Pathogenic,TP,Pathogenic,TP,Pathogenic,TP
HBB:c.300T>G,NM_000518.4:c.300T>G,Missense codons,P/LP,Pathogenic,Pathogenic,TP,Pathogenic,TP,Pathogenic,TP,Pathogenic,TP,Pathogenic,TP,Pathogenic,TP
HBB:c.301C>G,NM_000518.4:c.301C>G,Missense codons,P/LP,Pathogenic,Pathogenic,TP,Pathogenic,TP,Pathogenic,TP,Pathogenic,TP,Pathogenic,TP,Pathogenic,TP
HBB:c.302C>G,NM_000518.4:c.302C>G,Missense codons,P/LP,Pathogenic,Pathogenic,TP,Pathogenic,TP,Pathogenic,TP,Pathogenic,TP,Pathogenic,TP,Pathogenic,TP
HBB:c.302C>T,NM_000518.4:c.302C>T,Missense codons,P/LP,Pathogenic,Pathogenic,TP,Pathogenic,TP,Pathogenic,TP,Pathogenic,TP,Pathogenic,TP,Pathogenic,TP
HBB:c.304G>A,NM_000518.4:c.304G>A,Missense codons,P/LP,Pathogenic,Pathogenic,TP,Pathogenic,TP,Pathogenic,TP,Pathogenic,TP,Pathogenic,TP,Pathogenic,TP
HBB:c.305A>G,NM_000518.4:c.305A>G,Missense codons,P/LP,Pathogenic,Pathogenic,TP,Pathogenic,TP,Pathogenic,TP,Pathogenic,TP,Pathogenic,TP,Pathogenic,TP
HBB:c.306G>C,NM_000518.4:c.306G>C,Missense codons,P/LP,Pathogenic,Pathogenic,TP,Pathogenic,TP,NA,NA,Pathogenic,TP,Pathogenic,TP,Pathogenic,TP
HBB:c.306G>T,NM_000518.4:c.306G>T,Missense codons,P/LP,Pathogenic,Pathogenic,TP,Pathogenic,TP,NA,NA,Pathogenic,TP,Pathogenic,TP,Pathogenic,TP
HBB:c.309C>A,NM_000518.4:c.309C>A,Missense codons,P/LP,Pathogenic,Pathogenic,TP,Pathogenic,TP,Pathogenic,TP,Pathogenic,TP,Pathogenic,TP,Pathogenic,TP
HBB:c.309C>G,NM_000518.4:c.309C>G,Missense codons,P/LP,Pathogenic,Pathogenic,TP,Pathogenic,TP,Pathogenic,TP,Pathogenic,TP,Pathogenic,TP,Pathogenic,TP
HBB:c.310T>G,NM_000518.4:c.310T>G,Missense codons,P/LP,Pathogenic,Pathogenic,TP,Pathogenic,TP,Pathogenic,TP,Pathogenic,TP,Pathogenic,TP,Pathogenic,TP
HBB:c.310T>A,NM_000518.4:c.310T>A,Missense codons,P/LP,Pathogenic,Pathogenic,TP,Pathogenic,TP,Pathogenic,TP,Pathogenic,TP,Pathogenic,TP,Pathogenic,TP
HBB:c.312C>G,NM_000518.4:c.312C>G,Missense codons,P/LP,Pathogenic,Pathogenic,TP,Pathogenic,TP,Pathogenic,TP,Pathogenic,TP,Pathogenic,TP,Pathogenic,TP
HBB:c.316C>T,NM_000518.4:c.316C>T,Splice region variant; Missense codons,P/LP,Pathogenic,Pathogenic,TP,Pathogenic,TP,NA,NA,Pathogenic,TP,Pathogenic,TP,Pathogenic,TP
HBB:c.320T>C,NM_000518.4:c.320T>C,Missense codons,P/LP,Pathogenic,Pathogenic,TP,Pathogenic,TP,Pathogenic,TP,Pathogenic,TP,Pathogenic,TP,Pathogenic,TP
HBB:c.320T>A,NM_000518.4:c.320T>A,Missense codons,P/LP,Pathogenic,Pathogenic,TP,Pathogenic,TP,Pathogenic,TP,Pathogenic,TP,Pathogenic,TP,Pathogenic,TP
HBB:c.326A>G,NM_000518.4:c.326A>G,Missense codons,P/LP,Pathogenic,Pathogenic,TP,Benign,FN,NA,NA,Pathogenic,TP,Pathogenic,TP,Pathogenic,TP
HBB:c.327C>A,NM_000518.4:c.327C>A,Missense codons,P/LP,Pathogenic,Pathogenic,TP,Pathogenic,TP,NA,NA,Benign,FN,Pathogenic,TP,Pathogenic,TP
HBB:c.327C>G,NM_000518.4:c.327C>G,Missense codons,P/LP,Pathogenic,Pathogenic,TP,Pathogenic,TP,NA,NA,Benign,FN,Pathogenic,TP,Pathogenic,TP
HBB:c.328G>C,NM_000518.4:c.328G>C,Missense codons,P/LP,Pathogenic,Pathogenic,TP,NA,NA,NA,NA,Benign,FN,Pathogenic,TP,Pathogenic,TP
HBB:c.328G>T,NM_000518.4:c.328G>T,Missense codons,P/LP,Pathogenic,Pathogenic,TP,NA,NA,NA,NA,Benign,FN,Pathogenic,TP,Pathogenic,TP
HBB:c.328G>A,NM_000518.4:c.328G>A,Missense codons,P/LP,Pathogenic,Pathogenic,TP,Benign,FN,NA,NA,Benign,FN,Pathogenic,TP,Benign,FN
HBB:c.337T>C,NM_000518.4:c.337T>C,Missense codons,P/LP,Pathogenic,Benign,FN,Pathogenic,TP,Pathogenic,TP,Benign,FN,Benign,FN,Pathogenic,TP
HBB:c.341T>A,NM_000518.4:c.341T>A,Missense codons,B/LB,Benign,Pathogenic,FP,Pathogenic,FP,Pathogenic,FP,Pathogenic,FP,Pathogenic,FP,Pathogenic,FP
HBB:c.347C>T,NM_000518.4:c.347C>T,Missense codons,P/LP,Pathogenic,Pathogenic,TP,Pathogenic,TP,Pathogenic,TP,Pathogenic,TP,Pathogenic,TP,Pathogenic,TP
HBB:c.338_349dupGTGTGCTGGCCC,NM_000518.4:c.338_349dupGTGTGCTGGCCC,Inframe indels,P/LP,Pathogenic,NA,NA,NA,NA,NA,NA,NA,NA,NA,NA,NA,NA
HBB:c.350A>T,NM_000518.4:c.350A>T,Missense codons,P/LP,Pathogenic,Benign,FN,Benign,FN,NA,NA,Benign,FN,Benign,FN,Benign,FN
HBB:c.351T>A,NM_000518.4:c.351T>A,Missense codons,P/LP,Pathogenic,Benign,FN,Benign,FN,NA,NA,Benign,FN,Benign,FN,Benign,FN
HBB:c.351T>G,NM_000518.4:c.351T>G,Missense codons,P/LP,Pathogenic,Benign,FN,Benign,FN,NA,NA,Benign,FN,Benign,FN,Benign,FN
HBB:c.364G>C,NM_000518.4:c.364G>C,Missense codons,P/LP,Pathogenic,Pathogenic,TP,Benign,FN,NA,NA,Pathogenic,TP,Pathogenic,TP,Pathogenic,TP
HBB:c.364G>A,NM_000518.4:c.364G>A,Missense codons,P/LP,Pathogenic,Pathogenic,TP,NA,NA,NA,NA,Pathogenic,TP,Pathogenic,TP,Pathogenic,TP
HBB:c.367T>C,NM_000518.4:c.367T>C,Missense codons,P/LP,Pathogenic,Pathogenic,TP,Pathogenic,TP,Pathogenic,TP,Pathogenic,TP,Pathogenic,TP,Pathogenic,TP
HBB:c.369C>A,NM_000518.4:c.369C>A,Missense codons,P/LP,Pathogenic,Pathogenic,TP,Pathogenic,TP,Pathogenic,TP,Pathogenic,TP,Pathogenic,TP,Pathogenic,TP
HBB:c.369C>G,NM_000518.4:c.369C>G,Missense codons,P/LP,Pathogenic,Pathogenic,TP,Pathogenic,TP,Pathogenic,TP,Pathogenic,TP,Pathogenic,TP,Pathogenic,TP
HBB:c.368T>C,NM_000518.4:c.368T>C,Missense codons,P/LP,Pathogenic,Pathogenic,TP,Pathogenic,TP,Pathogenic,TP,Pathogenic,TP,Pathogenic,TP,Pathogenic,TP
HBB:c.374C>A,NM_000518.4:c.374C>A,Missense codons,P/LP,Pathogenic,Pathogenic,TP,Pathogenic,TP,NA,NA,Pathogenic,TP,Pathogenic,TP,Pathogenic,TP
HBB:c.374C>T,NM_000518.4:c.374C>T,Missense codons,P/LP,Pathogenic,Pathogenic,TP,NA,NA,NA,NA,Pathogenic,TP,Pathogenic,TP,Pathogenic,TP
HBB:c.374C>G,NM_000518.4:c.374C>G,Missense codons,B/LB,Benign,Pathogenic,FP,Pathogenic,FP,Pathogenic,FP,Pathogenic,FP,Pathogenic,FP,Pathogenic,FP
HBB:c.380T>A,NM_000518.4:c.380T>A,Missense codons,P/LP,Pathogenic,Pathogenic,TP,NA,NA,Pathogenic,TP,Benign,FN,Benign,FN,Pathogenic,TP
HBB:c.380T>G,NM_000518.4:c.380T>G,Missense codons,P/LP,Pathogenic,Pathogenic,TP,Benign,FN,NA,NA,Benign,FN,Pathogenic,TP,Pathogenic,TP
HBB:c.385G>C,NM_000518.4:c.385G>C,Missense codons,P/LP,Pathogenic,Pathogenic,TP,Pathogenic,TP,Pathogenic,TP,Pathogenic,TP,Pathogenic,TP,Pathogenic,TP
HBB:c.388G>C,NM_000518.4:c.388G>C,Missense codons,P/LP,Pathogenic,Pathogenic,TP,Pathogenic,TP,Pathogenic,TP,Pathogenic,TP,Pathogenic,TP,Pathogenic,TP
HBB:c.392A>G,NM_000518.4:c.392A>G,Missense codons,P/LP,Pathogenic,Pathogenic,TP,NA,NA,Pathogenic,TP,Benign,FN,Pathogenic,TP,Pathogenic,TP
HBB:c.392A>C,NM_000518.4:c.392A>C,Missense codons,P/LP,Pathogenic,Pathogenic,TP,Pathogenic,TP,Pathogenic,TP,Benign,FN,Benign,FN,Pathogenic,TP
HBB:c.404T>A,NM_000518.4:c.404T>A,Missense codons,P/LP,Pathogenic,Pathogenic,TP,Pathogenic,TP,Pathogenic,TP,Pathogenic,TP,Pathogenic,TP,Pathogenic,TP
HBB:c.406G>C,NM_000518.4:c.406G>C,Missense codons,P/LP,Pathogenic,Pathogenic,TP,Pathogenic,TP,NA,NA,Pathogenic,TP,Pathogenic,TP,Pathogenic,TP
HBB:c.410G>A,NM_000518.4:c.410G>A,Missense codons,P/LP,Pathogenic,Pathogenic,TP,Pathogenic,TP,Pathogenic,TP,Pathogenic,TP,Pathogenic,TP,Pathogenic,TP
HBB:c.415G>C,NM_000518.4:c.415G>C,Missense codons,P/LP,Pathogenic,Pathogenic,TP,Pathogenic,TP,Pathogenic,TP,Pathogenic,TP,Pathogenic,TP,Pathogenic,TP
HBB:c.418A>T,NM_000518.4:c.418A>T,Missense codons,P/LP,Pathogenic,Pathogenic,TP,Benign,FN,NA,NA,Benign,FN,Pathogenic,TP,Pathogenic,TP
HBB:c.421G>A,NM_000518.4:c.421G>A,Missense codons,P/LP,Pathogenic,Pathogenic,TP,Pathogenic,TP,NA,NA,Pathogenic,TP,Pathogenic,TP,Pathogenic,TP
HBB:c.422C>T,NM_000518.4:c.422C>T,Missense codons,P/LP,Pathogenic,Pathogenic,TP,Pathogenic,TP,NA,NA,Pathogenic,TP,Pathogenic,TP,Pathogenic,TP
HBB:c.424_426delCTG,NM_000518.4:c.424_426delCTG,Inframe indels,P/LP,Pathogenic,NA,NA,NA,NA,NA,NA,NA,NA,NA,NA,NA,NA
HBB:c.425_433delTGGCCCACA,NM_000518.4:c.425_433delTGGCCCACA,Inframe indels,P/LP,Pathogenic,NA,NA,NA,NA,NA,NA,NA,NA,NA,NA,NA,NA
HBB:c.429_430delCC,NM_000518.4:c.429_430delCC,Frameshift,P/LP,Pathogenic,NA,NA,NA,NA,NA,NA,NA,NA,NA,NA,NA,NA
HBB:c.427G>C,NM_000518.4:c.427G>C,Missense codons,P/LP,Pathogenic,Pathogenic,TP,Pathogenic,TP,Pathogenic,TP,Pathogenic,TP,Pathogenic,TP,Pathogenic,TP
HBB:c.428C>A,NM_000518.4:c.428C>A,Missense codons,P/LP,Pathogenic,Pathogenic,TP,Pathogenic,TP,NA,NA,Pathogenic,TP,Pathogenic,TP,Pathogenic,TP
HBB:c.431delA,NM_000518.4:c.431delA,Frameshift,P/LP,Pathogenic,NA,NA,NA,NA,NA,NA,NA,NA,NA,NA,NA,NA
HBB:c.430C>G,NM_000518.4:c.430C>G,Missense codons,P/LP,Pathogenic,Pathogenic,TP,Pathogenic,TP,NA,NA,Pathogenic,TP,Pathogenic,TP,Pathogenic,TP
HBB:c.430C>T,NM_000518.4:c.430C>T,Missense codons,P/LP,Pathogenic,Pathogenic,TP,Benign,FN,NA,NA,Pathogenic,TP,Pathogenic,TP,Benign,FN
HBB:c.431A>T,NM_000518.4:c.431A>T,Missense codons,P/LP,Pathogenic,Pathogenic,TP,NA,NA,NA,NA,Pathogenic,TP,Benign,FN,Pathogenic,TP
HBB:c.431A>G,NM_000518.4:c.431A>G,Missense codons,P/LP,Pathogenic,Pathogenic,TP,Benign,FN,NA,NA,Pathogenic,TP,Pathogenic,TP,Benign,FN
HBB:c.431A>C,NM_000518.4:c.431A>C,Missense codons,P/LP,Pathogenic,Pathogenic,TP,Pathogenic,TP,Pathogenic,TP,Pathogenic,TP,Benign,FN,Pathogenic,TP
HBB:c.432C>A,NM_000518.4:c.432C>A,Missense codons,P/LP,Pathogenic,Pathogenic,TP,NA,NA,NA,NA,Pathogenic,TP,Pathogenic,TP,Pathogenic,TP
HBB:c.432C>G,NM_000518.4:c.432C>G,Missense codons,P/LP,Pathogenic,Pathogenic,TP,NA,NA,NA,NA,Pathogenic,TP,Pathogenic,TP,Pathogenic,TP
HBB:c.434delA,NM_000518.4:c.434delA,Frameshift,P/LP,Pathogenic,NA,NA,NA,NA,NA,NA,NA,NA,NA,NA,NA,NA
HBB:c.433A>G,NM_000518.4:c.433A>G,Missense codons,P/LP,Pathogenic,Pathogenic,TP,Pathogenic,TP,NA,NA,Pathogenic,TP,Pathogenic,TP,Benign,FN
HBB:c.434A>T,NM_000518.4:c.434A>T,Missense codons,P/LP,Pathogenic,Pathogenic,TP,Pathogenic,TP,NA,NA,Pathogenic,TP,Pathogenic,TP,Pathogenic,TP
HBB:c.435G>C,NM_000518.4:c.435G>C,Missense codons,P/LP,Pathogenic,Pathogenic,TP,Pathogenic,TP,NA,NA,Benign,FN,Pathogenic,TP,Pathogenic,TP
HBB:c.435G>T,NM_000518.4:c.435G>T,Missense codons,P/LP,Pathogenic,Pathogenic,TP,Pathogenic,TP,NA,NA,Benign,FN,Pathogenic,TP,Pathogenic,TP
HBB:c.436_437insCT,NM_000518.4:c.436_437insCT,Inframe indels,P/LP,Pathogenic,NA,NA,NA,NA,NA,NA,NA,NA,NA,NA,NA,NA
HBB:c.436T>A,NM_000518.4:c.436T>A,Missense codons,P/LP,Pathogenic,Pathogenic,TP,Pathogenic,TP,Pathogenic,TP,Pathogenic,TP,Pathogenic,TP,Pathogenic,TP
HBB:c.436T>C,NM_000518.4:c.436T>C,Missense codons,P/LP,Pathogenic,Pathogenic,TP,Pathogenic,TP,Pathogenic,TP,Pathogenic,TP,Pathogenic,TP,Pathogenic,TP
HBB:c.436T>G,NM_000518.4:c.436T>G,Missense codons,P/LP,Pathogenic,Pathogenic,TP,Pathogenic,TP,Pathogenic,TP,Pathogenic,TP,Pathogenic,TP,Pathogenic,TP
HBB:c.437A>G,NM_000518.4:c.437A>G,Missense codons,P/LP,Pathogenic,Pathogenic,TP,Pathogenic,TP,Pathogenic,TP,Pathogenic,TP,Pathogenic,TP,Pathogenic,TP
HBB:c.438T>A,NM_000518.4:c.438T>A,Stop gained,P/LP,Pathogenic,Pathogenic,TP,NA,NA,NA,NA,Pathogenic,TP,Pathogenic,TP,NA,NA
HBB:c.439C>G,NM_000518.4:c.439C>G,Missense codons,P/LP,Pathogenic,Pathogenic,TP,Pathogenic,TP,Pathogenic,TP,Pathogenic,TP,Pathogenic,TP,Pathogenic,TP
HBB:c.439C>T,NM_000518.4:c.439C>T,Missense codons,P/LP,Pathogenic,Pathogenic,TP,NA,NA,NA,NA,Pathogenic,TP,Pathogenic,TP,Pathogenic,TP
HBB:c.440A>C,NM_000518.4:c.440A>C,Missense codons,P/LP,Pathogenic,Pathogenic,TP,Pathogenic,TP,Pathogenic,TP,Pathogenic,TP,Pathogenic,TP,Pathogenic,TP
HBB:c.440A>T,NM_000518.4:c.440A>T,Missense codons,P/LP,Pathogenic,Pathogenic,TP,Pathogenic,TP,Pathogenic,TP,Pathogenic,TP,Pathogenic,TP,Pathogenic,TP
HBB:c.441C>G,NM_000518.4:c.441C>G,Missense codons,P/LP,Pathogenic,Pathogenic,TP,Pathogenic,TP,NA,NA,Pathogenic,TP,Pathogenic,TP,Pathogenic,TP
HBB:c.441C>A,NM_000518.4:c.441C>A,Missense codons,P/LP,Pathogenic,Pathogenic,TP,Pathogenic,TP,NA,NA,Pathogenic,TP,Pathogenic,TP,Pathogenic,TP
HBB:c.440_441dupAC,NM_000518.4:c.440_441dupAC,Stop lost,P/LP,Pathogenic,NA,NA,NA,NA,NA,NA,NA,NA,NA,NA,NA,NA
HBB:c.442_443dupTA,NM_000518.4:c.442_443dupTA,Stop lost,P/LP,Pathogenic,NA,NA,NA,NA,NA,NA,NA,NA,NA,NA,NA,NA
HBA2:c.353T>C,NM_000517.4:c.353T>C,Missense codons,P/LP,Pathogenic,Pathogenic,TP,NA,NA,Pathogenic,TP,Pathogenic,TP,Pathogenic,TP,Pathogenic,TP
HBB:c.430delC,NM_000518.4:c.430delC,Frameshift,P/LP,Pathogenic,NA,NA,NA,NA,NA,NA,NA,NA,NA,NA,NA,NA
NG_000007.3:g.70076C>T,NG_000007.3:g.70076C>T,missense codons,B/LB,Benign,Benign,TN,NA,NA,NA,NA,NA,NA,NA,NA,NA,NA
NG_000007.3:g.70205C>T,NG_000007.3:g.70205C>T,Missense codons,B/LB,Benign,Benign,TN,NA,NA,NA,NA,NA,NA,NA,NA,NA,NA
NG_000007.3:g.70491G>A,NG_000007.3:g.70491G>A,Promoter,B/LB,Benign,Pathogenic,FP,NA,NA,NA,NA,NA,NA,NA,NA,NA,NA
NG_000007.3:g.70503C>G,NG_000007.3:g.70503C>G,Promoter,B/LB,Benign,Pathogenic,FP,NA,NA,NA,NA,NA,NA,NA,NA,NA,NA
NG_000007.3:g.70603T>C,NG_000007.3:g.70603T>C,Synonymous substitution,B/LB,Benign,Benign,TN,NA,NA,NA,NA,NA,NA,NA,NA,NA,NA
NG_000007.3:g.70684C>G,NG_000007.3:g.70684C>G,Synonymous substitution,B/LB,Benign,Pathogenic,FP,NA,NA,NA,NA,NA,NA,NA,NA,NA,NA
NG_000007.3:g.70702A>C,NG_000007.3:g.70702A>C,missense codons,B/LB,Benign,Benign,TN,NA,NA,NA,NA,NA,NA,NA,NA,NA,NA
HBB:c.93-40C>T,NM_000518.4:c.93-40C>T,Missense codons,B/LB,Benign,Benign,TN,NA,NA,NA,NA,NA,NA,NA,NA,NA,NA
NG_000007.3:g.70779G>A,NG_000007.3:g.70779G>A,missense codons,B/LB,Benign,Benign,TN,NA,NA,NA,NA,NA,NA,NA,NA,NA,NA
NG_000007.3:g.70832C>T,NG_000007.3:g.70832C>T,Synonymous substitution,B/LB,Benign,Benign,TN,NA,NA,NA,NA,NA,NA,NA,NA,NA,NA
NG_000007.3:g.70877T>A,NG_000007.3:g.70877T>A,Synonymous substitution,B/LB,Benign,Benign,TN,NA,NA,NA,NA,NA,NA,NA,NA,NA,NA
HBB:c.180G>A,NM_000518.4:c.180G>A,Synonymous substitution,B/LB,Benign,Benign,TN,NA,NA,NA,NA,NA,NA,NA,NA,NA,NA
NG_000007.3:g.70991G>C,NG_000007.3:g.70991G>C,Synonymous substitution,B/LB,Benign,Benign,TN,NA,NA,NA,NA,NA,NA,NA,NA,NA,NA
NG_000007.3:g.71065T>G,NG_000007.3:g.71065T>G,Missense codons,B/LB,Benign,Benign,TN,NA,NA,NA,NA,NA,NA,NA,NA,NA,NA
HBB:c.315+74T>G,NM_000518.4:c.315+74T>G,Missense codons,B/LB,Benign,Benign,TN,NA,NA,NA,NA,NA,NA,NA,NA,NA,NA
NG_000007.3:g.71299A>G,NG_000007.3:g.71299A>G,Missense codons,B/LB,Benign,Benign,TN,NA,NA,NA,NA,NA,NA,NA,NA,NA,NA
HBB:c.316-185C>T,NM_000518.4:c.316-185C>T,Missense codons,B/LB,Benign,Benign,TN,NA,NA,NA,NA,NA,NA,NA,NA,NA,NA
NG_000007.3:g.71943C>T,NG_000007.3:g.71943C>T,Synonymous substitution,B/LB,Benign,Benign,TN,NA,NA,NA,NA,NA,NA,NA,NA,NA,NA
NG_000007.3:g.71994T>C,NG_000007.3:g.71994T>C,Synonymous substitution,B/LB,Benign,Benign,TN,NA,NA,NA,NA,NA,NA,NA,NA,NA,NA
NG_000007.3:g.72022C>T,NG_000007.3:g.72022C>T,missense codons,B/LB,Benign,Benign,TN,NA,NA,NA,NA,NA,NA,NA,NA,NA,NA
NG_000007.3:g.72085C>T,NG_000007.3:g.72085C>T,Missense codons,B/LB,Benign,Benign,TN,NA,NA,NA,NA,NA,NA,NA,NA,NA,NA
HBB:c.*104G>A,NM_000518.4:c.*104G>A,Missense codons,B/LB,Benign,Pathogenic,FP,NA,NA,NA,NA,NA,NA,NA,NA,NA,NA
NG_000007.3:g.72153T>A,NG_000007.3:g.72153T>A,missense codons,B/LB,Benign,Benign,TN,NA,NA,NA,NA,NA,NA,NA,NA,NA,NA
NG_000007.3:g.70474C>T,NG_000007.3:g.70474C>T,Promoter,P/LP,Pathogenic,Pathogenic,TP,NA,NA,NA,NA,NA,NA,NA,NA,NA,NA
HBB:c.-91A>C,NM_000518.4:c.-91A>C,Promoter,P/LP,Pathogenic,Pathogenic,TP,NA,NA,NA,NA,NA,NA,NA,NA,NA,NA
HBB:c.74delG,NM_000518.4:c.74delG,Frameshift,P/LP,Pathogenic,NA,NA,NA,NA,NA,NA,NA,NA,NA,NA,NA,NA
HBB:c.-76A>C,NM_000518.4:c.-76A>C,Promoter,P/LP,Pathogenic,Pathogenic,TP,NA,NA,NA,NA,NA,NA,NA,NA,NA,NA
NG_000007.3:g.70583C>T,NG_000007.3:g.70583C>T,5'UTR,P/LP,Pathogenic,Pathogenic,TP,NA,NA,NA,NA,NA,NA,NA,NA,NA,NA
HBB:*32A>C,NM_000518.4:*32A>C,Other 3'UTR site,P/LP,Pathogenic,Benign,FN,NA,NA,NA,NA,NA,NA,NA,NA,NA,NA
HBB:c.-138C>G,NM_000518.4:c.-138C>G,Promoter,P/LP,Pathogenic,Pathogenic,TP,NA,NA,NA,NA,NA,NA,NA,NA,NA,NA
HBB:c.-80T>G,NM_000518.4:c.-80T>G,Promoter,P/LP,Pathogenic,Pathogenic,TP,NA,NA,NA,NA,NA,NA,NA,NA,NA,NA
HBB:c.18_19delTG,NM_000518.4:c.18_19delTG,Frameshift,P/LP,Pathogenic,NA,NA,NA,NA,NA,NA,NA,NA,NA,NA,NA,NA
HBB:c.219dupT,NM_000518.4:c.219dupT,Stop gained,P/LP,Pathogenic,NA,NA,NA,NA,NA,NA,NA,NA,NA,NA,NA,NA
HBB:c.315+2_315+13delTGAGTCTATGGG,NM_000518.4:c.315+2_315+13delTGAGTCTATGGG,Splice region variant; Splice donor,P/LP,Pathogenic,NA,NA,NA,NA,NA,NA,NA,NA,NA,NA,NA,NA
HBB:c.20_45del26bp,NM_000518.4:c.20_45del26bp,Frameshift,P/LP,Pathogenic,NA,NA,NA,NA,NA,NA,NA,NA,NA,NA,NA,NA
HBB:c.27_28insAGAA,NM_000518.4:c.27_28insAGAA,Frameshift,P/LP,Pathogenic,NA,NA,NA,NA,NA,NA,NA,NA,NA,NA,NA,NA
HBB:c.146delT,NM_000518.4:c.146delT,Frameshift,P/LP,Pathogenic,NA,NA,NA,NA,NA,NA,NA,NA,NA,NA,NA,NA
HBB:c.201delA,NM_000518.4:c.201delA,Frameshift,P/LP,Pathogenic,NA,NA,NA,NA,NA,NA,NA,NA,NA,NA,NA,NA
HBB:c.210delT,NM_000518.4:c.210delT,Frameshift,P/LP,Pathogenic,NA,NA,NA,NA,NA,NA,NA,NA,NA,NA,NA,NA
HBB:c.323_334delGGCAACGTGCTGG,NM_000518.4:c.323_334delGGCAACGTGCTGG,Inframe indels,P/LP,Pathogenic,NA,NA,NA,NA,NA,NA,NA,NA,NA,NA,NA,NA
HBB:c.339_345dupTGTGCTG,NM_000518.4:c.339_345dupTGTGCTG,Frameshift,P/LP,Pathogenic,NA,NA,NA,NA,NA,NA,NA,NA,NA,NA,NA,NA
HBB:c.354delC,NM_000518.4:c.354delC,Frameshift,P/LP,Pathogenic,NA,NA,NA,NA,NA,NA,NA,NA,NA,NA,NA,NA
HBB:c.375dupA,NM_000518.4:c.375dupA,Frameshift,P/LP,Pathogenic,NA,NA,NA,NA,NA,NA,NA,NA,NA,NA,NA,NA
HBB:c.377_382delCAGTGC,NM_000518.4:c.377_382delCAGTGC,Inframe indels,P/LP,Pathogenic,NA,NA,NA,NA,NA,NA,NA,NA,NA,NA,NA,NA
HBB:c.393T>A,NM_000518.4:c.393T>A,Stop gained,P/LP,Pathogenic,Pathogenic,TP,NA,NA,NA,NA,Benign,FN,Pathogenic,TP,NA,NA
HBB:c.395dupA,NM_000518.4:c.395dupA,Frameshift,P/LP,Pathogenic,NA,NA,NA,NA,NA,NA,NA,NA,NA,NA,NA,NA
HBB:c.316-86_316-85insCTGCTTTTATTTT,NM_000518.4:c.316-86_316-85insCTGCTTTTATTTT,Cryptic splice site,P/LP,Pathogenic,NA,NA,NA,NA,NA,NA,NA,NA,NA,NA,NA,NA
HBA1:c.-9G>C,NM_000558.5:c.-9G>C,5'UTR,B/LB,Benign,Benign,TN,NA,NA,NA,NA,NA,NA,NA,NA,NA,NA
HBA1:c.95+4A>G,NM_000558.5:c.95+4A>G,Splice region variant,P/LP,Pathogenic,Pathogenic,TP,NA,NA,NA,NA,NA,NA,NA,NA,NA,NA
HBA1:c.62_63insT,NM_000558.5:c.62_63insT,Frameshift,P/LP,Pathogenic,Pathogenic,TP,NA,NA,NA,NA,NA,NA,NA,NA,NA,NA
HBA2:c.27delC,NM_000517.4:c.27delC,Frameshift,P/LP,Pathogenic,NA,NA,NA,NA,NA,NA,NA,NA,NA,NA,NA,NA
HBA2:c.75T>G,NM_000517.4:c.75T>G,Stop gained,P/LP,Pathogenic,Pathogenic,TP,NA,NA,NA,NA,Benign,FN,Pathogenic,TP,NA,NA
HBA2:c.98T>G,NM_000517.4:c.98T>G,Splice region variant; Missense codons,P/LP,Pathogenic,Pathogenic,TP,NA,NA,Pathogenic,TP,Pathogenic,TP,Benign,FN,Pathogenic,TP
HBA2:c.94A>C,NM_000517.4:c.94A>C,"Cryptic splice site, Synonymous substitution",P/LP,Pathogenic,Pathogenic,TP,NA,NA,NA,NA,NA,NA,NA,NA,NA,NA
HBA2:c.112delC,NM_000517.4:c.112delC,Frameshift,P/LP,Pathogenic,NA,NA,NA,NA,NA,NA,NA,NA,NA,NA,NA,NA
HBA2:c.131delT,NM_000517.4:c.131delT,Frameshift,P/LP,Pathogenic,NA,NA,NA,NA,NA,NA,NA,NA,NA,NA,NA,NA
HBA2:c.132delC,NM_000517.4:c.132delC,Frameshift,P/LP,Pathogenic,NA,NA,NA,NA,NA,NA,NA,NA,NA,NA,NA,NA
HBA2:c.143delA,NM_000517.4:c.143delA,Frameshift,P/LP,Pathogenic,NA,NA,NA,NA,NA,NA,NA,NA,NA,NA,NA,NA
HBA2:c.156_157insG,NM_000517.4:c.156_157insG,Frameshift,P/LP,Pathogenic,NA,NA,NA,NA,NA,NA,NA,NA,NA,NA,NA,NA
HBA2:c.190_231del,NM_000517.4:c.190_231del,Inframe indels,P/LP,Pathogenic,NA,NA,NA,NA,NA,NA,NA,NA,NA,NA,NA,NA
HBA2:c.244delT,NM_000517.4:c.244delT,Frameshift,P/LP,Pathogenic,NA,NA,NA,NA,NA,NA,NA,NA,NA,NA,NA,NA
HBA2:c.305T>C,NM_000517.4:c.305T>C,Missense codons,P/LP,Pathogenic,Pathogenic,TP,NA,NA,Pathogenic,TP,Pathogenic,TP,Pathogenic,TP,Pathogenic,TP
HBA2:c.349_359delGAGTTCACCCC,NM_000517.4:c.349_359delGAGTTCACCCC,Frameshift,P/LP,Pathogenic,NA,NA,NA,NA,NA,NA,NA,NA,NA,NA,NA,NA
HBA1:c.301-3C>G,NM_000558.5:c.301-3C>G,Splice region variant,P/LP,Pathogenic,Pathogenic,TP,NA,NA,NA,NA,NA,NA,NA,NA,NA,NA
HBA1:c.333_345delCGCCCACCTCCCC,NM_000558.5:c.333_345delCGCCCACCTCCCC,Frameshift,P/LP,Pathogenic,NA,NA,NA,NA,NA,NA,NA,NA,NA,NA,NA,NA
HBA1:c.*96G>A,NM_000558.5:c.*96G>A,RNA cleavage - Poly(A) signal,P/LP,Pathogenic,Pathogenic,TP,NA,NA,NA,NA,NA,NA,NA,NA,NA,NA
HBA2:c.*46C>A,NM_000517.4:c.*46C>A,Other 3'UTR site,P/LP,Pathogenic,Benign,FN,NA,NA,NA,NA,NA,NA,NA,NA,NA,NA
HBA2:c.*107A>G,NM_000517.4:c.*107A>G,Other 3'UTR site,B/LB,Benign,Benign,TN,NA,NA,NA,NA,NA,NA,NA,NA,NA,NA
HBB:c.308insTC,NM_000518.4:c.308insTC,Frameshift,P/LP,Pathogenic,NA,NA,NA,NA,NA,NA,NA,NA,NA,NA,NA,NA
HBB:c.420dupT,NM_000518.4:c.420dupT,Frameshift,P/LP,Pathogenic,NA,NA,NA,NA,NA,NA,NA,NA,NA,NA,NA,NA
HBB:c.424C>G,NM_000518.4:c.424C>G,Missense codons,P/LP,Pathogenic,Pathogenic,TP,Pathogenic,TP,NA,NA,Pathogenic,TP,Pathogenic,TP,Pathogenic,TP
HBA1:c.62A>C,NM_000558.5:c.62A>C,Missense codons,P/LP,Pathogenic,Pathogenic,TP,Benign,FN,NA,NA,Pathogenic,TP,Benign,FN,Pathogenic,TP
HBB:c.428C>T,NM_000518.4:c.428C>T,Missense codons,P/LP,Pathogenic,Pathogenic,TP,Pathogenic,TP,NA,NA,Pathogenic,TP,Pathogenic,TP,Pathogenic,TP
HBB:c.53A>T,NM_000518.4:c.53A>T,Missense codons,P/LP,Pathogenic,Pathogenic,TP,NA,NA,Pathogenic,TP,Pathogenic,TP,Pathogenic,TP,Pathogenic,TP
HBA2:c.4G>C,NM_000517.4:c.4G>C,Missense codons,P/LP,Pathogenic,Pathogenic,TP,NA,NA,Benign,FN,Pathogenic,TP,Benign,FN,Pathogenic,TP
HBA2:c.264C>G,NM_000517.4:c.264C>G,Missense codons,P/LP,Pathogenic,Pathogenic,TP,NA,NA,NA,NA,Pathogenic,TP,Pathogenic,TP,Pathogenic,TP
HBA2: c.274C>T,NM_000517.4: c.274C>T,Missense codons,P/LP,Pathogenic,Pathogenic,TP,NA,NA,NA,NA,Pathogenic,TP,Pathogenic,TP,Pathogenic,TP
HBA1:c.63C>A,NM_000558.5:c.63C>A,Missense codons,B/LB,Benign,Benign,TN,Benign,TN,Benign,TN,Benign,TN,Benign,TN,Benign,TN
HBB:c.69A>T,NM_000518.4:c.69A>T,Missense codons,B/LB,Benign,Benign,TN,Benign,TN,Benign,TN,Benign,TN,Benign,TN,Benign,TN
HBB:c.106T>C,NM_000518.4:c.106T>C,Missense codons,B/LB,Benign,Pathogenic,FP,Pathogenic,FP,Pathogenic,FP,Pathogenic,FP,Pathogenic,FP,Pathogenic,FP
HBB:c.128T>G,NM_000518.4:c.128T>G,Missense codons,P/LP,Pathogenic,Pathogenic,TP,Pathogenic,TP,Pathogenic,TP,Pathogenic,TP,Pathogenic,TP,Pathogenic,TP
HBA2:c.350A>T,NM_000517.4:c.350A>T,Missense codons,B/LB,Benign,Pathogenic,FP,NA,NA,Benign,TN,Benign,TN,Benign,TN,Benign,TN
HBA2:c.382A>G,NM_000517.4:c.382A>G,Missense codons,B/LB,Benign,Pathogenic,FP,NA,NA,Pathogenic,FP,Pathogenic,FP,Pathogenic,FP,Pathogenic,FP
HBA1:c.315C>G,NM_000558.5:c.315C>G,Missense codons,P/LP,Pathogenic,Pathogenic,TP,Pathogenic,TP,Pathogenic,TP,Pathogenic,TP,Pathogenic,TP,Pathogenic,TP
HBA2:c.368A>T,NM_000517.4:c.368A>T,Missense codons,P/LP,Pathogenic,Pathogenic,TP,NA,NA,Pathogenic,TP,Pathogenic,TP,Benign,FN,Pathogenic,TP
HBA2:c.8T>C,NM_000517.4:c.8T>C,Missense codons,P/LP,Pathogenic,Pathogenic,TP,NA,NA,Pathogenic,TP,Pathogenic,TP,Pathogenic,TP,Pathogenic,TP
HBB:c.433A>T,NM_000518.4:c.433A>T,Stop gained,P/LP,Pathogenic,Pathogenic,TP,NA,NA,NA,NA,Pathogenic,TP,Pathogenic,TP,NA,NA
HBA2:c.265G>A,NM_000517.4:c.265G>A,Missense codons,P/LP,Pathogenic,Pathogenic,TP,NA,NA,NA,NA,Pathogenic,TP,Pathogenic,TP,Pathogenic,TP
HBA2:c.259C>G,NM_000517.4:c.259C>G,Missense codons,P/LP,Pathogenic,Pathogenic,TP,NA,NA,Benign,FN,Pathogenic,TP,Pathogenic,TP,Pathogenic,TP
HBA2:c.140T>C,NM_000517.4:c.140T>C,Missense codons,P/LP,Pathogenic,Pathogenic,TP,NA,NA,NA,NA,Pathogenic,TP,Pathogenic,TP,Pathogenic,TP
HBA1:c.98T>A,NM_000558.5:c.98T>A,Splice region variant; Missense codons,B/LB,Benign,Pathogenic,FP,Pathogenic,FP,Pathogenic,FP,Pathogenic,FP,Benign,TN,Pathogenic,FP
HBA1:c.40G>A,NM_000558.5:c.40G>A,Missense codons,B/LB,Benign,Benign,TN,Benign,TN,Benign,TN,Benign,TN,Benign,TN,Benign,TN
HBB:c.119delA,NM_000518.4:c.119delA,Frameshift,P/LP,Pathogenic,NA,NA,NA,NA,NA,NA,NA,NA,NA,NA,NA,NA
HBB:c.149_167delinsAGCT,NM_000518.4:c.149_167delinsAGCT,Frameshift,P/LP,Pathogenic,NA,NA,NA,NA,NA,NA,NA,NA,NA,NA,NA,NA
HBB:c.301C>T,NM_000518.4:c.301C>T,Missense codons,P/LP,Pathogenic,Pathogenic,TP,Pathogenic,TP,Pathogenic,TP,Pathogenic,TP,Pathogenic,TP,Pathogenic,TP
HBA1:c.299A>T,NM_000558.5:c.299A>T,Splice region variant; Missense codons,P/LP,Pathogenic,Pathogenic,TP,Pathogenic,TP,NA,NA,Pathogenic,TP,Benign,FN,Pathogenic,TP
HBA2:c.313T>C,NM_000517.4:c.313T>C,Missense codons,P/LP,Pathogenic,Pathogenic,TP,NA,NA,Pathogenic,TP,Pathogenic,TP,Pathogenic,TP,Pathogenic,TP
HBA2:c.299A>G,NM_000517.4:c.299A>G,Splice region variant; Missense codons,P/LP,Pathogenic,Pathogenic,TP,NA,NA,Benign,FN,Pathogenic,TP,Pathogenic,TP,Pathogenic,TP
HBA2:c.40_45delGCCTGG,NM_000517.4:c.40_45delGCCTGG,Inframe indels,P/LP,Pathogenic,NA,NA,NA,NA,NA,NA,NA,NA,NA,NA,NA,NA
HBA2:c.323delT,NM_000517.4:c.323delT,Frameshift,P/LP,Pathogenic,NA,NA,NA,NA,NA,NA,NA,NA,NA,NA,NA,NA
HBA2:c.69_77delCGAGTATGG,NM_000517.4:c.69_77delCGAGTATGG,Inframe indels,P/LP,Pathogenic,NA,NA,NA,NA,NA,NA,NA,NA,NA,NA,NA,NA
HBB:c.241_243delAAC,NM_000518.4:c.241_243delAAC,Inframe indels,P/LP,Pathogenic,NA,NA,NA,NA,NA,NA,NA,NA,NA,NA,NA,NA
HBA1:c.96-2A>G,NM_000558.5:c.96-2A>G,Splice acceptor,P/LP,Pathogenic,Pathogenic,TP,NA,NA,NA,NA,NA,NA,NA,NA,NA,NA
HBA2:c.154G>A,NM_000517.4:c.154G>A,Missense codons,B/LB,Benign,Pathogenic,FP,NA,NA,NA,NA,Pathogenic,FP,Pathogenic,FP,Pathogenic,FP
HBA2:c.2T>G,NM_000517.4:c.2T>G,Initiation codon,P/LP,Pathogenic,Pathogenic,TP,NA,NA,Pathogenic,TP,Pathogenic,TP,Benign,FN,Pathogenic,TP
HBB:c.127T>A,NM_000518.4:c.127T>A,Missense codons,P/LP,Pathogenic,Pathogenic,TP,Pathogenic,TP,Pathogenic,TP,Pathogenic,TP,Pathogenic,TP,Pathogenic,TP
HBB:c.216delT,NM_000518.4:c.216delT,Frameshift,P/LP,Pathogenic,NA,NA,NA,NA,NA,NA,NA,NA,NA,NA,NA,NA
HBB:c.*233G>C,NM_000518.4:c.*233G>C,Downstream transcript variant,P/LP,Pathogenic,Benign,FN,NA,NA,NA,NA,NA,NA,NA,NA,NA,NA
HBA2:c.60delG,NM_000517.4:c.60delG,Frameshift,P/LP,Pathogenic,Pathogenic,TP,NA,NA,NA,NA,NA,NA,NA,NA,NA,NA
HBA1:c.298A>T,NM_000558.5:c.298A>T,Splice region variant; Stop gained,P/LP,Pathogenic,Pathogenic,TP,NA,NA,NA,NA,Pathogenic,TP,Pathogenic,TP,NA,NA
HBA1:c.134_135insC,NM_000558.5:c.134_135insC,Frameshift,P/LP,Pathogenic,NA,NA,NA,NA,NA,NA,NA,NA,NA,NA,NA,NA
HBA2:c.22A>T,NM_000517.4:c.22A>T,Stop gained,P/LP,Pathogenic,Pathogenic,TP,NA,NA,NA,NA,Pathogenic,TP,Pathogenic,TP,NA,NA
HBA2:c.274C>A,NM_000517.4:c.274C>A,Missense codons,P/LP,Pathogenic,Pathogenic,TP,NA,NA,Benign,FN,Pathogenic,TP,Pathogenic,TP,Pathogenic,TP
HBA2:c.388delC,NM_000517.4:c.388delC,Frameshift,P/LP,Pathogenic,NA,NA,NA,NA,NA,NA,NA,NA,NA,NA,NA,NA
HBA2:c.-24C>G,NM_000517.4:c.-24C>G,5'UTR,B/LB,Benign,Benign,TN,NA,NA,NA,NA,NA,NA,NA,NA,NA,NA
HBA2:c.94A>G,NM_000517.4:c.94A>G,Splice region variant; Missense codons,P/LP,Pathogenic,Pathogenic,TP,NA,NA,Pathogenic,TP,Pathogenic,TP,Pathogenic,TP,Pathogenic,TP
HBA2:c.75T>A,NM_000517.4:c.75T>A,Stop gained,P/LP,Pathogenic,Pathogenic,TP,NA,NA,NA,NA,Benign,FN,Pathogenic,TP,NA,NA
HBA2:c.123delG,NM_000517.4:c.123delG,Frameshift,P/LP,Pathogenic,NA,NA,NA,NA,NA,NA,NA,NA,NA,NA,NA,NA
HBB:c.-35A>G,NM_000518.4:c.-35A>G,5'UTR,B/LB,Benign,Pathogenic,FP,NA,NA,NA,NA,NA,NA,NA,NA,NA,NA
HBB:c.316-373C>A,NM_000518.4:c.316-373C>A,Missense codons,B/LB,Benign,Benign,TN,NA,NA,NA,NA,NA,NA,NA,NA,NA,NA
HBB:c.*182G>A,NM_000518.4:c.*182G>A,Downstream transcript variant,B/LB,Benign,Benign,TN,NA,NA,NA,NA,NA,NA,NA,NA,NA,NA
HBA1:c.38C>A,NM_000558.5:c.38C>A,Missense codons,B/LB,Benign,Pathogenic,FP,Benign,TN,Benign,TN,Benign,TN,Benign,TN,Pathogenic,FP
HBA1:c.142G>C,NM_000558.5:c.142G>C,Missense codons,B/LB,Benign,Pathogenic,FP,Pathogenic,FP,NA,NA,Pathogenic,FP,Pathogenic,FP,Pathogenic,FP
HBA1:c.226G>T,NM_000558.5:c.226G>T,Missense codons,B/LB,Benign,Pathogenic,FP,Pathogenic,FP,NA,NA,Benign,TN,Benign,TN,Pathogenic,FP
HBA1:c.233C>A,NM_000558.5:c.233C>A,Missense codons,B/LB,Benign,Pathogenic,FP,NA,NA,Benign,TN,Benign,TN,Pathogenic,FP,Pathogenic,FP
HBA1:c.237C>G,NM_000558.5:c.237C>G,Missense codons,B/LB,Benign,Benign,TN,Benign,TN,Benign,TN,Benign,TN,Benign,TN,Pathogenic,FP
HBA1:c.262C>T,NM_000558.5:c.262C>T,Missense codons,P/LP,Pathogenic,Pathogenic,TP,Pathogenic,TP,Pathogenic,TP,Pathogenic,TP,Pathogenic,TP,Pathogenic,TP
HBA1:c.283G>A,NM_000558.5:c.283G>A,Missense codons,P/LP,Pathogenic,Pathogenic,TP,Pathogenic,TP,NA,NA,Pathogenic,TP,Pathogenic,TP,Pathogenic,TP
HBA1:c.362C>A,NM_000558.5:c.362C>A,Missense codons,B/LB,Benign,Pathogenic,FP,Benign,TN,Benign,TN,Benign,TN,Benign,TN,Benign,TN
HBA1:c.84G>C,NM_000558.5:c.84G>C,Missense codons,B/LB,Benign,Pathogenic,FP,NA,NA,Benign,TN,Pathogenic,FP,Pathogenic,FP,Pathogenic,FP
HBA2:c.45G>A,NM_000517.4:c.45G>A,Stop gained,P/LP,Pathogenic,Pathogenic,TP,NA,NA,NA,NA,Pathogenic,TP,Pathogenic,TP,NA,NA
HBA2:c.382A>T,NM_000517.4:c.382A>T,Stop gained,P/LP,Pathogenic,Pathogenic,TP,NA,NA,NA,NA,Pathogenic,TP,Pathogenic,TP,NA,NA
HBB:c.209delG,NM_000518.4:c.209delG,Frameshift,P/LP,Pathogenic,NA,NA,NA,NA,NA,NA,NA,NA,NA,NA,NA,NA
HBB:c.199_207dupAAAGTGCTC,NM_000518.4:c.199_207dupAAAGTGCTC,Inframe indels,P/LP,Pathogenic,NA,NA,NA,NA,NA,NA,NA,NA,NA,NA,NA,NA
HBA2:c.428A>T,NM_000517.4:c.428A>T,Stop lost,P/LP,Pathogenic,Pathogenic,TP,NA,NA,NA,NA,Pathogenic,TP,Benign,FN,NA,NA
HBA2:c.343_344insCC,NM_000517.4:c.343_344insCC,Frameshift,P/LP,Pathogenic,NA,NA,NA,NA,NA,NA,NA,NA,NA,NA,NA,NA
HBA1:c.193G>A,NM_000558.5:c.193G>A,Missense codons,P/LP,Pathogenic,Pathogenic,TP,Benign,FN,Benign,FN,Benign,FN,Pathogenic,TP,Benign,FN
HBA1:c.151_152insGGAGCC,NM_000558.5:c.151_152insGGAGCC,Inframe indels,P/LP,Pathogenic,NA,NA,NA,NA,NA,NA,NA,NA,NA,NA,NA,NA
HBB:c.-21T>A,NM_000518.4:c.-21T>A,5'UTR,P/LP,Pathogenic,Pathogenic,TP,NA,NA,NA,NA,NA,NA,NA,NA,NA,NA
HBA2:c.77G>A,NM_000517.4:c.77G>A,Missense codons,P/LP,Pathogenic,Pathogenic,TP,NA,NA,Pathogenic,TP,Pathogenic,TP,Pathogenic,TP,Pathogenic,TP
HBA1:c.283_300+3dup,NM_000558.5:c.283_300+3dup,Inframe indels,P/LP,Pathogenic,NA,NA,NA,NA,NA,NA,NA,NA,NA,NA,NA,NA
HBB:c.122G>C,NM_000518.4:c.122G>C,Missense codons,P/LP,Pathogenic,Pathogenic,TP,Pathogenic,TP,Pathogenic,TP,Pathogenic,TP,Pathogenic,TP,Pathogenic,TP
HBB:c.-176C>T,NM_000518.4:c.-176C>T,Promoter,B/LB,Benign,Benign,TN,NA,NA,NA,NA,NA,NA,NA,NA,NA,NA
HBA2:c.264C>A,NM_000517.4:c.264C>A,Missense codons,P/LP,Pathogenic,Pathogenic,TP,NA,NA,NA,NA,Pathogenic,TP,Pathogenic,TP,Pathogenic,TP
HBB:c.44delT,NM_000518.4:c.44delT,Frameshift,P/LP,Pathogenic,NA,NA,NA,NA,NA,NA,NA,NA,NA,NA,NA,NA
HBB:c.-75G>T,NM_000518.4:c.-75G>T,Promoter,P/LP,Pathogenic,Pathogenic,TP,NA,NA,NA,NA,NA,NA,NA,NA,NA,NA
HBA1:c.329T>C,NM_000558.5:c.329T>C,Missense codons,P/LP,Pathogenic,Pathogenic,TP,Pathogenic,TP,Pathogenic,TP,Pathogenic,TP,Pathogenic,TP,Pathogenic,TP
HBA2:c.206delA,NM_000517.4:c.206delA,Frameshift,P/LP,Pathogenic,NA,NA,NA,NA,NA,NA,NA,NA,NA,NA,NA,NA
HBA2:c.356C>T,NM_000517.4:c.356C>T,Missense codons,P/LP,Pathogenic,Pathogenic,TP,NA,NA,NA,NA,Pathogenic,TP,Pathogenic,TP,Pathogenic,TP
HBA2:c.275T>G,NM_000517.4:c.275T>G,Missense codons,B/LB,Benign,Pathogenic,FP,NA,NA,Pathogenic,FP,Pathogenic,FP,Pathogenic,FP,Pathogenic,FP
HBB:c.129delT,NM_000518.4:c.129delT,Frameshift,P/LP,Pathogenic,NA,NA,NA,NA,NA,NA,NA,NA,NA,NA,NA,NA
HBA2:c.149_172del,NM_000517.4:c.149_172del,Inframe indels,P/LP,Pathogenic,NA,NA,NA,NA,NA,NA,NA,NA,NA,NA,NA,NA
HBA2:c.275T>A,NM_000517.4:c.275T>A,Missense codons,B/LB,Benign,Pathogenic,FP,NA,NA,Pathogenic,FP,Pathogenic,FP,Pathogenic,FP,Pathogenic,FP
HBA2:c.96-1G>A,NM_000517.4:c.96-1G>A,Splice acceptor,P/LP,Pathogenic,Pathogenic,TP,NA,NA,NA,NA,NA,NA,NA,NA,NA,NA
HBB:c.24dupG,NM_000518.4:c.24dupG,Frameshift,P/LP,Pathogenic,NA,NA,NA,NA,NA,NA,NA,NA,NA,NA,NA,NA
HBB:c.158delA,NM_000518.4:c.158delA,Frameshift,P/LP,Pathogenic,NA,NA,NA,NA,NA,NA,NA,NA,NA,NA,NA,NA
HBB:c.142_142dupG,NM_000518.4:c.142_142dupG,Frameshift,P/LP,Pathogenic,NA,NA,NA,NA,NA,NA,NA,NA,NA,NA,NA,NA
HBB:c.434A>C,NM_000518.4:c.434A>C,Missense codons,P/LP,Pathogenic,Pathogenic,TP,Pathogenic,TP,NA,NA,Pathogenic,TP,Pathogenic,TP,Pathogenic,TP
HBB:c.119A>C,NM_000518.4:c.119A>C,Missense codons,P/LP,Pathogenic,Pathogenic,TP,Pathogenic,TP,Pathogenic,TP,Pathogenic,TP,Pathogenic,TP,Pathogenic,TP
HBB:c.270_273delTGAG,NM_000518.4:c.270_273delTGAG,Frameshift,P/LP,Pathogenic,NA,NA,NA,NA,NA,NA,NA,NA,NA,NA,NA,NA
HBB:c.296_297dup,NM_000518.4:c.296_297dup,Frameshift,P/LP,Pathogenic,NA,NA,NA,NA,NA,NA,NA,NA,NA,NA,NA,NA
HBB:c.215T>A,NM_000518.4:c.215T>A,Missense codons,P/LP,Pathogenic,Pathogenic,TP,Pathogenic,TP,NA,NA,Pathogenic,TP,Pathogenic,TP,Pathogenic,TP
HBA2:c.-81C>A,NM_000517.4:c.-81C>A,Promoter,B/LB,Benign,Benign,TN,NA,NA,NA,NA,NA,NA,NA,NA,NA,NA
HBB:c.126C>A,NM_000518.4:c.126C>A,Missense codons,B/LB,Benign,Pathogenic,FP,Pathogenic,FP,NA,NA,Pathogenic,FP,Pathogenic,FP,Pathogenic,FP
HBB:c.363A>T,NM_000518.4:c.363A>T,Missense codons,B/LB,Benign,Pathogenic,FP,Benign,TN,NA,NA,Benign,TN,Benign,TN,Pathogenic,FP
HBB:c.62T>C,NM_000518.4:c.62T>C,Missense codons,P/LP,Pathogenic,Pathogenic,TP,Benign,FN,NA,NA,Benign,FN,Benign,FN,Pathogenic,TP
HBB:c.257T>G,NM_000518.4:c.257T>G,Missense codons,P/LP,Pathogenic,Pathogenic,TP,Pathogenic,TP,Pathogenic,TP,Pathogenic,TP,Pathogenic,TP,Pathogenic,TP
HBA1:c.84G>T,NM_000558.5:c.84G>T,Missense codons,B/LB,Benign,Pathogenic,FP,NA,NA,Benign,TN,Pathogenic,FP,Pathogenic,FP,Pathogenic,FP
HBA1:c.98T>C,NM_000558.5:c.98T>C,Splice region variant; Missense codons,P/LP,Pathogenic,Pathogenic,TP,Benign,FN,NA,NA,Pathogenic,TP,Benign,FN,Benign,FN
HBA2:c.-91G>A,NM_000517.4:c.-91G>A,Promoter,P/LP,Pathogenic,Benign,FN,NA,NA,NA,NA,NA,NA,NA,NA,NA,NA
HBB:c.167_179del,NM_000518.4:c.167_179del,Frameshift,P/LP,Pathogenic,NA,NA,NA,NA,NA,NA,NA,NA,NA,NA,NA,NA
HBA1:c.326C>A,NM_000558.5:c.326C>A,Missense codons,P/LP,Pathogenic,Pathogenic,TP,Pathogenic,TP,NA,NA,Pathogenic,TP,Pathogenic,TP,Pathogenic,TP
HBA1:c.85G>A,NM_000558.5:c.85G>A,Missense codons,P/LP,Pathogenic,Pathogenic,TP,Benign,FN,NA,NA,Pathogenic,TP,Pathogenic,TP,Benign,FN
HBB:c.-122T>A,NM_000518.4:c.-122T>A,Promoter,P/LP,Pathogenic,Pathogenic,TP,NA,NA,NA,NA,NA,NA,NA,NA,NA,NA
HBA2:c.107C>T,NM_000517.4:c.107C>T,Missense codons,P/LP,Pathogenic,Pathogenic,TP,NA,NA,NA,NA,Benign,FN,Pathogenic,TP,Pathogenic,TP
HBB:c.9T>C,NM_000518.4:c.9T>C,Synonymous substitution,B/LB,Benign,Benign,TN,NA,NA,NA,NA,NA,NA,NA,NA,NA,NA
HBB:c.315+81C>T,NM_000518.4:c.315+81C>T,Missense codons,B/LB,Benign,Benign,TN,NA,NA,NA,NA,NA,NA,NA,NA,NA,NA
HBB:c.315+255T>C,NM_000518.4:c.315+255T>C,Missense codons,B/LB,Benign,Benign,TN,NA,NA,NA,NA,NA,NA,NA,NA,NA,NA
HBB:c.316-208C>G,NM_000518.4:c.316-208C>G,Missense codons,B/LB,Benign,Benign,TN,NA,NA,NA,NA,NA,NA,NA,NA,NA,NA
HBB:c.8delA,NM_000518.4:c.8delA,Frameshift,P/LP,Pathogenic,NA,NA,NA,NA,NA,NA,NA,NA,NA,NA,NA,NA
HBB:c.206_212delTCGGTGC,NM_000518.4:c.206_212delTCGGTGC,Frameshift,P/LP,Pathogenic,NA,NA,NA,NA,NA,NA,NA,NA,NA,NA,NA,NA
HBB:c.108C>G,NM_000518.4:c.108C>G,Stop gained,P/LP,Pathogenic,Pathogenic,TP,NA,NA,NA,NA,Pathogenic,TP,Pathogenic,TP,NA,NA
HBB:c.335-346del12bp,NM_000518.4:c.335-346del12bp,Inframe indels,P/LP,Pathogenic,NA,NA,NA,NA,NA,NA,NA,NA,NA,NA,NA,NA
HBA2:c.3G>T,NM_000517.4:c.3G>T,Initiation codon,P/LP,Pathogenic,Pathogenic,TP,NA,NA,Pathogenic,TP,Pathogenic,TP,Pathogenic,TP,Pathogenic,TP
HBA2:c.358C>T,NM_000517.4:c.358C>T,Missense codons,P/LP,Pathogenic,Pathogenic,TP,NA,NA,NA,NA,Pathogenic,TP,Pathogenic,TP,Pathogenic,TP
HBA2:c.364_366dupGTG,NM_000517.4:c.364_366dupGTG,Inframe indels,P/LP,Pathogenic,NA,NA,NA,NA,NA,NA,NA,NA,NA,NA,NA,NA
HBA1:c.91G>T,NM_000558.5:c.91G>T,Stop gained,P/LP,Pathogenic,Pathogenic,TP,NA,NA,NA,NA,Pathogenic,TP,Pathogenic,TP,NA,NA
HBA1:c.300+1G>A,NM_000558.5:c.300+1G>A,Splice donor,P/LP,Pathogenic,Pathogenic,TP,NA,NA,NA,NA,NA,NA,NA,NA,NA,NA
HBA1:c.85G>T,NM_000558.5:c.85G>T,Missense codons,P/LP,Pathogenic,Pathogenic,TP,Benign,FN,NA,NA,Pathogenic,TP,Pathogenic,TP,Benign,FN
HBA2:c.95+27C>T,NM_000517.4:c.95+27C>T,Missense codons,B/LB,Benign,Benign,TN,NA,NA,NA,NA,NA,NA,NA,NA,NA,NA
HBA1:c.354_355insTCA,NM_000558.5:c.354_355insTCA,Inframe indels,P/LP,Pathogenic,NA,NA,NA,NA,NA,NA,NA,NA,NA,NA,NA,NA
HBA2:c.55G>C,NM_000517.4:c.55G>C,Missense codons,B/LB,Benign,Pathogenic,FP,NA,NA,NA,NA,Pathogenic,FP,Pathogenic,FP,Pathogenic,FP
HBA2: c.157_180del,NM_000517.4: c.157_180del,Inframe indels,P/LP,Pathogenic,NA,NA,NA,NA,NA,NA,NA,NA,NA,NA,NA,NA
HBA2:c.367C>T,NM_000517.4:c.367C>T,Missense codons,P/LP,Pathogenic,Pathogenic,TP,NA,NA,NA,NA,Pathogenic,TP,Pathogenic,TP,Pathogenic,TP
HBB:c.271delG,NM_000518.4:c.271delG,Frameshift,P/LP,Pathogenic,NA,NA,NA,NA,NA,NA,NA,NA,NA,NA,NA,NA
HBB:c.*115_*116delAA,NM_000518.4:c.*115_*116delAA,RNA cleavage - Poly(A) signal,P/LP,Pathogenic,NA,NA,NA,NA,NA,NA,NA,NA,NA,NA,NA,NA
HBA1:c.95+1G>C,NM_000558.5:c.95+1G>C,Splice donor,P/LP,Pathogenic,Pathogenic,TP,NA,NA,NA,NA,NA,NA,NA,NA,NA,NA
HBA2:c.1A>T,NM_000517.4:c.1A>T,Initiation codon,P/LP,Pathogenic,Pathogenic,TP,NA,NA,NA,NA,Pathogenic,TP,Benign,FN,Pathogenic,TP
HBA2:c.-3delA,NM_000517.4:c.-3delA,Initiation codon,P/LP,Pathogenic,NA,NA,NA,NA,NA,NA,NA,NA,NA,NA,NA,NA
HBA2:c.143_146delACCT,NM_000517.4:c.143_146delACCT,Frameshift,P/LP,Pathogenic,NA,NA,NA,NA,NA,NA,NA,NA,NA,NA,NA,NA
HBA2:c.169_170delAA,NM_000517.4:c.169_170delAA,Frameshift,P/LP,Pathogenic,NA,NA,NA,NA,NA,NA,NA,NA,NA,NA,NA,NA
HBA2:c.220_223delGTGG,NM_000517.4:c.220_223delGTGG,Frameshift,P/LP,Pathogenic,NA,NA,NA,NA,NA,NA,NA,NA,NA,NA,NA,NA
HBA2:c.313T>A,NM_000517.4:c.313T>A,Missense codons,P/LP,Pathogenic,Pathogenic,TP,NA,NA,NA,NA,Pathogenic,TP,Benign,FN,Benign,FN
HBB:c.272_295dup,NM_000518.4:c.272_295dup,Inframe indels,P/LP,Pathogenic,NA,NA,NA,NA,NA,NA,NA,NA,NA,NA,NA,NA
HBB:c.178_179insT,NM_000518.4:c.178_179insT,Frameshift,P/LP,Pathogenic,NA,NA,NA,NA,NA,NA,NA,NA,NA,NA,NA,NA
HBA2:c.300+55T>G,NM_000517.4:c.300+55T>G,Missense codons,B/LB,Benign,Benign,TN,NA,NA,NA,NA,NA,NA,NA,NA,NA,NA
HBB:c.93-23T>C,NM_000518.4:c.93-23T>C,Missense codons,B/LB,Benign,Benign,TN,NA,NA,NA,NA,NA,NA,NA,NA,NA,NA
HBA1:c.171_172insAGCCACGGCTCTGCCCAAGTTAGG,NM_000558.5:c.171_172insAGCCACGGCTCTGCCCAAGTTAGG,Inframe indels,P/LP,Pathogenic,NA,NA,NA,NA,NA,NA,NA,NA,NA,NA,NA,NA
HBA2:c.168dup,NM_000517.4:c.168dup,Stop gained,P/LP,Pathogenic,NA,NA,NA,NA,NA,NA,NA,NA,NA,NA,NA,NA
HBA2:c.283_300+3dup,NM_000517.4:c.283_300+3dup,Inframe indels,P/LP,Pathogenic,NA,NA,NA,NA,NA,NA,NA,NA,NA,NA,NA,NA
HBA2:c.345delC,NM_000517.4:c.345delC,Frameshift,P/LP,Pathogenic,NA,NA,NA,NA,NA,NA,NA,NA,NA,NA,NA,NA
HBA1:c.2T>A,NM_000558.5:c.2T>A,Initiation codon,P/LP,Pathogenic,Pathogenic,TP,NA,NA,Pathogenic,TP,Pathogenic,TP,Pathogenic,TP,Pathogenic,TP
HBA1:c.176A>T,NM_000558.5:c.176A>T,Missense codons,P/LP,Pathogenic,Pathogenic,TP,Pathogenic,TP,NA,NA,Pathogenic,TP,Benign,FN,Pathogenic,TP
NG_000007.3:g.72080A>G,NG_000007.3:g.72080A>G,Other 3'UTR site,B/LB,Benign,Benign,TN,NA,NA,NA,NA,NA,NA,NA,NA,NA,NA
HBA2:c.94A>T,NM_000517.4:c.94A>T,Splice region variant; Missense codons,P/LP,Pathogenic,Pathogenic,TP,NA,NA,Pathogenic,TP,Pathogenic,TP,Pathogenic,TP,Pathogenic,TP
HBB:c.-140C>G,NM_000518.4:c.-140C>G,Promoter,P/LP,Pathogenic,Pathogenic,TP,NA,NA,NA,NA,NA,NA,NA,NA,NA,NA
HBB:c.237_256delGGACAACCTCAAGGGCACCT,NM_000518.4:c.237_256delGGACAACCTCAAGGGCACCT,Frameshift,P/LP,Pathogenic,NA,NA,NA,NA,NA,NA,NA,NA,NA,NA,NA,NA
HBB:c.315+2T>G,NM_000518.4:c.315+2T>G,Splice donor,P/LP,Pathogenic,Pathogenic,TP,NA,NA,NA,NA,NA,NA,NA,NA,NA,NA
HBB:c.376_380dupCCAGT,NM_000518.4:c.376_380dupCCAGT,Frameshift,P/LP,Pathogenic,NA,NA,NA,NA,NA,NA,NA,NA,NA,NA,NA,NA
HBB:c.349del,NM_000518.4:c.349del,Frameshift,P/LP,Pathogenic,NA,NA,NA,NA,NA,NA,NA,NA,NA,NA,NA,NA
HBB:c.92+44G>A,NM_000518.4:c.92+44G>A,Missense codons,B/LB,Benign,Benign,TN,NA,NA,NA,NA,NA,NA,NA,NA,NA,NA
HBB:c.315+209_315+212delTTTT,NM_000518.4:c.315+209_315+212delTTTT,Missense codons,B/LB,Benign,NA,NA,NA,NA,NA,NA,NA,NA,NA,NA,NA,NA
HBB:c.408delT,NM_000518.4:c.408delT,Frameshift,P/LP,Pathogenic,NA,NA,NA,NA,NA,NA,NA,NA,NA,NA,NA,NA
HBA1:c.99G>A,NM_000558.5:c.99G>A,Missense codons,P/LP,Pathogenic,Pathogenic,TP,Pathogenic,TP,NA,NA,Pathogenic,TP,Pathogenic,TP,Pathogenic,TP
HBB:c.265_266del,NM_000518.4:c.265_266del,Frameshift,P/LP,Pathogenic,NA,NA,NA,NA,NA,NA,NA,NA,NA,NA,NA,NA
HBA1:c.69C>T,NM_000558.5:c.69C>T,"Cryptic splice site, Synonymous substitution",P/LP,Pathogenic,Pathogenic,TP,NA,NA,NA,NA,NA,NA,NA,NA,NA,NA
HBA1:c.70G>T,NM_000558.5:c.70G>T,Stop gained,P/LP,Pathogenic,Pathogenic,TP,NA,NA,NA,NA,Pathogenic,TP,Pathogenic,TP,NA,NA
HBA1:c.178G>C,NM_000558.5:c.178G>C,Missense codons,P/LP,Pathogenic,Pathogenic,TP,Pathogenic,TP,Pathogenic,TP,Pathogenic,TP,Pathogenic,TP,Pathogenic,TP
HBA1:c.393_394insT,NM_000558.5:c.393_394insT,Frameshift,P/LP,Pathogenic,NA,NA,NA,NA,NA,NA,NA,NA,NA,NA,NA,NA
HBA2:c.184A>T,NM_000517.4:c.184A>T,Stop gained,P/LP,Pathogenic,Pathogenic,TP,NA,NA,NA,NA,Pathogenic,TP,Pathogenic,TP,NA,NA
HBB:c.268_281delAGTGAGCTGCACTG,NM_000518.4:c.268_281delAGTGAGCTGCACTG,Stop gained,P/LP,Pathogenic,NA,NA,NA,NA,NA,NA,NA,NA,NA,NA,NA,NA
HBB:c.23delA,NM_000518.4:c.23delA,Frameshift,P/LP,Pathogenic,NA,NA,NA,NA,NA,NA,NA,NA,NA,NA,NA,NA
HBB:c.34_42delGTTACTGCC,NM_000518.4:c.34_42delGTTACTGCC,Inframe indels,P/LP,Pathogenic,NA,NA,NA,NA,NA,NA,NA,NA,NA,NA,NA,NA
HBB:c.182_187delTGAAGG,NM_000518.4:c.182_187delTGAAGG,Inframe indels,P/LP,Pathogenic,NA,NA,NA,NA,NA,NA,NA,NA,NA,NA,NA,NA
HBB:c.235dupC,NM_000518.4:c.235dupC,Frameshift,P/LP,Pathogenic,NA,NA,NA,NA,NA,NA,NA,NA,NA,NA,NA,NA
HBA2:c.*136A>G,NM_000517.4:c.*136A>G,Downstream transcript variant,B/LB,Benign,Benign,TN,NA,NA,NA,NA,NA,NA,NA,NA,NA,NA
HBA1:c.*46C>A,NM_000558.5:c.*46C>A,Other 3'UTR site,B/LB,Benign,Benign,TN,NA,NA,NA,NA,NA,NA,NA,NA,NA,NA
HBA2:c.379delG,NM_000517.4:c.379delG,Frameshift,P/LP,Pathogenic,NA,NA,NA,NA,NA,NA,NA,NA,NA,NA,NA,NA
HBB:c.77_79delGTG,NM_000518.4:c.77_79delGTG,Inframe indels,P/LP,Pathogenic,NA,NA,NA,NA,NA,NA,NA,NA,NA,NA,NA,NA
HBB:c.348_349delinsG,NM_000518.4:c.348_349delinsG,Frameshift,P/LP,Pathogenic,NA,NA,NA,NA,NA,NA,NA,NA,NA,NA,NA,NA
HBA1:c.221delT,NM_000558.5:c.221delT,Frameshift,P/LP,Pathogenic,NA,NA,NA,NA,NA,NA,NA,NA,NA,NA,NA,NA
HBA2:c.414C>T,NM_000517.4:c.414C>T,Synonymous substitution,B/LB,Benign,Pathogenic,FP,NA,NA,NA,NA,NA,NA,NA,NA,NA,NA
HBA1:c.184A>T,NM_000558.5:c.184A>T,Stop gained,P/LP,Pathogenic,Pathogenic,TP,NA,NA,NA,NA,Pathogenic,TP,Pathogenic,TP,NA,NA
HBB:c.-29G>T,NM_000518.4:c.-29G>T,5'UTR,P/LP,Pathogenic,Pathogenic,TP,NA,NA,NA,NA,NA,NA,NA,NA,NA,NA
HBB:c.417dupT,NM_000518.4:c.417dupT,Missense codons,P/LP,Pathogenic,NA,NA,NA,NA,NA,NA,NA,NA,NA,NA,NA,NA
HBB:c.100G>T,NM_000518.4:c.100G>T,Missense codons,P/LP,Pathogenic,Pathogenic,TP,NA,NA,NA,NA,Pathogenic,TP,Pathogenic,TP,Pathogenic,TP
HBA2:c.301-24delGinsCTCGGCCC,NM_000517.4:c.301-24delGinsCTCGGCCC,Missense codons,B/LB,Benign,NA,NA,NA,NA,NA,NA,NA,NA,NA,NA,NA,NA
HBB:c.332T>G,NM_000518.4:c.332T>G,Missense codons,P/LP,Pathogenic,Pathogenic,TP,Pathogenic,TP,Pathogenic,TP,Pathogenic,TP,Pathogenic,TP,Pathogenic,TP
HBB:c.311T>A,NM_000518.4:c.311T>A,Missense codons,P/LP,Pathogenic,Pathogenic,TP,Pathogenic,TP,Pathogenic,TP,Pathogenic,TP,Pathogenic,TP,Pathogenic,TP
HBB:c.-126C>A,NM_000518.4:c.-126C>A,Promoter,P/LP,Pathogenic,Pathogenic,TP,NA,NA,NA,NA,NA,NA,NA,NA,NA,NA
HBB:c.316-202del,NM_000518.4:c.316-202del,Cryptic splice site,P/LP,Pathogenic,NA,NA,NA,NA,NA,NA,NA,NA,NA,NA,NA,NA
HBA1:c.49A>T,NM_000558.5:c.49A>T,Stop gained,P/LP,Pathogenic,Pathogenic,TP,NA,NA,NA,NA,Pathogenic,TP,Benign,FN,NA,NA
HBB:c.30delT,NM_000518.4:c.30delT,Frameshift,P/LP,Pathogenic,NA,NA,NA,NA,NA,NA,NA,NA,NA,NA,NA,NA
HBB:c.442T>C,NM_000518.4:c.442T>C,Stop lost,P/LP,Pathogenic,Pathogenic,TP,NA,NA,NA,NA,Pathogenic,TP,Benign,FN,NA,NA
HBA2:c.118_119insA,NM_000517.4:c.118_119insA,Frameshift,P/LP,Pathogenic,NA,NA,NA,NA,NA,NA,NA,NA,NA,NA,NA,NA
HBA1:c.95+38C>T,NM_000558.5:c.95+38C>T,missense codons,B/LB,Benign,Benign,TN,NA,NA,NA,NA,NA,NA,NA,NA,NA,NA
HBA1:c.264C>G,NM_000558.5:c.264C>G,Missense codons,P/LP,Pathogenic,Pathogenic,TP,Pathogenic,TP,NA,NA,Benign,FN,Pathogenic,TP,Pathogenic,TP
HBB:c.7delC,NM_000518.4:c.7delC,Frameshift,P/LP,Pathogenic,NA,NA,NA,NA,NA,NA,NA,NA,NA,NA,NA,NA
HBA1:c.157_180dupTCTGCCCAGGTTAAGGGCCACGGC,NM_000558.5:c.157_180dupTCTGCCCAGGTTAAGGGCCACGGC,Inframe indels,P/LP,Pathogenic,NA,NA,NA,NA,NA,NA,NA,NA,NA,NA,NA,NA
HBB:c.443A>C,NM_000518.4:c.443A>C,Stop lost,P/LP,Pathogenic,Benign,FN,NA,NA,NA,NA,Pathogenic,TP,Benign,FN,NA,NA
HBB:c.92+13G>T,NM_000518.4:c.92+13G>T,missense codons,B/LB,Benign,Benign,TN,NA,NA,NA,NA,NA,NA,NA,NA,NA,NA
HBB:c.316-272G>C,NM_000518.4:c.316-272G>C,Missense codons,B/LB,Benign,Benign,TN,NA,NA,NA,NA,NA,NA,NA,NA,NA,NA
HBB:c.316-272G>T,NM_000518.4:c.316-272G>T,missense codons,B/LB,Benign,Benign,TN,NA,NA,NA,NA,NA,NA,NA,NA,NA,NA
HBB:c.-48A>T,NM_000518.4:c.-48A>T,5'UTR,P/LP,Pathogenic,Pathogenic,TP,NA,NA,NA,NA,NA,NA,NA,NA,NA,NA
HBB:c.364delG,NM_000518.4:c.364delG,Frameshift,P/LP,Pathogenic,NA,NA,NA,NA,NA,NA,NA,NA,NA,NA,NA,NA
HBB:c.91delA,NM_000518.4:c.91delA,Splice region variant; Frameshift,P/LP,Pathogenic,NA,NA,NA,NA,NA,NA,NA,NA,NA,NA,NA,NA
HBB:c.27delG,NM_000518.4:c.27delG,Frameshift,P/LP,Pathogenic,NA,NA,NA,NA,NA,NA,NA,NA,NA,NA,NA,NA
HBB:c.374dup,NM_000518.4:c.374dup,Frameshift,P/LP,Pathogenic,NA,NA,NA,NA,NA,NA,NA,NA,NA,NA,NA,NA
HBB:c.373C>A,NM_000518.4:c.373C>A,Missense codons,P/LP,Pathogenic,Pathogenic,TP,NA,NA,NA,NA,Pathogenic,TP,Pathogenic,TP,Pathogenic,TP
HBA1:c.130T>C,NM_000558.5:c.130T>C,Missense codons,P/LP,Pathogenic,Pathogenic,TP,Pathogenic,TP,NA,NA,Pathogenic,TP,Pathogenic,TP,Pathogenic,TP
HBB:c.316-30A>C,NM_000518.4:c.316-30A>C,Missense codons,P/LP,Pathogenic,Benign,FN,NA,NA,NA,NA,NA,NA,NA,NA,NA,NA
HBA1:c.158C>G,NM_000558.5:c.158C>G,Missense codons,P/LP,Pathogenic,Pathogenic,TP,NA,NA,NA,NA,Pathogenic,TP,Pathogenic,TP,Pathogenic,TP
HBB:c.9delT,NM_000518.4:c.9delT,Stop gained,P/LP,Pathogenic,NA,NA,NA,NA,NA,NA,NA,NA,NA,NA,NA,NA
HBB:c.-248A>G,NM_000518.4:c.-248A>G,Promoter,P/LP,Pathogenic,Benign,FN,NA,NA,NA,NA,NA,NA,NA,NA,NA,NA
HBB:c.379delG,NM_000518.4:c.379delG,Frameshift,P/LP,Pathogenic,NA,NA,NA,NA,NA,NA,NA,NA,NA,NA,NA,NA
HBA2:c.3G>C,NM_000517.4:c.3G>C,Initiation codon,P/LP,Pathogenic,Pathogenic,TP,NA,NA,Pathogenic,TP,Pathogenic,TP,Pathogenic,TP,Pathogenic,TP
HBB:c.92+6T>G,NM_000518.4:c.92+6T>G,Splice region variant,P/LP,Pathogenic,Pathogenic,TP,NA,NA,NA,NA,NA,NA,NA,NA,NA,NA
HBA2:c.85delG,NM_000517.4:c.85delG,Frameshift,P/LP,Pathogenic,NA,NA,NA,NA,NA,NA,NA,NA,NA,NA,NA,NA
HBA2:c.268_280delCACAAGCTTCGGG,NM_000517.4:c.268_280delCACAAGCTTCGGG,Frameshift,P/LP,Pathogenic,NA,NA,NA,NA,NA,NA,NA,NA,NA,NA,NA,NA
HBB:c.315+16G>C,NM_000518.4:c.315+16G>C,Missense codons,B/LB,Benign,Benign,TN,NA,NA,NA,NA,NA,NA,NA,NA,NA,NA
HBA2:c.277C>G,NM_000517.4:c.277C>G,Missense codons,B/LB,Benign,Pathogenic,FP,NA,NA,NA,NA,Pathogenic,FP,Pathogenic,FP,Pathogenic,FP
HBA1:c.-24C>G,NM_000558.5:c.-24C>G,5'UTR,B/LB,Benign,Benign,TN,NA,NA,NA,NA,NA,NA,NA,NA,NA,NA
HBA1:c.8T>C,NM_000558.5:c.8T>C,Missense codons,B/LB,Benign,Pathogenic,FP,Pathogenic,FP,Pathogenic,FP,Pathogenic,FP,Pathogenic,FP,Pathogenic,FP
HBB:c.-126C>T,NM_000518.4:c.-126C>T,Promoter,P/LP,Pathogenic,Pathogenic,TP,NA,NA,NA,NA,NA,NA,NA,NA,NA,NA
HBB:c.-123A>C,NM_000518.4:c.-123A>C,Promoter,P/LP,Pathogenic,Pathogenic,TP,NA,NA,NA,NA,NA,NA,NA,NA,NA,NA
HBB:c.-123A>G,NM_000518.4:c.-123A>G,Promoter,P/LP,Pathogenic,Pathogenic,TP,NA,NA,NA,NA,NA,NA,NA,NA,NA,NA
HBA2:c.146T>A,NM_000517.4:c.146T>A,Missense codons,B/LB,Benign,Pathogenic,FP,NA,NA,NA,NA,Pathogenic,FP,Pathogenic,FP,Pathogenic,FP
HBA1:c.396T>C,NM_000558.5:c.396T>C,Synonymous substitution,B/LB,Benign,Benign,TN,NA,NA,NA,NA,NA,NA,NA,NA,NA,NA
HBA2:c.285C>T,NM_000517.4:c.285C>T,Synonymous substitution,B/LB,Benign,Benign,TN,NA,NA,NA,NA,NA,NA,NA,NA,NA,NA
HBA2:c.48_49insT,NM_000517.4:c.48_49insT,Stop gained,P/LP,Pathogenic,NA,NA,NA,NA,NA,NA,NA,NA,NA,NA,NA,NA
HBA1:c.184del,NM_000558.5:c.184del,Frameshift,P/LP,Pathogenic,NA,NA,NA,NA,NA,NA,NA,NA,NA,NA,NA,NA
HBA1:c.287C>T,NM_000558.5:c.287C>T,Missense codons,B/LB,Benign,Pathogenic,FP,Pathogenic,FP,Pathogenic,FP,Pathogenic,FP,Pathogenic,FP,Pathogenic,FP
HBA2:c.-41C>G,NM_000517.4:c.-41C>G,Promoter,B/LB,Benign,Benign,TN,NA,NA,NA,NA,NA,NA,NA,NA,NA,NA
HBA2:c.-8A>C,NM_000517.4:c.-8A>C,5'UTR,P/LP,Pathogenic,Benign,FN,NA,NA,NA,NA,NA,NA,NA,NA,NA,NA
HBA1:c.300+55G>T,NM_000558.5:c.300+55G>T,Missense codons,B/LB,Benign,Benign,TN,NA,NA,NA,NA,NA,NA,NA,NA,NA,NA
HBA2:c.*134_*135insT,NM_000517.4:c.*134_*135insT,Downstream transcript variant,B/LB,Benign,NA,NA,NA,NA,NA,NA,NA,NA,NA,NA,NA,NA
HBA1:c.-42C>T,NM_000558.5:c.-42C>T,Promoter,B/LB,Benign,Benign,TN,NA,NA,NA,NA,NA,NA,NA,NA,NA,NA
HBA2:c.95+1G>A,NM_000517.4:c.95+1G>A,Splice donor,P/LP,Pathogenic,Pathogenic,TP,NA,NA,NA,NA,NA,NA,NA,NA,NA,NA
HBA1:c.273G>C,NM_000558.5:c.273G>C,Missense codons,B/LB,Benign,Pathogenic,FP,NA,NA,Benign,TN,Benign,TN,Pathogenic,FP,Benign,TN
HBA1:c.70G>C,NM_000558.5:c.70G>C,Missense codons,P/LP,Pathogenic,Pathogenic,TP,Benign,FN,Benign,FN,Benign,FN,Benign,FN,Benign,FN
HBA2:c.379G>A,NM_000517.4:c.379G>A,Missense codons,P/LP,Pathogenic,Pathogenic,TP,NA,NA,NA,NA,Pathogenic,TP,Pathogenic,TP,Pathogenic,TP
HBA1:c.223G>A,NM_000558.5:c.223G>A,Missense codons,B/LB,Benign,Pathogenic,FP,Benign,TN,Benign,TN,Pathogenic,FP,Pathogenic,FP,Pathogenic,FP
HBA1:c.226G>A,NM_000558.5:c.226G>A,Missense codons,B/LB,Benign,Pathogenic,FP,Benign,TN,Benign,TN,Benign,TN,Pathogenic,FP,Benign,TN
HBA2:c.46G>C,NM_000517.4:c.46G>C,Missense codons,B/LB,Benign,Pathogenic,FP,NA,NA,Benign,TN,Benign,TN,Benign,TN,Benign,TN
HBA2:c.118_120delACC,NM_000517.4:c.118_120delACC,Inframe indels,P/LP,Pathogenic,NA,NA,NA,NA,NA,NA,NA,NA,NA,NA,NA,NA
HBA1:c.95+39C>T,NM_000558.5:c.95+39C>T,Missense codons,B/LB,Benign,Benign,TN,NA,NA,NA,NA,NA,NA,NA,NA,NA,NA
HBA2:c.95+36C>T,NM_000517.4:c.95+36C>T,Missense codons,B/LB,Benign,Benign,TN,NA,NA,NA,NA,NA,NA,NA,NA,NA,NA
HBA2:c.95+39C>T,NM_000517.4:c.95+39C>T,Missense codons,B/LB,Benign,Benign,TN,NA,NA,NA,NA,NA,NA,NA,NA,NA,NA
HBB:c.432C>T,NM_000518.4:c.432C>T,Synonymous substitution,B/LB,Benign,Benign,TN,NA,NA,NA,NA,NA,NA,NA,NA,NA,NA
HBB:c.316-37G>T,NM_000518.4:c.316-37G>T,Missense codons,B/LB,Benign,Benign,TN,NA,NA,NA,NA,NA,NA,NA,NA,NA,NA
HBB:c.316-184T>C,NM_000518.4:c.316-184T>C,Missense codons,B/LB,Benign,Benign,TN,NA,NA,NA,NA,NA,NA,NA,NA,NA,NA
HBB:c.315+70G>C,NM_000518.4:c.315+70G>C,Missense codons,B/LB,Benign,Benign,TN,NA,NA,NA,NA,NA,NA,NA,NA,NA,NA
HBB:c.315+26T>G,NM_000518.4:c.315+26T>G,Missense codons,B/LB,Benign,Benign,TN,NA,NA,NA,NA,NA,NA,NA,NA,NA,NA
HBB:c.288G>A,NM_000518.4:c.288G>A,Synonymous substitution,B/LB,Benign,Benign,TN,NA,NA,NA,NA,NA,NA,NA,NA,NA,NA
HBB:c.246C>G,NM_000518.4:c.246C>G,Synonymous substitution,B/LB,Benign,Benign,TN,NA,NA,NA,NA,NA,NA,NA,NA,NA,NA
HBB:c.207C>T,NM_000518.4:c.207C>T,Synonymous substitution,B/LB,Benign,Benign,TN,NA,NA,NA,NA,NA,NA,NA,NA,NA,NA
HBB:c.174C>T,NM_000518.4:c.174C>T,Synonymous substitution,B/LB,Benign,Benign,TN,NA,NA,NA,NA,NA,NA,NA,NA,NA,NA
HBB:c.171C>T,NM_000518.4:c.171C>T,Synonymous substitution,B/LB,Benign,Benign,TN,NA,NA,NA,NA,NA,NA,NA,NA,NA,NA
HBB:c.84C>T,NM_000518.4:c.84C>T,Synonymous substitution,B/LB,Benign,Pathogenic,FP,NA,NA,NA,NA,NA,NA,NA,NA,NA,NA
HBA1:c.95+41G>T,NM_000558.5:c.95+41G>T,Missense codons,B/LB,Benign,Benign,TN,NA,NA,NA,NA,NA,NA,NA,NA,NA,NA
HBA2:c.300+64A>G,NM_000517.4:c.300+64A>G,Missense codons,B/LB,Benign,Benign,TN,NA,NA,NA,NA,NA,NA,NA,NA,NA,NA
HBB:c.402G>C,NM_000518.4:c.402G>C,Synonymous substitution,B/LB,Benign,Benign,TN,NA,NA,NA,NA,NA,NA,NA,NA,NA,NA
HBA2:c.-43G>C,NM_000517.4:c.-43G>C,Promoter,B/LB,Benign,Benign,TN,NA,NA,NA,NA,NA,NA,NA,NA,NA,NA
